JvmtiExport can_access_local_variables 0
JvmtiExport can_hotswap_or_post_breakpoint 0
JvmtiExport can_post_on_exceptions 0
# 634 ciObject found
instanceKlass com/sun/corba/ee/impl/presentation/rmi/DynamicMethodMarshallerImpl$ReaderWriterBase
instanceKlass com/sun/corba/ee/impl/presentation/rmi/DynamicMethodMarshallerImpl$ReaderWriter
instanceKlass com/sun/corba/ee/impl/presentation/rmi/ExceptionHandler
instanceKlass com/sun/corba/ee/impl/presentation/rmi/DynamicMethodMarshallerImpl
instanceKlass javax/rmi/PortableRemoteObject
instanceKlass com/sun/corba/ee/impl/presentation/rmi/StubInvocationHandlerImpl
instanceKlass org/glassfish/pfl/basic/proxy/LinkedInvocationHandler
instanceKlass com/sun/corba/ee/impl/presentation/rmi/codegen/StubFactoryCodegenImpl$3
instanceKlass org/glassfish/pfl/dynamic/codegen/impl/CodeGeneratorUtil$1
instanceKlass org/glassfish/pfl/dynamic/codegen/impl/CodeGeneratorUtil
instanceKlass org/glassfish/pfl/objectweb/asm/MethodAdapter
instanceKlass org/glassfish/pfl/objectweb/asm/Attribute
instanceKlass org/glassfish/pfl/objectweb/asm/ClassAdapter
instanceKlass org/glassfish/pfl/objectweb/asm/ClassReader
instanceKlass org/glassfish/pfl/dynamic/codegen/impl/ByteCodeUtility$1
instanceKlass org/glassfish/pfl/objectweb/asm/Frame
instanceKlass org/glassfish/pfl/objectweb/asm/Edge
instanceKlass org/glassfish/pfl/objectweb/asm/Type
instanceKlass org/glassfish/pfl/objectweb/asm/MethodWriter
instanceKlass org/glassfish/pfl/dynamic/codegen/impl/EmitterFactory$CompoundEmitter
instanceKlass org/glassfish/pfl/dynamic/codegen/impl/EmitterFactory$NullEmitter
instanceKlass org/glassfish/pfl/dynamic/codegen/impl/ByteCodeUtility
instanceKlass org/glassfish/pfl/dynamic/codegen/impl/ASMSetupVisitor$1
instanceKlass org/glassfish/pfl/dynamic/codegen/impl/EmitterFactory$IntOperandEmitter
instanceKlass org/glassfish/pfl/dynamic/codegen/impl/EmitterFactory$SimpleEmitter
instanceKlass org/glassfish/pfl/dynamic/codegen/impl/EmitterFactory
instanceKlass org/glassfish/pfl/dynamic/codegen/impl/ASMSetupVisitor$SlotAllocator
instanceKlass org/glassfish/pfl/objectweb/asm/Item
instanceKlass org/glassfish/pfl/objectweb/asm/ByteVector
instanceKlass org/glassfish/pfl/objectweb/asm/MethodVisitor
instanceKlass org/glassfish/pfl/objectweb/asm/FieldVisitor
instanceKlass org/glassfish/pfl/objectweb/asm/AnnotationVisitor
instanceKlass org/glassfish/pfl/objectweb/asm/ClassWriter
instanceKlass org/glassfish/pfl/dynamic/codegen/impl/ASMUtil$3
instanceKlass org/glassfish/pfl/dynamic/codegen/impl/ASMUtil$2
instanceKlass org/glassfish/pfl/dynamic/codegen/impl/EmitterFactory$Emitter
instanceKlass org/glassfish/pfl/objectweb/asm/Label
instanceKlass org/glassfish/pfl/dynamic/codegen/impl/Attribute
instanceKlass org/glassfish/pfl/dynamic/codegen/impl/ASMUtil$1
instanceKlass org/glassfish/pfl/objectweb/asm/ClassVisitor
instanceKlass org/glassfish/pfl/dynamic/codegen/impl/ASMUtil
instanceKlass org/glassfish/pfl/dynamic/codegen/spi/Primitives
instanceKlass com/sun/corba/se/impl/orbutil/GetPropertyAction
instanceKlass org/glassfish/pfl/dynamic/copyobject/impl/ClassCopierOrdinaryImpl$ConstructorFactory$1
instanceKlass org/glassfish/pfl/dynamic/copyobject/impl/ClassCopierOrdinaryImpl$ConstructorFactory
instanceKlass org/glassfish/pfl/dynamic/copyobject/impl/ClassCopierOrdinaryImpl$4
instanceKlass org/glassfish/pfl/dynamic/copyobject/spi/Copy
instanceKlass org/glassfish/pfl/dynamic/copyobject/impl/ClassCopierOrdinaryImpl$ClassFieldCopierUnsafeImpl$UnsafeFieldCopier
instanceKlass org/glassfish/pfl/dynamic/copyobject/impl/ClassCopierOrdinaryImpl$ClassFieldCopierUnsafeImpl
instanceKlass org/glassfish/pfl/dynamic/copyobject/impl/ClassCopierOrdinaryImpl$ClassFieldCopier
instanceKlass org/glassfish/pfl/dynamic/copyobject/impl/ClassCopierOrdinaryImpl$3
instanceKlass org/glassfish/pfl/dynamic/copyobject/spi/Immutable
instanceKlass org/glassfish/pfl/dynamic/copyobject/impl/JavaStreamObjectCopierImpl
instanceKlass org/glassfish/pfl/dynamic/copyobject/impl/ObjectCopierImpl$1
instanceKlass org/glassfish/pfl/dynamic/copyobject/impl/DefaultClassCopiers
instanceKlass org/glassfish/pfl/dynamic/copyobject/impl/DefaultClassCopierFactories$1
instanceKlass org/glassfish/pfl/dynamic/copyobject/impl/ClassCopierFactoryArrayImpl
instanceKlass org/glassfish/pfl/dynamic/copyobject/impl/DefaultClassCopierFactories$3
instanceKlass org/glassfish/pfl/dynamic/copyobject/impl/DefaultClassCopierFactories$2
instanceKlass java/lang/Process
instanceKlass java/lang/ProcessBuilder
instanceKlass org/glassfish/pfl/dynamic/copyobject/impl/ClassCopierFactoryPipelineImpl
instanceKlass org/glassfish/pfl/dynamic/copyobject/impl/CachingClassCopierFactory
instanceKlass org/glassfish/pfl/dynamic/copyobject/impl/PipelineClassCopierFactory
instanceKlass org/glassfish/pfl/dynamic/copyobject/impl/DefaultClassCopierFactories
instanceKlass org/glassfish/pfl/dynamic/copyobject/impl/ClassCopierFactory
instanceKlass org/glassfish/pfl/dynamic/copyobject/impl/ObjectCopierImpl
instanceKlass org/glassfish/pfl/dynamic/copyobject/spi/DefaultCopier
instanceKlass org/glassfish/pfl/dynamic/codegen/impl/TreeWalker
instanceKlass org/glassfish/pfl/basic/contain/MarkStack
instanceKlass org/glassfish/pfl/dynamic/codegen/impl/TreeWalkerContext
instanceKlass org/glassfish/pfl/dynamic/codegen/impl/Visitor
instanceKlass org/glassfish/pfl/dynamic/codegen/impl/Util
instanceKlass org/glassfish/pfl/dynamic/codegen/impl/CodeGenerator
instanceKlass org/glassfish/pfl/dynamic/codegen/impl/CurrentClassLoader
instanceKlass org/glassfish/pfl/dynamic/codegen/impl/ImportListImpl
instanceKlass org/glassfish/pfl/dynamic/copyobject/impl/ClassCopierOrdinaryImpl$1
instanceKlass org/glassfish/pfl/dynamic/copyobject/impl/ClassCopierBase
instanceKlass org/glassfish/pfl/dynamic/copyobject/impl/ClassCopier
instanceKlass org/glassfish/pfl/basic/fsm/Runner
instanceKlass org/glassfish/pfl/basic/fsm/FSMImpl
instanceKlass org/glassfish/pfl/basic/fsm/FSM
instanceKlass org/glassfish/pfl/dynamic/codegen/spi/Wrapper$Context
instanceKlass org/glassfish/pfl/dynamic/codegen/spi/ImportList
instanceKlass org/glassfish/pfl/dynamic/codegen/spi/Wrapper$Environment
instanceKlass org/glassfish/pfl/dynamic/codegen/spi/Signature
instanceKlass org/glassfish/pfl/dynamic/codegen/impl/AttributedObjectBase
instanceKlass org/glassfish/pfl/dynamic/copyobject/spi/CopyInterceptor
instanceKlass org/glassfish/pfl/dynamic/codegen/impl/VariableInternal
instanceKlass org/glassfish/pfl/dynamic/codegen/spi/Variable
instanceKlass org/glassfish/pfl/dynamic/codegen/impl/ExpressionInternal
instanceKlass org/glassfish/pfl/dynamic/codegen/impl/Statement
instanceKlass org/glassfish/pfl/dynamic/codegen/impl/ExpressionFactory
instanceKlass org/glassfish/pfl/dynamic/codegen/impl/MemberInfoBase
instanceKlass org/glassfish/pfl/dynamic/codegen/spi/FieldInfo
instanceKlass org/glassfish/pfl/dynamic/codegen/impl/ClassInfoReflectiveImpl$1
instanceKlass org/glassfish/pfl/dynamic/codegen/impl/ClassInfoBase
instanceKlass org/glassfish/pfl/dynamic/codegen/spi/MethodInfo
instanceKlass org/glassfish/pfl/dynamic/codegen/spi/MemberInfo
instanceKlass org/glassfish/pfl/dynamic/codegen/spi/Utility
instanceKlass org/glassfish/pfl/dynamic/codegen/impl/Identifier
instanceKlass org/glassfish/pfl/dynamic/codegen/spi/Type
instanceKlass org/glassfish/pfl/basic/fsm/Guard$Base$SimpleName
instanceKlass org/glassfish/pfl/basic/func/BinaryPredicate
instanceKlass org/glassfish/pfl/basic/fsm/Guard
instanceKlass org/glassfish/pfl/basic/fsm/Transition
instanceKlass org/glassfish/pfl/basic/fsm/StateEngine
instanceKlass org/glassfish/pfl/basic/fsm/Action
instanceKlass org/glassfish/pfl/basic/fsm/NameBase
instanceKlass org/glassfish/pfl/dynamic/codegen/impl/Node
instanceKlass org/glassfish/pfl/dynamic/codegen/impl/AttributedObject
instanceKlass org/glassfish/pfl/dynamic/codegen/spi/ClassGenerator
instanceKlass org/glassfish/pfl/dynamic/codegen/spi/ClassInfo
instanceKlass org/glassfish/pfl/dynamic/codegen/spi/Expression
instanceKlass org/glassfish/pfl/basic/fsm/Input
instanceKlass org/glassfish/pfl/dynamic/codegen/spi/Wrapper
instanceKlass com/sun/corba/ee/impl/presentation/rmi/codegen/CodegenProxyCreator
instanceKlass com/sun/corba/ee/impl/presentation/rmi/codegen/StubFactoryCodegenImpl$1
instanceKlass com/sun/corba/ee/impl/util/PackagePrefixChecker
instanceKlass com/sun/corba/ee/impl/util/Utility
instanceKlass com/sun/corba/ee/impl/presentation/rmi/StubFactoryBase
instanceKlass com/sun/corba/ee/impl/presentation/rmi/InvocationHandlerFactoryImpl
instanceKlass com/sun/corba/ee/impl/presentation/rmi/IDLType
instanceKlass com/sun/corba/ee/impl/presentation/rmi/IDLNameTranslatorImpl$IDLMethodInfo
instanceKlass com/sun/corba/ee/impl/presentation/rmi/IDLNameTranslatorImpl$3
instanceKlass com/sun/corba/ee/impl/presentation/rmi/IDLTypesUtil$1
instanceKlass com/sun/corba/ee/impl/presentation/rmi/IDLTypesUtil
instanceKlass com/sun/corba/ee/impl/presentation/rmi/IDLNameTranslatorImpl$2
instanceKlass com/sun/corba/ee/impl/presentation/rmi/IDLNameTranslatorImpl
instanceKlass org/glassfish/pfl/basic/graph/GraphImpl$1
instanceKlass org/glassfish/pfl/basic/graph/NodeData
instanceKlass com/sun/corba/ee/impl/presentation/rmi/PresentationManagerImpl$NodeImpl
instanceKlass org/glassfish/pfl/basic/graph/Node
instanceKlass org/glassfish/pfl/basic/graph/GraphImpl$NodeVisitor
instanceKlass org/glassfish/pfl/basic/graph/Graph
instanceKlass com/sun/corba/ee/impl/presentation/rmi/PresentationManagerImpl$ClassDataImpl
instanceKlass com/sun/enterprise/naming/impl/SerialContextProvider
instanceKlass com/sun/corba/ee/impl/util/JDKClassLoader$JDKClassLoaderCache$CacheKey
instanceKlass java/io/ObjectInputStream$$Lambda$106
instanceKlass sun/misc/JavaObjectInputStreamReadString
instanceKlass java/io/ObjectInputStream$$Lambda$105
instanceKlass sun/misc/JavaObjectInputStreamAccess
instanceKlass java/lang/invoke/LambdaForm$DMH
instanceKlass java/io/ObjectInputStream$1
instanceKlass sun/misc/JavaOISAccess
instanceKlass com/sun/corba/ee/impl/util/JDKClassLoader$1
instanceKlass com/sun/corba/ee/impl/util/JDKClassLoader$JDKClassLoaderCache
instanceKlass com/sun/corba/ee/impl/util/JDKClassLoader
instanceKlass com/sun/corba/ee/impl/io/ObjectStreamClass$MethodSignature
instanceKlass java/io/ObjectStreamClass$1
instanceKlass com/sun/corba/ee/impl/io/ObjectStreamClass$3
instanceKlass com/sun/corba/ee/impl/io/ObjectStreamField$1
instanceKlass com/sun/corba/ee/impl/io/ObjectStreamClass$2
instanceKlass org/omg/CORBA/portable/CustomValue
instanceKlass org/omg/CORBA/CustomMarshal
instanceKlass com/sun/corba/ee/impl/misc/ClassInfoCache$ClassInfo$LazyWrapper
instanceKlass com/sun/corba/ee/impl/misc/ClassInfoCache$ClassInfo
instanceKlass com/sun/corba/ee/impl/misc/ClassInfoCache
instanceKlass com/sun/corba/ee/impl/io/ObjectStreamClass$CompareMemberByName
instanceKlass com/sun/corba/ee/impl/io/ObjectStreamClass$CompareObjStrFieldsByName
instanceKlass com/sun/corba/ee/impl/io/ObjectStreamClass$CompareClassByName
instanceKlass com/sun/corba/ee/impl/io/ObjectStreamField
instanceKlass com/sun/corba/ee/impl/io/ObjectStreamClass$PersistentFieldsValue
instanceKlass com/sun/corba/ee/impl/io/ObjectStreamClass$1
instanceKlass com/sun/corba/ee/impl/io/ObjectStreamClass
instanceKlass javax/rmi/CORBA/ClassDesc
instanceKlass com/sun/corba/ee/impl/util/RepositoryId
instanceKlass com/sun/corba/ee/impl/transport/SelectorImpl$SelectionKeyAndOp
instanceKlass org/omg/CORBA/ObjectHelper
instanceKlass org/omg/CosNaming/NameComponentHelper
instanceKlass org/omg/CosNaming/NameHelper
instanceKlass org/omg/CosNaming/NameComponent
instanceKlass com/sun/corba/ee/impl/encoding/EncapsInputStreamFactory$6
instanceKlass com/sun/corba/ee/impl/util/JDKBridge
instanceKlass com/sun/corba/ee/impl/ior/iiop/IIOPProfileImpl$LocalCodeBaseSingletonHolder
instanceKlass com/sun/corba/ee/impl/transport/TemporarySelectorStateOpen
instanceKlass com/sun/corba/ee/spi/threadpool/ThreadStateValidator
instanceKlass org/omg/CORBA/OctetSeqHelper
instanceKlass com/sun/corba/ee/impl/protocol/RequestIdImpl
instanceKlass com/sun/corba/ee/impl/encoding/BufferQueue
instanceKlass com/sun/corba/ee/spi/transport/TemporarySelectorState
instanceKlass com/sun/corba/ee/impl/encoding/BufferManagerReadStream
instanceKlass com/sun/corba/ee/impl/transport/TemporarySelector
instanceKlass com/sun/corba/ee/impl/threadpool/Exceptions
instanceKlass com/sun/corba/ee/impl/transport/NioBufferWriter
instanceKlass com/sun/corba/ee/impl/transport/MessageTraceManagerImpl
instanceKlass org/glassfish/pfl/basic/logex/OperationTracer$2
instanceKlass org/glassfish/pfl/basic/logex/OperationTracer$Element
instanceKlass org/glassfish/pfl/basic/logex/OperationTracer
instanceKlass com/sun/corba/ee/impl/encoding/CodeSetCache
instanceKlass com/sun/corba/ee/impl/encoding/CodeSetConversion$CodeSetConversionHolder
instanceKlass com/sun/corba/ee/impl/encoding/CodeSetConversion
instanceKlass com/sun/corba/ee/impl/protocol/giopmsgheaders/TargetAddressHelper
instanceKlass org/omg/CosTransactions/OTSPolicy
instanceKlass org/omg/CosTransactions/OTSPolicyOperations
instanceKlass com/sun/corba/ee/org/omg/CSI/AuthorizationElement
instanceKlass com/sun/corba/ee/impl/transport/ResponseWaitingRoomImpl$OutCallDesc
instanceKlass com/sun/corba/ee/impl/encoding/OutputStreamFactory$5
instanceKlass com/sun/corba/ee/impl/servicecontext/ServiceContextsImpl
instanceKlass com/sun/corba/ee/impl/protocol/MessageMediatorImpl
instanceKlass com/sun/corba/ee/impl/transport/ResponseWaitingRoomImpl
instanceKlass com/sun/corba/ee/impl/transport/SocketChannelReader
instanceKlass com/sun/corba/ee/impl/protocol/MessageParserImpl
instanceKlass com/sun/corba/ee/impl/transport/ConnectionImpl$1
instanceKlass com/sun/corba/ee/impl/transport/ConnectionImpl$Dispatcher
instanceKlass com/sun/corba/ee/spi/protocol/MessageParser
instanceKlass com/sun/corba/ee/impl/transport/OutboundConnectionCacheProbeProvider
instanceKlass com/sun/corba/ee/impl/interceptors/SlotTable
instanceKlass com/sun/corba/ee/impl/interceptors/SlotTableStack
instanceKlass com/sun/corba/ee/spi/legacy/interceptor/RequestInfoExt
instanceKlass com/sun/corba/ee/impl/transport/TcpTimeoutsImpl$1
instanceKlass com/sun/corba/ee/impl/transport/ContactInfoListIteratorImpl
instanceKlass com/sun/corba/ee/spi/transport/ContactInfoListIterator
instanceKlass com/sun/corba/ee/impl/folb/ClientGroupManager$1
instanceKlass com/sun/enterprise/iiop/security/ConnectionExecutionContext$1
instanceKlass com/sun/enterprise/iiop/security/ConnectionExecutionContext
instanceKlass com/sun/enterprise/iiop/security/CSIV2TaggedComponentInfo$DescriptorMaker
instanceKlass org/omg/IOP/CodecFactoryHelper
instanceKlass com/sun/corba/ee/impl/transport/ContactInfoBase
instanceKlass com/sun/corba/ee/impl/protocol/InvocationInfo
instanceKlass org/glassfish/pfl/basic/contain/StackImpl
instanceKlass org/omg/CosNaming/NamingContext
instanceKlass org/omg/CosNaming/NamingContextOperations
instanceKlass org/omg/CosNaming/NamingContextHelper
instanceKlass com/sun/corba/ee/impl/resolver/INSURLOperationImpl$1
instanceKlass com/sun/corba/ee/impl/encoding/EncapsInputStreamFactory$4
instanceKlass com/sun/corba/ee/impl/naming/namingutil/IIOPEndpointInfo
instanceKlass com/sun/corba/ee/spi/logging/NamingSystemException
instanceKlass com/sun/corba/ee/impl/naming/namingutil/Utility
instanceKlass com/sun/corba/ee/impl/naming/namingutil/INSURLBase
instanceKlass com/sun/enterprise/naming/impl/SerialContext$ProviderCacheKey
instanceKlass com/sun/corba/ee/impl/protocol/LocalClientRequestDispatcherBase
instanceKlass com/sun/corba/ee/impl/ior/EncapsulationUtility
instanceKlass com/sun/corba/ee/impl/encoding/CDRInputObject$InputStreamFactory
instanceKlass com/sun/corba/ee/impl/encoding/BufferManagerReadGrow
instanceKlass org/omg/CORBA_2_3/portable/InputStream$1
instanceKlass com/sun/corba/ee/impl/encoding/EncapsInputStreamFactory$5
instanceKlass com/sun/corba/ee/impl/encoding/EncapsInputStreamFactory
instanceKlass org/omg/IOP/TaggedComponentHelper
instanceKlass com/sun/corba/ee/impl/encoding/OutputStreamFactory$3
instanceKlass com/sun/corba/ee/impl/corba/TCUtility
instanceKlass com/sun/corba/ee/impl/misc/RepIdDelegator
instanceKlass com/sun/corba/ee/impl/misc/RepositoryIdInterface
instanceKlass com/sun/corba/ee/impl/misc/RepositoryIdUtility
instanceKlass com/sun/corba/ee/impl/misc/RepositoryIdStrings
instanceKlass com/sun/corba/ee/impl/misc/RepositoryIdFactory
instanceKlass com/sun/corba/ee/impl/encoding/CDROutputObject$OutputStreamFactory
instanceKlass com/sun/corba/ee/impl/encoding/BufferManagerFactory
instanceKlass com/sun/corba/ee/impl/encoding/EncapsOutputStream$EncapsInputStreamFactory
instanceKlass org/omg/CORBA_2_3/portable/OutputStream$1
instanceKlass com/sun/corba/ee/impl/encoding/OutputStreamFactory$2
instanceKlass com/sun/corba/ee/impl/encoding/OutputStreamFactory
instanceKlass org/omg/CORBA/ORB$1
instanceKlass com/sun/corba/ee/spi/legacy/interceptor/IORInfoExt
instanceKlass sun/rmi/runtime/Log$LoggerLog$1
instanceKlass sun/rmi/runtime/Log$LoggerLogFactory
instanceKlass sun/rmi/runtime/Log$LogFactory
instanceKlass sun/rmi/runtime/Log
instanceKlass sun/rmi/server/LoaderHandler
instanceKlass java/rmi/server/RMIClassLoader$1
instanceKlass java/rmi/server/RMIClassLoaderSpi
instanceKlass java/rmi/server/RMIClassLoader
instanceKlass com/sun/jts/CosTransactions/SenderReceiver
instanceKlass org/omg/CosTSPortability/Receiver
instanceKlass org/omg/CosTSPortability/Sender
instanceKlass com/sun/corba/ee/impl/ior/ObjectReferenceProducerBase
instanceKlass org/omg/CORBA/portable/StreamableValue
instanceKlass java/nio/channels/spi/AbstractSelector$1
instanceKlass com/sun/corba/ee/impl/transport/Timeoutable
instanceKlass sun/nio/ch/WindowsSelectorImpl$MapEntry
instanceKlass com/sun/corba/ee/impl/transport/SelectorImpl$2
instanceKlass sun/nio/ch/OptionKey
instanceKlass sun/nio/ch/SocketOptionRegistry$LazyInitialization
instanceKlass sun/nio/ch/SocketOptionRegistry$RegistryKey
instanceKlass sun/nio/ch/SocketOptionRegistry
instanceKlass sun/nio/ch/ExtendedSocketOption$1
instanceKlass sun/nio/ch/ExtendedSocketOption
instanceKlass sun/nio/ch/SocketChannelImpl$DefaultOptionsHolder
instanceKlass sun/nio/ch/IOStatus
instanceKlass java/nio/DirectByteBuffer$Deallocator
instanceKlass sun/nio/ch/Util$BufferCache
instanceKlass sun/nio/ch/NativeThread
instanceKlass java/nio/channels/spi/AbstractInterruptibleChannel$1
instanceKlass sun/nio/ch/PipeImpl$Initializer$LoopbackConnector
instanceKlass sun/nio/ch/PipeImpl$Initializer
instanceKlass sun/nio/ch/NativeObject
instanceKlass sun/nio/ch/PollArrayWrapper
instanceKlass sun/nio/ch/WindowsSelectorImpl$FinishLock
instanceKlass sun/nio/ch/WindowsSelectorImpl$StartLock
instanceKlass sun/nio/ch/WindowsSelectorImpl$SubSelector
instanceKlass sun/nio/ch/Util$3
instanceKlass sun/nio/ch/Util$2
instanceKlass sun/nio/ch/Util
instanceKlass org/glassfish/pfl/basic/logex/WrapperGenerator$5
instanceKlass org/glassfish/pfl/basic/logex/NoStackTrace
instanceKlass org/glassfish/pfl/basic/logex/StackTrace
instanceKlass com/sun/corba/ee/impl/transport/InboundConnectionCacheProbeProvider
instanceKlass com/sun/corba/ee/impl/transport/ConnectionCacheBase
instanceKlass sun/nio/ch/Net$3
instanceKlass sun/nio/ch/Net$4
instanceKlass sun/nio/ch/Net$1
instanceKlass sun/nio/ch/Net
instanceKlass sun/nio/ch/NativeDispatcher
instanceKlass sun/nio/ch/SelChImpl
instanceKlass sun/nio/ch/DefaultSelectorProvider
instanceKlass java/nio/channels/spi/SelectorProvider$1
instanceKlass com/sun/corba/ee/impl/ior/ByteBuffer
instanceKlass com/sun/corba/ee/impl/ior/ObjectKeyTemplateBase
instanceKlass com/sun/corba/ee/impl/oa/poa/ActiveObjectMap
instanceKlass com/sun/corba/ee/impl/oa/poa/POAPolicyMediatorBase
instanceKlass com/sun/corba/ee/impl/oa/poa/POAPolicyMediatorFactory
instanceKlass org/glassfish/pfl/basic/facet/FacetAccessorImpl$2
instanceKlass org/glassfish/pfl/basic/contain/Holder
instanceKlass sun/security/util/SecurityConstants
instanceKlass sun/security/provider/PolicyFile$PolicyEntry
instanceKlass sun/security/provider/PolicyParser$PermissionEntry
instanceKlass sun/security/provider/PolicyParser$GrantEntry
instanceKlass sun/security/util/PolicyUtil
instanceKlass sun/security/provider/PolicyParser
instanceKlass sun/security/util/PropertyExpander
instanceKlass sun/security/provider/PolicyFile$3
instanceKlass java/security/ProtectionDomain$2$1
instanceKlass sun/misc/JavaSecurityProtectionDomainAccess$ProtectionDomainCache
instanceKlass sun/security/provider/PolicyFile$PolicyInfo
instanceKlass sun/security/provider/PolicyFile$1
instanceKlass java/security/Policy$1
instanceKlass java/security/Policy$PolicyInfo
instanceKlass com/sun/enterprise/iiop/security/SecurityContextUtil$1
instanceKlass com/sun/corba/ee/org/omg/CSIIOP/AS_ContextSec
instanceKlass com/sun/corba/ee/org/omg/CSIIOP/SAS_ContextSec
instanceKlass com/sun/enterprise/iiop/security/ConnectionContext
instanceKlass com/sun/enterprise/iiop/security/CSIV2TaggedComponentInfo
instanceKlass com/sun/enterprise/deployment/EjbIORConfigurationDescriptor
instanceKlass com/sun/corba/ee/org/omg/CSIIOP/CompoundSecMech
instanceKlass java/security/Policy
instanceKlass com/sun/enterprise/common/iiop/security/SecurityContext
instanceKlass com/sun/enterprise/iiop/security/SecurityContextUtil
instanceKlass org/glassfish/gms/bootstrap/GMSAdapterService
instanceKlass com/sun/enterprise/iiop/security/SecurityMechanismSelector
instanceKlass com/sun/enterprise/iiop/security/Lookups
instanceKlass com/sun/enterprise/transaction/jts/iiop/TransactionInterceptorFactory
instanceKlass org/omg/CORBA/TSIdentification
instanceKlass com/sun/enterprise/transaction/jts/iiop/TransactionIIOPInterceptorFactory
instanceKlass com/sun/enterprise/iiop/security/SecurityIIOPInterceptorFactory
instanceKlass com/sun/enterprise/iiop/security/AlternateSecurityInterceptorFactory
instanceKlass com/sun/enterprise/security/appclient/AppclientIIOPInterceptorFactory
instanceKlass org/glassfish/enterprise/iiop/api/IIOPInterceptorFactory
instanceKlass com/sun/corba/ee/spi/legacy/interceptor/ORBInitInfoExt
instanceKlass com/sun/corba/ee/spi/oa/rfm/ReferenceFactory
instanceKlass com/sun/corba/ee/spi/oa/rfm/ReferenceFactoryManager
instanceKlass org/omg/PortableInterceptor/IORInterceptor_3_0
instanceKlass org/omg/PortableInterceptor/IORInterceptor_3_0Operations
instanceKlass com/sun/corba/ee/spi/presentation/rmi/DynamicStub
instanceKlass com/sun/corba/ee/spi/presentation/rmi/StubAdapter
instanceKlass org/glassfish/enterprise/iiop/api/GlassFishORBHelper$1
instanceKlass org/glassfish/enterprise/iiop/impl/PEORBConfigurator$1
instanceKlass com/sun/corba/ee/spi/copyobject/CopyobjectDefaults$4
instanceKlass com/sun/corba/ee/spi/copyobject/CopyobjectDefaults$6
instanceKlass org/glassfish/enterprise/iiop/util/GenericStatsImpl
instanceKlass org/glassfish/enterprise/iiop/util/ORBCommonStatsImpl
instanceKlass com/sun/corba/ee/impl/threadpool/WorkQueueImpl
instanceKlass com/sun/corba/ee/impl/threadpool/ThreadPoolImpl
instanceKlass com/sun/corba/ee/impl/threadpool/ThreadPoolManagerImpl$1
instanceKlass com/sun/corba/ee/impl/threadpool/ThreadPoolManagerImpl
instanceKlass org/glassfish/enterprise/iiop/util/ThreadPoolStats
instanceKlass org/glassfish/external/statistics/Stats
instanceKlass com/sun/corba/ee/impl/oa/rfm/ReferenceManagerConfigurator
instanceKlass com/sun/corba/ee/spi/folb/GroupInfoService
instanceKlass com/sun/corba/ee/impl/interceptors/InterceptorInvoker
instanceKlass com/sun/corba/ee/impl/interceptors/InterceptorList
instanceKlass com/sun/corba/ee/spi/logging/InterceptorsSystemException
instanceKlass com/sun/corba/ee/impl/interceptors/PIHandlerImpl
instanceKlass com/sun/corba/ee/impl/orb/ORBConfiguratorImpl$3
instanceKlass org/glassfish/pfl/basic/func/NullaryFunction$Factory$1
instanceKlass org/omg/CORBA/portable/ObjectImpl
instanceKlass org/omg/PortableServer/Current
instanceKlass org/omg/PortableServer/CurrentOperations
instanceKlass org/glassfish/pfl/basic/func/NullaryFunction$Factory$2
instanceKlass org/glassfish/pfl/basic/func/NullaryFunction$Factory
instanceKlass com/sun/corba/ee/impl/oa/poa/POAFactory$1
instanceKlass com/sun/corba/ee/spi/oa/OADefault
instanceKlass com/sun/corba/ee/impl/protocol/BootstrapServerRequestDispatcher
instanceKlass com/sun/corba/ee/spi/protocol/RequestDispatcherDefault$1
instanceKlass com/sun/corba/ee/spi/protocol/RequestDispatcherDefault$2
instanceKlass com/sun/corba/ee/spi/protocol/RequestDispatcherDefault$3
instanceKlass com/sun/corba/ee/spi/protocol/RequestDispatcherDefault$5
instanceKlass com/sun/corba/ee/spi/protocol/RequestDispatcherDefault$4
instanceKlass com/sun/corba/ee/impl/protocol/INSServerRequestDispatcher
instanceKlass org/omg/CORBA/ServerRequest
instanceKlass com/sun/corba/ee/impl/protocol/ServerRequestDispatcherImpl
instanceKlass com/sun/corba/ee/spi/misc/ORBConstants
instanceKlass com/sun/corba/ee/impl/protocol/ClientRequestDispatcherImpl
instanceKlass com/sun/corba/ee/spi/protocol/RequestDispatcherDefault
instanceKlass com/sun/corba/ee/spi/servicecontext/ServiceContextDefaults$2
instanceKlass com/sun/corba/ee/spi/servicecontext/ServiceContextDefaults$3
instanceKlass com/sun/corba/ee/spi/servicecontext/ServiceContextDefaults$4
instanceKlass com/sun/corba/ee/spi/servicecontext/ServiceContextDefaults$1
instanceKlass com/sun/corba/ee/spi/servicecontext/ServiceContextDefaults$5
instanceKlass com/sun/corba/ee/impl/resolver/CompositeResolverImpl
instanceKlass com/sun/corba/ee/impl/resolver/ORBDefaultInitRefResolverImpl
instanceKlass com/sun/corba/ee/impl/resolver/ORBInitRefResolverImpl
instanceKlass com/sun/corba/ee/impl/naming/namingutil/INSURLHandler
instanceKlass com/sun/corba/ee/impl/naming/namingutil/INSURL
instanceKlass com/sun/corba/ee/impl/resolver/INSURLOperationImpl
instanceKlass com/sun/corba/ee/impl/protocol/NotLocalLocalCRDImpl
instanceKlass com/sun/corba/ee/spi/ior/IdentifiableContainerBase$1
instanceKlass com/sun/corba/ee/impl/transport/ContactInfoListImpl$1
instanceKlass com/sun/corba/ee/impl/transport/ContactInfoListImpl
instanceKlass com/sun/corba/ee/impl/io/ValueHandlerImpl$1
instanceKlass com/sun/corba/ee/impl/io/ValueHandlerImpl
instanceKlass javax/rmi/CORBA/ValueHandlerMultiFormat
instanceKlass com/sun/corba/ee/impl/io/ValueUtility$1
instanceKlass com/sun/corba/ee/impl/io/JavaCorbaAccess
instanceKlass com/sun/corba/ee/impl/io/ValueUtility
instanceKlass com/sun/corba/ee/impl/io/SharedSecrets
instanceKlass com/sun/corba/ee/spi/logging/UtilSystemException
instanceKlass javax/rmi/CORBA/ValueHandler
instanceKlass com/sun/corba/ee/impl/misc/ORBUtility
instanceKlass com/sun/corba/ee/impl/ior/iiop/IIOPAddressBase
instanceKlass com/sun/corba/ee/impl/ior/ObjectIdImpl
instanceKlass com/sun/corba/ee/impl/ior/ObjectKeyImpl
instanceKlass com/sun/corba/ee/impl/resolver/BootstrapResolverImpl
instanceKlass com/sun/corba/ee/impl/resolver/LocalResolverImpl
instanceKlass com/sun/corba/ee/spi/resolver/ResolverDefault
instanceKlass com/sun/corba/ee/impl/transport/EventHandlerBase
instanceKlass com/sun/corba/ee/spi/transport/TransportDefault$1
instanceKlass com/sun/corba/ee/spi/transport/TransportDefault$2
instanceKlass com/sun/corba/ee/spi/transport/TransportDefault
instanceKlass com/sun/corba/ee/impl/ior/ObjectKeyFactoryImpl$2
instanceKlass com/sun/corba/ee/impl/ior/ObjectKeyFactoryImpl$1
instanceKlass com/sun/corba/ee/impl/ior/Handler
instanceKlass com/sun/corba/ee/impl/ior/ObjectKeyFactoryImpl
instanceKlass com/sun/corba/ee/spi/ior/IORFactories$2
instanceKlass com/sun/corba/ee/spi/ior/IORFactories$1
instanceKlass com/sun/corba/ee/spi/ior/IORFactories
instanceKlass com/sun/corba/ee/spi/ior/EncapsulationFactoryBase
instanceKlass com/sun/corba/ee/spi/ior/iiop/LoadBalancingComponent
instanceKlass com/sun/corba/ee/spi/ior/iiop/ClusterInstanceInfoComponent
instanceKlass com/sun/corba/ee/spi/ior/iiop/IIOPFactories
instanceKlass com/sun/corba/ee/spi/copyobject/CopyobjectDefaults$1
instanceKlass com/sun/corba/ee/spi/copyobject/CopyobjectDefaults$3
instanceKlass com/sun/corba/ee/impl/copyobject/ReferenceObjectCopierImpl
instanceKlass com/sun/corba/ee/spi/copyobject/CopyobjectDefaults
instanceKlass com/sun/corba/ee/impl/orb/ORBConfiguratorImpl
instanceKlass com/sun/corba/ee/impl/transport/ByteBufferPoolImpl
instanceKlass com/sun/corba/ee/impl/legacy/connection/LegacyServerSocketManagerImpl
instanceKlass com/sun/corba/ee/impl/transport/SelectorImpl$1
instanceKlass com/sun/corba/ee/spi/transport/ReaderThread
instanceKlass com/sun/corba/ee/spi/transport/ListenerThread
instanceKlass com/sun/corba/ee/impl/transport/SelectorImpl$Timer
instanceKlass com/sun/corba/ee/impl/transport/TransportManagerImpl
instanceKlass javax/management/NotificationBroadcasterSupport$ListenerInfo
instanceKlass com/sun/jmx/interceptor/DefaultMBeanServerInterceptor$ListenerWrapper
instanceKlass org/glassfish/external/amx/MBeanListener
instanceKlass org/glassfish/gmbal/impl/JMXRegistrationManager$RootParentListener$2
instanceKlass org/glassfish/gmbal/impl/JMXRegistrationManager$RootParentListener$1
instanceKlass org/glassfish/pfl/basic/func/UnaryVoidFunction
instanceKlass org/glassfish/gmbal/impl/JMXRegistrationManager$RootParentListener
instanceKlass org/glassfish/gmbal/impl/AMXImpl$1
instanceKlass org/glassfish/gmbal/impl/AMXImpl
instanceKlass org/glassfish/pfl/basic/facet/FacetAccessorImpl$1
instanceKlass org/glassfish/pfl/basic/facet/FacetAccessorImpl
instanceKlass org/glassfish/gmbal/impl/MBeanSkeleton$2
instanceKlass org/glassfish/gmbal/impl/MBeanSkeleton$1
instanceKlass org/glassfish/pfl/basic/logex/Chain
instanceKlass com/sun/corba/ee/spi/ior/iiop/IIOPAddress
instanceKlass org/glassfish/gmbal/impl/TypeConverterImpl$7
instanceKlass org/glassfish/pfl/basic/algorithm/AnnotationAnalyzer$5
instanceKlass org/glassfish/gmbal/impl/Exceptions
instanceKlass com/sun/corba/ee/spi/trace/TransientObjectManager
instanceKlass com/sun/corba/ee/impl/oa/toa/Element
instanceKlass com/sun/corba/ee/impl/oa/toa/TransientObjectManager
instanceKlass com/sun/corba/ee/impl/oa/toa/TOA
instanceKlass com/sun/corba/ee/impl/oa/poa/POAFactory$ServantPOAPair
instanceKlass org/glassfish/gmbal/ParameterNames
instanceKlass org/glassfish/pfl/basic/contain/MultiSet
instanceKlass com/sun/corba/ee/spi/trace/Poa
instanceKlass com/sun/corba/ee/impl/oa/poa/POAPolicyMediator
instanceKlass org/omg/PortableServer/POAManagerPackage/State
instanceKlass org/omg/PortableServer/AdapterActivator
instanceKlass org/omg/PortableServer/AdapterActivatorOperations
instanceKlass org/omg/PortableServer/ThreadPolicy
instanceKlass org/omg/PortableServer/ThreadPolicyOperations
instanceKlass org/omg/PortableServer/ThreadPolicyValue
instanceKlass org/omg/PortableServer/ServantRetentionPolicy
instanceKlass org/omg/PortableServer/ServantRetentionPolicyOperations
instanceKlass org/omg/PortableServer/ServantRetentionPolicyValue
instanceKlass org/omg/PortableServer/ImplicitActivationPolicy
instanceKlass org/omg/PortableServer/ImplicitActivationPolicyOperations
instanceKlass org/omg/PortableServer/ImplicitActivationPolicyValue
instanceKlass org/omg/PortableServer/IdUniquenessPolicy
instanceKlass org/omg/PortableServer/IdUniquenessPolicyOperations
instanceKlass org/omg/PortableServer/IdUniquenessPolicyValue
instanceKlass org/omg/PortableServer/IdAssignmentPolicy
instanceKlass org/omg/PortableServer/IdAssignmentPolicyOperations
instanceKlass org/omg/PortableServer/IdAssignmentPolicyValue
instanceKlass org/omg/PortableServer/RequestProcessingPolicy
instanceKlass org/omg/PortableServer/RequestProcessingPolicyOperations
instanceKlass org/omg/PortableServer/RequestProcessingPolicyValue
instanceKlass org/omg/PortableServer/LifespanPolicy
instanceKlass org/omg/PortableServer/LifespanPolicyOperations
instanceKlass org/omg/PortableServer/LifespanPolicyValue
instanceKlass org/omg/PortableServer/POAManager
instanceKlass org/omg/PortableServer/POAManagerOperations
instanceKlass com/sun/corba/ee/impl/oa/poa/DelegateImpl
instanceKlass com/sun/corba/ee/spi/logging/POASystemException
instanceKlass org/omg/PortableServer/POA
instanceKlass org/omg/PortableServer/POAOperations
instanceKlass org/omg/PortableServer/portable/Delegate
instanceKlass com/sun/corba/ee/spi/trace/Subcontract
instanceKlass com/sun/corba/ee/impl/oa/toa/TOAFactory
instanceKlass com/sun/corba/ee/impl/oa/poa/POAFactory
instanceKlass org/omg/PortableInterceptor/Current
instanceKlass org/omg/PortableInterceptor/CurrentOperations
instanceKlass org/glassfish/pfl/tf/timer/spi/TimerEvent
instanceKlass org/glassfish/gmbal/AMXClient
instanceKlass org/omg/IOP/Codec
instanceKlass org/omg/IOP/CodecOperations
instanceKlass org/omg/IOP/Encoding
instanceKlass org/omg/CORBA/ParameterMode
instanceKlass org/omg/IOP/ServiceContext
instanceKlass org/omg/Dynamic/Parameter
instanceKlass org/omg/PortableInterceptor/ClientRequestInfo
instanceKlass org/omg/PortableInterceptor/ClientRequestInfoOperations
instanceKlass org/omg/PortableInterceptor/PolicyFactory
instanceKlass org/omg/PortableInterceptor/PolicyFactoryOperations
instanceKlass org/omg/PortableInterceptor/IORInterceptor
instanceKlass org/omg/PortableInterceptor/IORInterceptorOperations
instanceKlass org/omg/IOP/CodecFactory
instanceKlass org/omg/IOP/CodecFactoryOperations
instanceKlass org/omg/PortableInterceptor/ServerRequestInterceptor
instanceKlass org/omg/PortableInterceptor/ServerRequestInterceptorOperations
instanceKlass org/omg/PortableInterceptor/ClientRequestInterceptor
instanceKlass org/omg/PortableInterceptor/Interceptor
instanceKlass org/omg/PortableInterceptor/ClientRequestInterceptorOperations
instanceKlass org/omg/PortableInterceptor/InterceptorOperations
instanceKlass org/omg/PortableInterceptor/ORBInitInfo
instanceKlass org/omg/PortableInterceptor/ORBInitInfoOperations
instanceKlass org/glassfish/pfl/tf/spi/annotation/InfoMethod
instanceKlass com/sun/corba/ee/spi/transport/MessageTraceManager
instanceKlass com/sun/corba/ee/spi/transport/Selector
instanceKlass com/sun/corba/ee/spi/legacy/connection/LegacyServerSocketEndPointInfo
instanceKlass com/sun/corba/ee/spi/threadpool/WorkQueue
instanceKlass com/sun/corba/ee/spi/threadpool/ThreadPoolChooser
instanceKlass com/sun/corba/ee/spi/threadpool/ThreadPool
instanceKlass com/sun/corba/ee/spi/oa/ObjectAdapterFactory
instanceKlass com/sun/corba/ee/spi/protocol/LocalClientRequestDispatcherFactory
instanceKlass org/omg/CORBA/portable/Delegate
instanceKlass com/sun/corba/ee/spi/presentation/rmi/IDLNameTranslator
instanceKlass org/glassfish/pfl/basic/proxy/InvocationHandlerFactory
instanceKlass com/sun/corba/ee/spi/ior/IdentifiableFactory
instanceKlass java/util/logging/Filter
instanceKlass com/sun/corba/ee/spi/resolver/LocalResolver
instanceKlass com/sun/corba/ee/spi/resolver/Resolver
instanceKlass com/sun/corba/ee/spi/servicecontext/ServiceContextsCache
instanceKlass com/sun/corba/ee/spi/ior/ObjectKeyFactory
instanceKlass com/sun/corba/ee/spi/protocol/ClientDelegateFactory
instanceKlass com/sun/corba/ee/spi/orb/ClassCodeBaseHandler
instanceKlass com/sun/corba/ee/spi/trace/CdrWrite
instanceKlass com/sun/corba/ee/spi/protocol/LocalClientRequestDispatcher
instanceKlass com/sun/corba/ee/spi/protocol/ClientRequestDispatcher
instanceKlass com/sun/corba/ee/spi/transport/OutboundConnectionCache
instanceKlass com/sun/corba/ee/spi/transport/ContactInfoList
instanceKlass com/sun/corba/ee/impl/encoding/RestorableInputStream
instanceKlass com/sun/corba/ee/impl/encoding/MarkAndResetHandler
instanceKlass com/sun/corba/ee/spi/trace/Giop
instanceKlass org/glassfish/pfl/dynamic/copyobject/spi/ObjectCopier
instanceKlass org/glassfish/pfl/dynamic/copyobject/spi/ObjectCopierFactory
instanceKlass org/omg/PortableServer/ServantLocatorPackage/CookieHolder
instanceKlass org/omg/CORBA/portable/ServantObject
instanceKlass org/omg/PortableInterceptor/ObjectReferenceTemplate
instanceKlass org/omg/PortableInterceptor/ObjectReferenceFactory
instanceKlass com/sun/corba/ee/spi/oa/ObjectAdapter
instanceKlass com/sun/corba/ee/impl/protocol/giopmsgheaders/IORAddressingInfo
instanceKlass com/sun/corba/ee/impl/protocol/giopmsgheaders/TargetAddress
instanceKlass com/sun/corba/ee/impl/protocol/giopmsgheaders/CancelRequestMessage
instanceKlass com/sun/corba/ee/impl/protocol/giopmsgheaders/LocateRequestMessage
instanceKlass com/sun/corba/ee/impl/protocol/giopmsgheaders/MessageBase
instanceKlass com/sun/corba/ee/impl/protocol/giopmsgheaders/MessageHandler
instanceKlass com/sun/corba/ee/spi/trace/Transport
instanceKlass com/sun/corba/ee/spi/trace/MonitorRead
instanceKlass com/sun/corba/ee/spi/ior/IORTemplateList
instanceKlass org/omg/IOP/IOR
instanceKlass com/sun/corba/ee/spi/ior/iiop/IIOPProfileTemplate
instanceKlass com/sun/corba/ee/spi/ior/iiop/IIOPProfile
instanceKlass org/omg/IOP/TaggedProfile
instanceKlass com/sun/corba/ee/impl/protocol/giopmsgheaders/FragmentMessage
instanceKlass com/sun/corba/ee/impl/encoding/CodeSetConversion$BTCConverter
instanceKlass com/sun/corba/ee/impl/encoding/BufferManagerRead
instanceKlass org/omg/CORBA/AnySeqHolder
instanceKlass org/omg/CORBA/WCharSeqHolder
instanceKlass org/omg/CORBA/UShortSeqHolder
instanceKlass org/omg/CORBA/ULongLongSeqHolder
instanceKlass org/omg/CORBA/ULongSeqHolder
instanceKlass org/omg/CORBA/ShortSeqHolder
instanceKlass org/omg/CORBA/OctetSeqHolder
instanceKlass org/omg/CORBA/LongLongSeqHolder
instanceKlass org/omg/CORBA/LongSeqHolder
instanceKlass org/omg/CORBA/FloatSeqHolder
instanceKlass org/omg/CORBA/DoubleSeqHolder
instanceKlass org/omg/CORBA/CharSeqHolder
instanceKlass org/omg/CORBA/BooleanSeqHolder
instanceKlass com/sun/corba/ee/spi/trace/OrbLifeCycle
instanceKlass com/sun/corba/ee/impl/protocol/giopmsgheaders/RequestMessage
instanceKlass com/sun/corba/ee/impl/protocol/giopmsgheaders/ReplyMessage
instanceKlass com/sun/corba/ee/impl/protocol/giopmsgheaders/LocateReplyMessage
instanceKlass com/sun/corba/ee/impl/protocol/giopmsgheaders/LocateReplyOrReplyMessage
instanceKlass com/sun/corba/ee/spi/protocol/ProtocolHandler
instanceKlass com/sun/corba/ee/spi/ior/ObjectKey
instanceKlass com/sun/corba/ee/spi/protocol/ServerRequestDispatcher
instanceKlass com/sun/corba/ee/spi/ior/ObjectId
instanceKlass com/sun/corba/ee/impl/ior/GenericIdentifiable
instanceKlass com/sun/corba/ee/spi/ior/iiop/RequestPartitioningComponent
instanceKlass com/sun/corba/ee/spi/ior/iiop/ORBTypeComponent
instanceKlass com/sun/corba/ee/spi/ior/iiop/MaxStreamFormatVersionComponent
instanceKlass com/sun/corba/ee/spi/ior/iiop/JavaCodebaseComponent
instanceKlass com/sun/corba/ee/spi/ior/iiop/CodeSetsComponent
instanceKlass com/sun/corba/ee/spi/ior/iiop/AlternateIIOPAddressComponent
instanceKlass com/sun/corba/ee/spi/ior/TaggedProfileTemplate
instanceKlass com/sun/corba/ee/impl/oa/poa/Policies
instanceKlass com/sun/corba/ee/spi/ior/IORTemplate
instanceKlass com/sun/corba/ee/spi/ior/IORFactory
instanceKlass com/sun/corba/ee/spi/transport/InboundConnectionCache
instanceKlass com/sun/corba/ee/spi/threadpool/Work
instanceKlass org/omg/CORBA/DefinitionKind
instanceKlass com/sun/org/omg/CORBA/Initializer
instanceKlass com/sun/org/omg/CORBA/AttributeDescription
instanceKlass com/sun/org/omg/CORBA/OperationDescription
instanceKlass com/sun/org/omg/CORBA/Repository
instanceKlass com/sun/org/omg/CORBA/ValueDefPackage/FullValueDescription
instanceKlass com/sun/corba/ee/spi/transport/ResponseWaitingRoom
instanceKlass com/sun/corba/ee/spi/transport/ContactInfo
instanceKlass com/sun/corba/ee/spi/protocol/RequestId
instanceKlass com/sun/corba/ee/spi/ior/IOR
instanceKlass com/sun/corba/ee/spi/transport/ConnectionCache
instanceKlass com/sun/org/omg/SendingContext/CodeBase
instanceKlass org/omg/SendingContext/RunTime
instanceKlass com/sun/org/omg/SendingContext/CodeBaseOperations
instanceKlass org/omg/SendingContext/RunTimeOperations
instanceKlass java/net/DatagramPacket
instanceKlass java/net/DatagramSocketImplFactory
instanceKlass java/net/DatagramSocketImpl
instanceKlass java/net/DatagramSocket
instanceKlass java/nio/channels/MembershipKey
instanceKlass java/nio/channels/Pipe
instanceKlass java/nio/channels/MulticastChannel
instanceKlass java/net/ProtocolFamily
instanceKlass java/nio/channels/spi/SelectorProvider
instanceKlass java/net/ServerSocket
instanceKlass java/nio/channels/NetworkChannel
instanceKlass java/net/SocketImplFactory
instanceKlass com/sun/corba/ee/impl/encoding/BufferManagerWrite
instanceKlass com/sun/corba/ee/impl/encoding/CodeSetConversion$CTBConverter
instanceKlass com/sun/corba/ee/spi/protocol/MessageMediator
instanceKlass org/omg/CORBA/portable/ResponseHandler
instanceKlass com/sun/corba/ee/impl/protocol/giopmsgheaders/Message
instanceKlass com/sun/corba/ee/impl/encoding/CDROutputObject$CDRInputObjectFactory
instanceKlass com/sun/corba/ee/impl/encoding/CDROutputObject$InputObjectFactory
instanceKlass org/glassfish/pfl/tf/spi/annotation/MethodMonitorGroup
instanceKlass com/sun/corba/ee/spi/trace/DynamicType
instanceKlass org/omg/CORBA/portable/ValueInputStream
instanceKlass org/omg/CORBA/DataInputStream
instanceKlass com/sun/corba/ee/impl/encoding/TypeCodeReader
instanceKlass com/sun/corba/ee/impl/encoding/MarshalInputStream
instanceKlass org/omg/CORBA/portable/BoxedValueHelper
instanceKlass org/omg/CORBA/portable/ValueFactory
instanceKlass org/omg/CORBA/ServiceInformation
instanceKlass org/omg/CORBA/IDLType
instanceKlass org/omg/CORBA/IRObject
instanceKlass org/omg/CORBA/IDLTypeOperations
instanceKlass org/omg/CORBA/IRObjectOperations
instanceKlass org/omg/CORBA/NameValuePair
instanceKlass org/omg/CORBA/Principal
instanceKlass org/omg/CORBA/SetOverrideType
instanceKlass org/omg/CORBA/DomainManager
instanceKlass org/omg/CORBA/DomainManagerOperations
instanceKlass java/applet/AudioClip
instanceKlass java/applet/AppletContext
instanceKlass java/applet/AppletStub
instanceKlass java/awt/Container$EventTargetFilter
instanceKlass java/awt/event/ContainerListener
instanceKlass java/awt/FocusTraversalPolicy
instanceKlass java/awt/LightweightDispatcher
instanceKlass javax/swing/Timer
instanceKlass java/awt/dnd/Autoscroll
instanceKlass java/awt/dnd/DropTarget$DropTargetAutoScroller
instanceKlass java/awt/dnd/peer/DropTargetContextPeer
instanceKlass java/awt/dnd/DropTargetContext
instanceKlass java/awt/PointerInfo
instanceKlass sun/awt/RequestFocusController
instanceKlass java/awt/event/InputMethodListener
instanceKlass java/awt/event/MouseWheelListener
instanceKlass java/awt/event/MouseMotionListener
instanceKlass java/awt/event/MouseListener
instanceKlass java/awt/event/KeyListener
instanceKlass java/awt/event/HierarchyBoundsListener
instanceKlass java/awt/event/HierarchyListener
instanceKlass java/awt/event/ComponentListener
instanceKlass java/awt/ComponentOrientation
instanceKlass java/awt/dnd/DropTarget
instanceKlass java/awt/dnd/DropTargetListener
instanceKlass java/awt/font/TextHitInfo
instanceKlass java/awt/im/InputMethodRequests
instanceKlass java/awt/event/TextListener
instanceKlass java/awt/event/AdjustmentListener
instanceKlass java/awt/LayoutManager
instanceKlass java/awt/ScrollPaneAdjustable
instanceKlass java/beans/ChangeListenerMap
instanceKlass java/awt/datatransfer/FlavorMap
instanceKlass java/awt/dnd/DragSourceContext
instanceKlass java/awt/dnd/DragSourceMotionListener
instanceKlass java/awt/dnd/DragSourceListener
instanceKlass java/awt/CheckboxGroup
instanceKlass java/awt/event/ItemListener
instanceKlass java/awt/ModalEventFilter
instanceKlass java/awt/datatransfer/MimeTypeParameterList
instanceKlass java/awt/datatransfer/MimeType
instanceKlass java/awt/datatransfer/FlavorListener
instanceKlass java/awt/datatransfer/DataFlavor
instanceKlass sun/awt/EventListenerAggregate
instanceKlass java/awt/datatransfer/ClipboardOwner
instanceKlass java/awt/event/ActionListener
instanceKlass java/awt/MenuShortcut
instanceKlass java/awt/SecondaryLoop
instanceKlass java/awt/EventFilter
instanceKlass java/awt/Conditional
instanceKlass java/awt/ActiveEvent
instanceKlass sun/awt/EventQueueItem
instanceKlass sun/awt/FwDispatcher
instanceKlass java/awt/Queue
instanceKlass java/awt/peer/PanelPeer
instanceKlass java/awt/peer/TextFieldPeer
instanceKlass java/awt/peer/TextAreaPeer
instanceKlass java/awt/peer/TextComponentPeer
instanceKlass java/awt/peer/ScrollbarPeer
instanceKlass java/awt/Adjustable
instanceKlass java/awt/peer/ScrollPanePeer
instanceKlass java/awt/peer/PopupMenuPeer
instanceKlass java/awt/peer/MenuBarPeer
instanceKlass java/awt/peer/MenuPeer
instanceKlass java/awt/peer/ListPeer
instanceKlass java/awt/peer/FramePeer
instanceKlass java/awt/peer/FileDialogPeer
instanceKlass java/awt/dnd/peer/DragSourceContextPeer
instanceKlass java/awt/dnd/DragGestureRecognizer
instanceKlass java/awt/dnd/DragGestureListener
instanceKlass java/awt/dnd/DragSource
instanceKlass java/awt/peer/DesktopPeer
instanceKlass java/awt/Desktop
instanceKlass java/awt/peer/ChoicePeer
instanceKlass java/awt/peer/CheckboxMenuItemPeer
instanceKlass java/awt/peer/MenuItemPeer
instanceKlass java/awt/peer/MenuComponentPeer
instanceKlass java/awt/MenuComponent
instanceKlass java/awt/peer/CheckboxPeer
instanceKlass java/awt/ItemSelectable
instanceKlass java/awt/peer/CanvasPeer
instanceKlass java/awt/peer/ButtonPeer
instanceKlass java/awt/peer/DialogPeer
instanceKlass java/awt/peer/WindowPeer
instanceKlass java/awt/datatransfer/Clipboard
instanceKlass java/awt/PageAttributes
instanceKlass java/awt/JobAttributes
instanceKlass java/awt/PrintJob
instanceKlass java/awt/peer/LabelPeer
instanceKlass java/awt/peer/MouseInfoPeer
instanceKlass java/awt/EventQueue
instanceKlass java/awt/event/AWTEventListener
instanceKlass java/awt/peer/LightweightPeer
instanceKlass java/lang/Character$Subset
instanceKlass java/awt/VKCollection
instanceKlass java/awt/AWTKeyStroke
instanceKlass java/awt/Toolkit
instanceKlass java/awt/image/BufferStrategy
instanceKlass java/awt/FocusManager
instanceKlass java/awt/im/InputContext
instanceKlass java/awt/event/WindowFocusListener
instanceKlass java/awt/event/WindowStateListener
instanceKlass java/awt/event/WindowListener
instanceKlass java/awt/Window$WindowDisposerRecord
instanceKlass javax/swing/text/AttributeSet
instanceKlass java/awt/Cursor$CursorDisposer
instanceKlass java/awt/Insets
instanceKlass sun/java2d/pipe/SpanIterator
instanceKlass sun/java2d/pipe/RegionIterator
instanceKlass sun/font/CoreMetrics
instanceKlass java/awt/image/ImageConsumer
instanceKlass sun/awt/image/OffScreenImageSource
instanceKlass java/awt/image/TileObserver
instanceKlass java/awt/CompositeContext
instanceKlass java/awt/image/renderable/RenderContext
instanceKlass java/awt/font/GlyphMetrics
instanceKlass java/awt/image/BufferedImageOp
instanceKlass java/awt/Stroke
instanceKlass java/awt/Composite
instanceKlass java/awt/image/renderable/RenderableImage
instanceKlass java/awt/font/GlyphJustificationInfo
instanceKlass java/awt/im/InputMethodHighlight
instanceKlass java/text/Annotation
instanceKlass java/awt/font/TransformAttribute
instanceKlass java/awt/font/GraphicAttribute
instanceKlass java/awt/font/NumericShaper
instanceKlass java/awt/geom/Path2D
instanceKlass sun/font/StrikeMetrics
instanceKlass sun/font/FontStrikeDisposer
instanceKlass sun/java2d/Disposer$PollDisposable
instanceKlass sun/java2d/DisposerRecord
instanceKlass sun/font/FontStrike
instanceKlass sun/font/FontStrikeDesc
instanceKlass sun/font/CharToGlyphMapper
instanceKlass sun/font/FontFamily
instanceKlass java/awt/font/LineMetrics
instanceKlass java/awt/font/GlyphVector
instanceKlass java/awt/font/FontRenderContext
instanceKlass sun/font/CreatedFontTracker
instanceKlass sun/font/Font2D
instanceKlass sun/font/AttributeValues
instanceKlass sun/font/Font2DHandle
instanceKlass java/awt/peer/FontPeer
instanceKlass sun/awt/geom/Crossings
instanceKlass java/awt/RenderingHints$Key
instanceKlass java/awt/PaintContext
instanceKlass java/awt/RenderingHints
instanceKlass java/awt/Polygon
instanceKlass java/awt/peer/ContainerPeer
instanceKlass sun/java2d/pipe/Region
instanceKlass java/awt/AttributeValue
instanceKlass java/awt/peer/ComponentPeer
instanceKlass java/awt/Event
instanceKlass java/awt/FontMetrics
instanceKlass java/awt/Font
instanceKlass java/awt/Cursor
instanceKlass java/awt/Color
instanceKlass java/awt/Paint
instanceKlass java/awt/event/FocusListener
instanceKlass sun/awt/MostRecentKeyValue
instanceKlass javax/accessibility/AccessibleValue
instanceKlass javax/accessibility/AccessibleTable
instanceKlass javax/accessibility/AccessibleBundle
instanceKlass javax/accessibility/AccessibleIcon
instanceKlass javax/accessibility/AccessibleEditableText
instanceKlass javax/accessibility/AccessibleText
instanceKlass javax/accessibility/AccessibleAction
instanceKlass javax/accessibility/AccessibleComponent
instanceKlass javax/accessibility/AccessibleStateSet
instanceKlass javax/accessibility/AccessibleSelection
instanceKlass javax/accessibility/AccessibleRelationSet
instanceKlass java/beans/PropertyChangeSupport
instanceKlass javax/accessibility/AccessibleContext
instanceKlass java/awt/DisplayMode
instanceKlass java/awt/GraphicsConfigTemplate
instanceKlass sun/awt/AppContext
instanceKlass sun/java2d/cmm/ProfileActivator
instanceKlass sun/java2d/cmm/Profile
instanceKlass sun/java2d/cmm/ColorTransform
instanceKlass java/awt/color/ICC_Profile
instanceKlass java/awt/geom/Line2D
instanceKlass java/beans/Transient
instanceKlass java/awt/geom/Dimension2D
instanceKlass java/awt/geom/PathIterator
instanceKlass sun/java2d/StateTrackableDelegate
instanceKlass sun/java2d/StateTrackable
instanceKlass java/awt/geom/Point2D
instanceKlass java/awt/image/DataBuffer
instanceKlass java/awt/image/SampleModel
instanceKlass java/awt/image/Raster
instanceKlass java/awt/color/ColorSpace
instanceKlass java/awt/geom/AffineTransform
instanceKlass java/awt/geom/RectangularShape
instanceKlass java/awt/Shape
instanceKlass java/awt/GraphicsDevice
instanceKlass java/awt/image/ColorModel
instanceKlass java/awt/BufferCapabilities
instanceKlass java/awt/image/ImageProducer
instanceKlass java/awt/GraphicsConfiguration
instanceKlass sun/awt/image/SurfaceManager
instanceKlass java/awt/ImageCapabilities
instanceKlass org/omg/CORBA/ServiceInformationHolder
instanceKlass org/omg/CORBA/portable/Streamable
instanceKlass org/omg/CORBA/TCKind
instanceKlass org/omg/CORBA/Request
instanceKlass org/omg/CORBA/Context
instanceKlass org/omg/CORBA/ValueMember
instanceKlass org/omg/CORBA/UnionMember
instanceKlass org/omg/CORBA/Policy
instanceKlass org/omg/CORBA/PolicyOperations
instanceKlass org/omg/CORBA/StructMember
instanceKlass org/omg/CORBA/DynUnion
instanceKlass org/omg/CORBA/DynStruct
instanceKlass org/omg/CORBA/DynSequence
instanceKlass org/omg/CORBA/DynEnum
instanceKlass org/omg/CORBA/DynArray
instanceKlass org/omg/CORBA/DynAny
instanceKlass javax/accessibility/Accessible
instanceKlass com/sun/corba/ee/spi/orb/ORB$DummyServant
instanceKlass org/glassfish/pfl/tf/timer/spi/Statistics
instanceKlass org/glassfish/gmbal/impl/TimerAnnotationHelper$ManagedLogEventHandler
instanceKlass org/glassfish/pfl/tf/timer/spi/LogEventHandler
instanceKlass org/glassfish/gmbal/impl/TimerAnnotationHelper$ManagedStatsEventHandler
instanceKlass org/glassfish/pfl/tf/timer/spi/StatsEventHandler
instanceKlass org/glassfish/gmbal/impl/TimerAnnotationHelper$ManagedTimerEventHandler
instanceKlass org/glassfish/pfl/tf/timer/spi/TimerEventHandler
instanceKlass org/glassfish/gmbal/impl/TimerAnnotationHelper$ManagedTimer
instanceKlass org/glassfish/pfl/tf/timer/spi/Timer
instanceKlass org/glassfish/pfl/tf/timer/spi/NamedBase
instanceKlass org/glassfish/gmbal/impl/TimerAnnotationHelper$ManagedTimerFactory
instanceKlass org/glassfish/gmbal/impl/TimerAnnotationHelper$ManagedTimerGroup
instanceKlass org/glassfish/gmbal/impl/TimerAnnotationHelper$ManagedControllable
instanceKlass org/glassfish/gmbal/impl/TimerAnnotationHelper$ManagedNamed
instanceKlass org/glassfish/pfl/tf/timer/spi/TimerFactory
instanceKlass org/glassfish/pfl/tf/timer/spi/TimerGroup
instanceKlass org/glassfish/pfl/tf/timer/spi/Controllable
instanceKlass org/glassfish/pfl/tf/timer/spi/Named
instanceKlass org/glassfish/gmbal/impl/TimerAnnotationHelper
instanceKlass org/glassfish/gmbal/impl/ManagedObjectManagerImpl$1
instanceKlass org/glassfish/gmbal/impl/ObjectRegistrationManagerImpl
instanceKlass org/glassfish/pfl/basic/algorithm/DelayedObjectToString
instanceKlass javax/management/modelmbean/ModelMBeanInfo
instanceKlass org/glassfish/gmbal/NameValue
instanceKlass org/glassfish/gmbal/ManagedOperation
instanceKlass javax/management/DescriptorAccess
instanceKlass org/glassfish/gmbal/impl/ManagedObjectManagerImpl$ADHolder
instanceKlass org/glassfish/gmbal/ManagedData
instanceKlass org/glassfish/pfl/basic/algorithm/DumpToString
instanceKlass org/glassfish/pfl/basic/reflection/Bridge$2
instanceKlass org/glassfish/pfl/basic/reflection/Bridge$1
instanceKlass org/glassfish/pfl/basic/reflection/BridgeBase$1
instanceKlass org/glassfish/pfl/basic/reflection/BridgeBase
instanceKlass org/glassfish/pfl/basic/reflection/FieldValueHelper
instanceKlass org/glassfish/pfl/basic/algorithm/DumpIgnore
instanceKlass org/glassfish/pfl/basic/algorithm/ObjectWriter
instanceKlass org/glassfish/gmbal/impl/TypeConverterImpl$6
instanceKlass org/glassfish/gmbal/impl/TypeConverterImpl$Table
instanceKlass org/glassfish/pfl/basic/algorithm/Algorithms$Action
instanceKlass org/glassfish/gmbal/impl/TypeConverterImpl
instanceKlass org/glassfish/gmbal/impl/TypeConverterImpl$TypeConverterPlaceHolderImpl
instanceKlass org/glassfish/gmbal/impl/TypeConverter
instanceKlass org/glassfish/gmbal/impl/AttributeDescriptor$1
instanceKlass org/glassfish/gmbal/impl/AttributeDescriptor
instanceKlass org/glassfish/gmbal/impl/ManagedObjectManagerImpl$8
instanceKlass org/glassfish/gmbal/impl/ManagedObjectManagerImpl$7
instanceKlass org/glassfish/pfl/basic/algorithm/Algorithms$8
instanceKlass org/glassfish/gmbal/impl/ManagedObjectManagerImpl$6
instanceKlass org/glassfish/pfl/basic/algorithm/Algorithms$3
instanceKlass org/glassfish/gmbal/InheritedAttributes
instanceKlass org/glassfish/gmbal/InheritedAttribute
instanceKlass javax/management/modelmbean/DescriptorSupport
instanceKlass org/glassfish/gmbal/impl/DescriptorUtility
instanceKlass org/glassfish/gmbal/DescriptorKey
instanceKlass org/glassfish/gmbal/DescriptorFields
instanceKlass org/glassfish/gmbal/impl/DescriptorIntrospector
instanceKlass org/glassfish/gmbal/impl/MBeanSkeleton$Operation
instanceKlass org/glassfish/gmbal/impl/MBeanSkeleton
instanceKlass org/glassfish/gmbal/IncludeSubclass
instanceKlass org/glassfish/gmbal/impl/ManagedObjectManagerImpl$5
instanceKlass org/glassfish/gmbal/impl/ManagedObjectManagerImpl$4
instanceKlass org/glassfish/gmbal/impl/ManagedObjectManagerImpl$9
instanceKlass org/glassfish/gmbal/typelib/EvaluatedClassAnalyzer$1
instanceKlass org/glassfish/gmbal/typelib/EvaluatedClassAnalyzer
instanceKlass java/nio/file/attribute/GroupPrincipal
instanceKlass java/nio/file/attribute/UserPrincipal
instanceKlass java/time/format/Parsed
instanceKlass java/time/format/DateTimeParseContext
instanceKlass java/time/chrono/Era
instanceKlass java/time/Clock
instanceKlass java/nio/file/attribute/FileTime
instanceKlass java/nio/channels/FileChannel$MapMode
instanceKlass java/nio/channels/CompletionHandler
instanceKlass java/nio/channels/FileLock
instanceKlass java/nio/file/attribute/FileStoreAttributeView
instanceKlass java/nio/channels/AsynchronousFileChannel
instanceKlass java/nio/channels/AsynchronousChannel
instanceKlass java/nio/file/FileStore
instanceKlass java/nio/file/attribute/FileAttributeView
instanceKlass java/nio/file/attribute/AttributeView
instanceKlass java/nio/file/attribute/UserPrincipalLookupService
instanceKlass java/nio/file/PathMatcher
instanceKlass java/nio/file/CopyOption
instanceKlass java/nio/file/OpenOption
instanceKlass java/nio/file/WatchEvent
instanceKlass java/nio/file/WatchKey
instanceKlass java/nio/file/WatchEvent$Modifier
instanceKlass java/nio/file/WatchEvent$Kind
instanceKlass java/nio/file/WatchService
instanceKlass java/text/Format$FieldDelegate
instanceKlass java/text/ParsePosition
instanceKlass java/text/AttributedCharacterIterator
instanceKlass java/text/CharacterIterator
instanceKlass java/util/Locale$LanguageRange
instanceKlass sun/util/locale/Extension
instanceKlass sun/util/locale/LocaleExtensions
instanceKlass java/util/AbstractList$1
instanceKlass java/util/LongSummaryStatistics
instanceKlass java/util/function/LongToIntFunction
instanceKlass java/util/function/LongToDoubleFunction
instanceKlass java/util/function/LongFunction
instanceKlass java/util/function/LongSupplier
instanceKlass java/util/stream/LongStream$Builder
instanceKlass java/util/function/LongBinaryOperator
instanceKlass java/util/function/LongUnaryOperator
instanceKlass java/util/function/LongPredicate
instanceKlass java/util/function/LongConsumer
instanceKlass java/util/function/ObjLongConsumer
instanceKlass java/util/PrimitiveIterator$OfLong
instanceKlass java/util/DoubleSummaryStatistics
instanceKlass java/util/function/DoubleToLongFunction
instanceKlass java/util/function/DoubleToIntFunction
instanceKlass java/util/function/DoubleFunction
instanceKlass java/util/function/DoubleSupplier
instanceKlass java/util/stream/DoubleStream$Builder
instanceKlass java/util/function/DoubleBinaryOperator
instanceKlass java/util/function/DoubleUnaryOperator
instanceKlass java/util/function/DoublePredicate
instanceKlass java/util/function/DoubleConsumer
instanceKlass java/util/function/ObjDoubleConsumer
instanceKlass java/util/PrimitiveIterator$OfDouble
instanceKlass java/lang/SafeVarargs
instanceKlass java/lang/invoke/DontInline
instanceKlass java/lang/invoke/ForceInline
instanceKlass sun/misc/ProxyGenerator$1
instanceKlass java/lang/invoke/LambdaForm$Hidden
instanceKlass java/lang/reflect/Proxy$1
instanceKlass java/lang/invoke/MethodHandle$PolymorphicSignature
instanceKlass java/security/DomainCombiner
instanceKlass java/net/ContentHandler
instanceKlass java/net/ContentHandlerFactory
instanceKlass java/net/FileNameMap
instanceKlass java/net/UrlDeserializedState
instanceKlass java/io/ObjectInputStream$HandleTable$HandleList
instanceKlass java/io/ObjectOutputStream$DebugTraceInfoStack
instanceKlass java/io/ObjectOutputStream$PutField
instanceKlass java/io/ObjectOutputStream$ReplaceTable
instanceKlass java/io/ObjectOutputStream$HandleTable
instanceKlass java/io/ObjectStreamClass$ClassDataSlot
instanceKlass java/io/ObjectStreamClass$FieldReflector
instanceKlass java/io/ObjectStreamClass$ExceptionInfo
instanceKlass sun/misc/ObjectInputFilter$FilterInfo
instanceKlass java/io/ObjectInputValidation
instanceKlass java/io/ObjectInputStream$GetField
instanceKlass java/io/ObjectStreamClass
instanceKlass sun/misc/ObjectStreamClassValidator
instanceKlass sun/misc/ObjectInputFilter
instanceKlass java/io/SerialCallbackContext
instanceKlass java/io/ObjectInputStream$HandleTable
instanceKlass java/io/ObjectInputStream$ValidationList
instanceKlass sun/reflect/generics/visitor/Visitor
instanceKlass java/util/IntSummaryStatistics
instanceKlass java/util/function/IntToLongFunction
instanceKlass java/util/function/IntToDoubleFunction
instanceKlass java/util/function/IntSupplier
instanceKlass java/util/stream/IntStream$Builder
instanceKlass java/util/function/IntBinaryOperator
instanceKlass java/util/function/IntUnaryOperator
instanceKlass java/util/function/IntPredicate
instanceKlass java/util/function/IntConsumer
instanceKlass java/util/function/ObjIntConsumer
instanceKlass java/util/PrimitiveIterator$OfInt
instanceKlass java/util/PrimitiveIterator
instanceKlass java/lang/Throwable$PrintStreamOrWriter
instanceKlass java/util/stream/LongStream
instanceKlass java/util/stream/IntStream
instanceKlass java/util/stream/DoubleStream
instanceKlass java/util/function/UnaryOperator
instanceKlass java/util/stream/Stream$Builder
instanceKlass java/util/function/IntFunction
instanceKlass sun/reflect/generics/reflectiveObjects/GenericArrayTypeImpl
instanceKlass java/io/ObjectOutput
instanceKlass java/lang/AssertionStatusDirectives
instanceKlass java/lang/Class$EnclosingMethodInfo
instanceKlass java/util/function/ToLongFunction
instanceKlass java/util/function/ToIntFunction
instanceKlass java/util/function/ToDoubleFunction
instanceKlass java/lang/invoke/SerializedLambda
instanceKlass java/lang/FunctionalInterface
instanceKlass org/glassfish/pfl/basic/contain/ObjectSet
instanceKlass org/glassfish/gmbal/ManagedObject
instanceKlass org/glassfish/gmbal/Description
instanceKlass org/glassfish/gmbal/ManagedAttribute
instanceKlass org/glassfish/gmbal/typelib/ForceTypelibError
instanceKlass org/glassfish/gmbal/typelib/TypeEvaluator$TypeEvaluationVisitor$1
instanceKlass org/glassfish/gmbal/typelib/TypeEvaluator$TypeEvaluationVisitor$4
instanceKlass org/glassfish/gmbal/typelib/TypeEvaluator$TypeEvaluationVisitor$3
instanceKlass org/glassfish/gmbal/typelib/TypeEvaluator$TypeEvaluationVisitor$2
instanceKlass org/glassfish/gmbal/typelib/TypeEvaluator$TypeEvaluationVisitor$OrderedResult
instanceKlass org/glassfish/gmbal/typelib/TypeEvaluator$PartialDefinitions
instanceKlass org/glassfish/pfl/basic/contain/Display
instanceKlass org/glassfish/gmbal/typelib/TypeEvaluator$TypeEvaluationVisitor
instanceKlass org/glassfish/gmbal/typelib/EvaluatedTypeBase
instanceKlass org/glassfish/gmbal/typelib/EvaluatedFieldDeclaration
instanceKlass org/glassfish/gmbal/typelib/EvaluatedArrayType
instanceKlass org/glassfish/gmbal/typelib/EvaluatedMethodDeclaration
instanceKlass org/glassfish/gmbal/typelib/EvaluatedAccessibleDeclaration
instanceKlass org/glassfish/gmbal/typelib/EvaluatedClassDeclaration
instanceKlass org/glassfish/gmbal/typelib/EvaluatedDeclaration
instanceKlass org/glassfish/gmbal/typelib/DeclarationFactory
instanceKlass org/glassfish/gmbal/typelib/TypeEvaluator
instanceKlass org/glassfish/gmbal/AMXMBeanInterface
instanceKlass org/glassfish/gmbal/impl/JMXRegistrationManager
instanceKlass org/glassfish/gmbal/GmbalMBean
instanceKlass org/glassfish/gmbal/impl/MBeanTree
instanceKlass org/glassfish/external/statistics/AverageRangeStatistic
instanceKlass org/glassfish/gmbal/impl/ManagedObjectManagerImpl$DummyAverageRangeStatistic
instanceKlass org/glassfish/gmbal/impl/ManagedObjectManagerImpl$DummyCountStatistic
instanceKlass org/glassfish/external/statistics/BoundedRangeStatistic
instanceKlass org/glassfish/external/statistics/RangeStatistic
instanceKlass org/glassfish/gmbal/impl/ManagedObjectManagerImpl$DummyBoundedRangeStatistic
instanceKlass org/glassfish/gmbal/impl/ManagedObjectManagerImpl$DummyRangeStatistic
instanceKlass org/glassfish/external/statistics/BoundaryStatistic
instanceKlass org/glassfish/gmbal/impl/ManagedObjectManagerImpl$DummyBoundaryStatistic
instanceKlass org/glassfish/external/statistics/TimeStatistic
instanceKlass org/glassfish/gmbal/impl/ManagedObjectManagerImpl$DummyTimeStatistic
instanceKlass org/glassfish/pfl/basic/func/BinaryFunction
instanceKlass org/glassfish/pfl/basic/algorithm/Algorithms
instanceKlass org/glassfish/gmbal/impl/ManagedObjectManagerImpl$DummyStringStatistic
instanceKlass org/glassfish/gmbal/impl/ManagedObjectManagerImpl$DummyStatistic
instanceKlass org/glassfish/gmbal/util/GenericConstructor$1
instanceKlass org/glassfish/gmbal/impl/ManagedObjectManagerImpl$StringComparator
instanceKlass org/glassfish/gmbal/typelib/EvaluatedType
instanceKlass org/glassfish/pfl/basic/algorithm/ObjectUtility$ClassMap
instanceKlass org/glassfish/pfl/basic/algorithm/ObjectUtility$5
instanceKlass org/glassfish/pfl/basic/algorithm/ObjectUtility$4
instanceKlass org/glassfish/pfl/basic/algorithm/ObjectUtility$2
instanceKlass org/glassfish/pfl/basic/algorithm/ObjectUtility$1
instanceKlass org/glassfish/pfl/basic/algorithm/ObjectUtility$6
instanceKlass org/glassfish/pfl/basic/algorithm/ObjectUtility$3
instanceKlass org/glassfish/pfl/basic/algorithm/ObjectUtility$ObjectPrinter
instanceKlass org/glassfish/pfl/basic/algorithm/ObjectUtility
instanceKlass org/glassfish/gmbal/AMXMetadata
instanceKlass org/glassfish/gmbal/impl/ManagedObjectManagerImpl$DefaultAMXMetadataHolder
instanceKlass org/glassfish/pfl/basic/facet/FacetAccessor
instanceKlass org/glassfish/pfl/tf/timer/spi/ObjectRegistrationManager
instanceKlass org/glassfish/gmbal/impl/ManagedObjectManagerImpl
instanceKlass org/glassfish/gmbal/impl/ManagedObjectManagerInternal
instanceKlass org/glassfish/gmbal/ManagedObjectManager
instanceKlass org/glassfish/gmbal/util/GenericConstructor
instanceKlass org/glassfish/gmbal/ManagedObjectManagerFactory
instanceKlass com/sun/corba/ee/impl/orb/ParserTable$12$1
instanceKlass org/glassfish/enterprise/iiop/impl/IIOPSSLSocketFactory$SSLInfo
instanceKlass org/glassfish/security/common/SharedSecureRandomImpl
instanceKlass com/sun/corba/ee/spi/misc/ORBClassLoader
instanceKlass com/sun/corba/ee/impl/orb/DataCollectorBase$6
instanceKlass com/sun/corba/ee/impl/orb/DataCollectorBase$5
instanceKlass com/sun/corba/ee/org/omg/CORBA/GetPropertyAction
instanceKlass com/sun/corba/ee/impl/orb/ParserActionBase
instanceKlass com/sun/corba/ee/impl/orb/ParserAction
instanceKlass com/sun/corba/ee/impl/orb/ParserActionFactory
instanceKlass com/sun/corba/ee/spi/orb/PropertyParser
instanceKlass com/sun/corba/ee/spi/orb/ParserImplBase$1
instanceKlass com/sun/corba/ee/spi/orb/ParserImplTableBase$MapEntry
instanceKlass com/sun/corba/ee/spi/orb/ParserImplTableBase$FieldMap$1$1
instanceKlass com/sun/corba/ee/spi/orb/OperationFactoryExt$ConvertAction
instanceKlass com/sun/corba/ee/spi/orb/OperationFactoryExt
instanceKlass com/sun/corba/ee/impl/orb/ParserTable$13
instanceKlass com/sun/corba/ee/impl/orb/ParserTable$12
instanceKlass com/sun/corba/ee/impl/orb/ParserTable$TestBadServerIdHandler
instanceKlass com/sun/corba/ee/impl/oa/poa/BadServerIdHandler
instanceKlass com/sun/corba/ee/impl/orb/ParserTable$TestContactInfoListFactory
instanceKlass com/sun/corba/ee/spi/transport/ContactInfoListFactory
instanceKlass com/sun/corba/ee/impl/orb/ParserTable$7
instanceKlass com/sun/corba/ee/impl/orb/ParserTable$TestIIOPPrimaryToContactInfo
instanceKlass com/sun/corba/ee/spi/transport/IIOPPrimaryToContactInfo
instanceKlass com/sun/corba/ee/impl/orb/ParserTable$6
instanceKlass com/sun/corba/ee/impl/orb/ParserTable$TestIORToSocketInfo
instanceKlass com/sun/corba/ee/spi/transport/SocketInfo
instanceKlass com/sun/corba/ee/impl/transport/DefaultIORToSocketInfoImpl
instanceKlass com/sun/corba/ee/spi/transport/IORToSocketInfo
instanceKlass com/sun/corba/ee/impl/orb/ParserTable$5
instanceKlass com/sun/corba/ee/impl/orb/ParserTable$1
instanceKlass com/sun/corba/ee/impl/orb/ParserTable$TestORBSocketFactory
instanceKlass com/sun/corba/ee/impl/transport/DefaultSocketFactoryImpl
instanceKlass com/sun/corba/ee/impl/orb/ParserTable$4
instanceKlass com/sun/corba/ee/impl/orb/ParserTable$TestLegacyORBSocketFactory
instanceKlass com/sun/corba/ee/spi/legacy/connection/ORBSocketFactory
instanceKlass com/sun/corba/ee/impl/orb/ParserTable$3
instanceKlass com/sun/corba/ee/impl/encoding/CodeSetComponentInfo$CodeSetContext
instanceKlass com/sun/corba/ee/impl/encoding/OSFCodeSetRegistry
instanceKlass com/sun/corba/ee/impl/encoding/CodeSetComponentInfo$CodeSetComponent
instanceKlass com/sun/corba/ee/impl/encoding/CodeSetComponentInfo
instanceKlass com/sun/corba/ee/impl/orb/ParserTable$8
instanceKlass com/sun/corba/ee/impl/orb/ParserTable$9
instanceKlass com/sun/corba/ee/impl/orb/ParserTable$2
instanceKlass com/sun/corba/ee/impl/orb/ParserTable$10
instanceKlass com/sun/corba/ee/impl/orb/ParserTable$11
instanceKlass com/sun/corba/ee/impl/orb/ParserDataBase
instanceKlass com/sun/corba/ee/spi/orb/ParserDataFactory
instanceKlass com/sun/corba/ee/spi/orb/ParserData
instanceKlass com/sun/corba/ee/impl/orb/ParserTable$TestAcceptor1
instanceKlass com/sun/corba/ee/impl/orb/ParserTable$TestAcceptor2
instanceKlass com/sun/corba/ee/spi/transport/Acceptor
instanceKlass org/glassfish/pfl/basic/contain/Pair
instanceKlass com/sun/corba/ee/spi/transport/TcpTimeouts$Waiter
instanceKlass com/sun/corba/ee/impl/transport/TcpTimeoutsImpl
instanceKlass com/sun/corba/ee/spi/transport/TcpTimeouts$1
instanceKlass com/sun/corba/ee/spi/transport/TcpTimeouts$Factory
instanceKlass com/sun/corba/ee/spi/transport/TcpTimeouts
instanceKlass com/sun/corba/ee/impl/legacy/connection/USLPort
instanceKlass com/sun/corba/ee/spi/orb/OperationFactory$OperationBase
instanceKlass com/sun/corba/ee/spi/orb/OperationFactory
instanceKlass com/sun/corba/ee/spi/orb/Operation
instanceKlass com/sun/corba/ee/impl/orb/ParserTable
instanceKlass com/sun/corba/ee/spi/orb/ParserImplBase
instanceKlass com/sun/corba/ee/impl/orb/PropertyCallback
instanceKlass com/sun/corba/ee/impl/orb/DataCollectorBase
instanceKlass com/sun/corba/ee/spi/orb/DataCollector
instanceKlass com/sun/corba/ee/impl/orb/DataCollectorFactory
instanceKlass com/sun/corba/ee/impl/servicecontext/ServiceContextFactoryRegistryImpl
instanceKlass com/sun/corba/ee/spi/servicecontext/ServiceContextBase
instanceKlass com/sun/corba/ee/impl/orb/ORBVersionImpl
instanceKlass com/sun/corba/ee/spi/orb/ORBVersion
instanceKlass com/sun/corba/ee/spi/orb/ORBVersionFactory
instanceKlass com/sun/corba/ee/spi/servicecontext/UEInfoServiceContext
instanceKlass com/sun/corba/ee/spi/servicecontext/ServiceContexts
instanceKlass com/sun/corba/ee/spi/servicecontext/CodeSetServiceContext
instanceKlass com/sun/corba/ee/spi/servicecontext/SendingContextServiceContext
instanceKlass com/sun/corba/ee/spi/servicecontext/UnknownServiceContext
instanceKlass com/sun/corba/ee/spi/servicecontext/ServiceContext$Factory
instanceKlass com/sun/corba/ee/spi/servicecontext/MaxStreamFormatVersionServiceContext
instanceKlass com/sun/corba/ee/spi/servicecontext/ServiceContextFactoryRegistry
instanceKlass com/sun/corba/ee/spi/servicecontext/ORBVersionServiceContext
instanceKlass com/sun/corba/ee/spi/servicecontext/ServiceContext
instanceKlass com/sun/corba/ee/spi/servicecontext/ServiceContextDefaults
instanceKlass com/sun/corba/ee/spi/ior/TaggedProfile
instanceKlass com/sun/corba/ee/spi/ior/MakeImmutable
instanceKlass com/sun/corba/ee/impl/ior/IdentifiableFactoryFinderBase
instanceKlass com/sun/corba/ee/impl/copyobject/CopierManagerImpl
instanceKlass org/glassfish/pfl/basic/contain/DenseIntMapImpl
instanceKlass org/glassfish/pfl/basic/contain/IntMap
instanceKlass com/sun/corba/ee/impl/protocol/RequestDispatcherRegistryImpl
instanceKlass org/glassfish/external/amx/AMXUtil
instanceKlass org/glassfish/external/amx/MBeanListener$Callback
instanceKlass org/glassfish/external/amx/AMXGlassfish
instanceKlass com/sun/corba/ee/spi/orb/ObjectKeyCacheEntry
instanceKlass com/sun/corba/ee/impl/orb/ORBImpl$3
instanceKlass com/sun/corba/ee/impl/orb/ORBImpl$2
instanceKlass org/glassfish/pfl/basic/contain/ResourceFactory
instanceKlass com/sun/corba/ee/impl/orb/SynchVariable
instanceKlass com/sun/corba/ee/impl/ior/ObjectAdapterIdBase
instanceKlass com/sun/corba/ee/spi/logging/IORSystemException
instanceKlass com/sun/corba/ee/impl/ior/WireObjectKeyTemplate
instanceKlass com/sun/corba/ee/spi/ior/ObjectKeyTemplate
instanceKlass com/sun/corba/ee/spi/orb/ORB$2
instanceKlass javax/rmi/CORBA/Tie
instanceKlass com/sun/corba/ee/impl/presentation/rmi/StubFactoryFactoryBase
instanceKlass com/sun/corba/ee/spi/presentation/rmi/DynamicMethodMarshaller
instanceKlass com/sun/corba/ee/spi/presentation/rmi/PresentationManager$ClassData
instanceKlass com/sun/corba/ee/impl/presentation/rmi/PresentationManagerImpl
instanceKlass com/sun/corba/ee/spi/presentation/rmi/PresentationDefaults$2
instanceKlass com/sun/corba/ee/spi/presentation/rmi/PresentationDefaults$1
instanceKlass com/sun/corba/ee/spi/presentation/rmi/PresentationManager$StubFactory
instanceKlass com/sun/corba/ee/spi/presentation/rmi/PresentationManager$StubFactoryFactory
instanceKlass com/sun/corba/ee/spi/presentation/rmi/InvocationInterceptor
instanceKlass com/sun/corba/ee/spi/presentation/rmi/PresentationDefaults
instanceKlass com/sun/corba/ee/spi/logex/corba/CS
instanceKlass com/sun/corba/ee/spi/ior/ObjectAdapterId
instanceKlass com/sun/corba/ee/spi/logging/OMGSystemException
instanceKlass org/glassfish/pfl/basic/logex/Message
instanceKlass org/glassfish/pfl/basic/logex/Log
instanceKlass com/sun/corba/ee/spi/ior/IdentifiableBase
instanceKlass com/sun/corba/ee/spi/ior/WriteContents
instanceKlass com/sun/corba/ee/spi/ior/TaggedComponent
instanceKlass com/sun/corba/ee/spi/ior/Identifiable
instanceKlass com/sun/corba/ee/spi/ior/Writeable
instanceKlass com/sun/corba/ee/spi/ior/iiop/GIOPVersion
instanceKlass java/nio/channels/Selector
instanceKlass com/sun/corba/ee/impl/encoding/OSFCodeSetRegistry$Entry
instanceKlass com/sun/corba/ee/spi/transport/Connection
instanceKlass com/sun/corba/ee/spi/legacy/connection/Connection
instanceKlass java/nio/channels/SelectionKey
instanceKlass com/sun/corba/ee/spi/transport/EventHandler
instanceKlass org/glassfish/pfl/basic/logex/WrapperGenerator$MessageInfo
instanceKlass org/glassfish/pfl/basic/func/FunctionBase
instanceKlass org/glassfish/pfl/basic/logex/WrapperGenerator$3
instanceKlass org/glassfish/pfl/basic/logex/WrapperGenerator$2
instanceKlass com/sun/corba/ee/spi/logex/corba/ORBException
instanceKlass org/glassfish/pfl/basic/algorithm/AnnotationAnalyzer$4
instanceKlass org/glassfish/pfl/basic/algorithm/Graph
instanceKlass org/glassfish/pfl/basic/algorithm/ClassAnalyzer$1
instanceKlass org/glassfish/pfl/basic/algorithm/Graph$Finder
instanceKlass org/glassfish/pfl/basic/algorithm/ClassAnalyzer
instanceKlass org/glassfish/pfl/basic/logex/ExceptionWrapper
instanceKlass org/glassfish/pfl/basic/proxy/CompositeInvocationHandlerImpl
instanceKlass org/glassfish/pfl/basic/func/UnaryPredicate
instanceKlass org/glassfish/pfl/basic/algorithm/AnnotationAnalyzer
instanceKlass org/glassfish/pfl/basic/proxy/CompositeInvocationHandler
instanceKlass org/glassfish/pfl/basic/logex/WrapperGenerator
instanceKlass org/omg/CORBA/CompletionStatus
instanceKlass org/glassfish/pfl/basic/logex/WrapperGenerator$ExtensionBase
instanceKlass org/glassfish/pfl/basic/logex/WrapperGenerator$Extension
instanceKlass com/sun/corba/ee/spi/logging/ORBUtilSystemException
instanceKlass com/sun/corba/ee/spi/orb/ORB$1
instanceKlass org/glassfish/pfl/tf/spi/Named
instanceKlass org/glassfish/pfl/tf/spi/MethodMonitor
instanceKlass org/glassfish/pfl/tf/spi/MethodMonitorFactory
instanceKlass org/glassfish/pfl/tf/spi/MethodMonitorFactoryDefaults
instanceKlass com/sun/corba/ee/spi/transport/TransportManager
instanceKlass com/sun/corba/ee/spi/orb/ORBData
instanceKlass com/sun/corba/ee/spi/ior/TaggedComponentFactoryFinder
instanceKlass com/sun/corba/ee/spi/ior/IdentifiableFactoryFinder
instanceKlass com/sun/corba/ee/spi/copyobject/CopierManager
instanceKlass com/sun/corba/ee/spi/protocol/RequestDispatcherRegistry
instanceKlass com/sun/corba/ee/spi/protocol/PIHandler
instanceKlass com/sun/corba/ee/spi/legacy/connection/LegacyServerSocketManager
instanceKlass com/sun/corba/ee/spi/protocol/ClientInvocationInfo
instanceKlass com/sun/corba/ee/spi/threadpool/ThreadPoolManager
instanceKlass org/omg/CORBA/portable/ValueOutputStream
instanceKlass org/omg/CORBA/DataOutputStream
instanceKlass org/omg/CORBA/portable/ValueBase
instanceKlass com/sun/corba/ee/impl/encoding/MarshalOutputStream
instanceKlass org/omg/CORBA/NamedValue
instanceKlass org/omg/CORBA/NVList
instanceKlass org/omg/CORBA/ExceptionList
instanceKlass org/omg/CORBA/Environment
instanceKlass org/omg/CORBA/ContextList
instanceKlass org/omg/CORBA/Any
instanceKlass org/omg/CORBA/TypeCode
instanceKlass org/glassfish/pfl/basic/concurrent/WeakCache
instanceKlass org/glassfish/pfl/basic/func/NullaryFunction
instanceKlass com/sun/corba/ee/spi/transport/ByteBufferPool
instanceKlass org/glassfish/pfl/basic/func/UnaryFunction
instanceKlass com/sun/corba/ee/spi/presentation/rmi/PresentationManager
instanceKlass com/sun/corba/ee/spi/osgi/ORBFactory
instanceKlass com/sun/enterprise/util/Utility
instanceKlass org/glassfish/enterprise/iiop/api/GlassFishORBLifeCycleListener
instanceKlass com/sun/corba/ee/impl/folb/CSIv2SSLTaggedComponentHandler
instanceKlass org/glassfish/enterprise/iiop/impl/GlassFishORBManager$1
instanceKlass com/sun/enterprise/naming/impl/NamedNamingObjectManager
instanceKlass sun/launcher/LauncherHelper$FXHelper
instanceKlass java/io/FileOutputStream$1
instanceKlass sun/usagetracker/UsageTrackerClient$3
instanceKlass sun/usagetracker/UsageTrackerClient$2
instanceKlass sun/usagetracker/UsageTrackerClient$4
instanceKlass sun/usagetracker/UsageTrackerClient$1
instanceKlass sun/usagetracker/UsageTrackerClient
instanceKlass sun/misc/PostVMInitHook$1
instanceKlass jdk/internal/util/EnvUtils
instanceKlass sun/misc/PostVMInitHook$2
instanceKlass sun/misc/PostVMInitHook
instanceKlass com/sun/enterprise/deployment/BundleDescriptor$InjectionInfoCacheKey
instanceKlass javax/servlet/ServletContext
instanceKlass javax/enterprise/inject/spi/CDI
instanceKlass org/jboss/weld/inject/WeldInstance
instanceKlass javax/enterprise/inject/se/SeContainer
instanceKlass javax/enterprise/inject/Instance
instanceKlass org/jboss/weld/environment/ContainerInstance
instanceKlass javax/enterprise/inject/spi/InjectionTarget
instanceKlass javax/enterprise/inject/spi/Producer
instanceKlass com/sun/enterprise/container/common/spi/JCDIService$JCDIInjectionContext
instanceKlass org/glassfish/appclient/client/acc/ACCJCDIServiceImpl
instanceKlass com/sun/enterprise/container/common/spi/JCDIService
instanceKlass org/glassfish/hk2/runlevel/internal/RunLevelControllerImpl
instanceKlass org/glassfish/hk2/runlevel/utilities/Utilities
instanceKlass java/util/concurrent/SynchronousQueue$TransferQueue$QNode
instanceKlass org/glassfish/hk2/runlevel/internal/AsyncRunLevelContext$RunLevelThreadFactory
instanceKlass org/glassfish/hk2/runlevel/internal/AsyncRunLevelContext$1
instanceKlass org/glassfish/hk2/runlevel/internal/CurrentTaskFutureWrapper
instanceKlass org/glassfish/hk2/runlevel/RunLevelFuture
instanceKlass org/glassfish/security/services/common/SecurityScope
instanceKlass org/glassfish/security/services/common/StateManager
instanceKlass org/glassfish/security/services/common/SecurityScopeContext
instanceKlass org/glassfish/hk2/runlevel/internal/AsyncRunLevelContext
instanceKlass org/glassfish/hk2/runlevel/RunLevelContext
instanceKlass com/sun/enterprise/container/common/impl/managedbean/ManagedBeanManagerImpl
instanceKlass com/sun/enterprise/container/common/spi/ManagedBeanManager
instanceKlass org/apache/naming/resources/DirContextURLStreamHandlerFactory
instanceKlass org/glassfish/appclient/client/acc/AppClientContainer$3
instanceKlass com/sun/enterprise/container/common/impl/ComponentEnvManagerImpl$RefCountJndiNameEnvironment
instanceKlass com/sun/enterprise/naming/impl/GlassfishNamingManagerImpl$ComponentIdInfo
instanceKlass com/sun/enterprise/deployment/ApplicationClientDescriptor$1
instanceKlass com/sun/enterprise/deployment/util/ManagedBeanVisitor
instanceKlass com/sun/enterprise/deployment/util/ApplicationVisitor
instanceKlass com/sun/enterprise/deployment/util/AppClientVisitor
instanceKlass javax/security/auth/message/config/AuthConfigFactory
instanceKlass com/sun/enterprise/security/auth/login/LoginCallbackHandler
instanceKlass com/sun/enterprise/config/serverbeans/SecurityService
instanceKlass org/glassfish/deployment/versioning/VersioningUtils
instanceKlass com/sun/enterprise/security/acl/RoleMapper
instanceKlass com/sun/enterprise/security/acl/RoleMapperFactory
instanceKlass com/sun/enterprise/deployment/EjbDescriptor
instanceKlass org/glassfish/deployment/common/SecurityRoleMapper
instanceKlass com/sun/enterprise/deployment/util/DefaultDOLVisitor
instanceKlass com/sun/enterprise/deployment/util/ComponentPostVisitor
instanceKlass java/util/Observer
instanceKlass org/glassfish/apf/impl/ComponentDefinition$MethodKey
instanceKlass java/util/zip/ZipUtils
instanceKlass java/lang/Package$1
instanceKlass org/glassfish/apf/impl/ComponentDefinition
instanceKlass org/glassfish/apf/impl/HandlerProcessingResultImpl
instanceKlass org/glassfish/apf/impl/StackElement
instanceKlass org/glassfish/apf/impl/ProcessingResultImpl
instanceKlass org/glassfish/apf/impl/ProcessingContextImpl
instanceKlass podsistem1novi/Main
instanceKlass javax/ejb/Singleton
instanceKlass javax/ejb/Stateless
instanceKlass javax/ejb/Stateful
instanceKlass javax/ejb/MessageDriven
instanceKlass com/sun/enterprise/deployment/annotation/introspection/AbstractAnnotationScanner
instanceKlass org/glassfish/hk2/classmodel/reflect/util/CommonModelRegistry
instanceKlass org/glassfish/hk2/classmodel/reflect/Parser$Result
instanceKlass org/glassfish/hk2/external/org/objectweb/asm/Opcodes
instanceKlass org/glassfish/hk2/external/org/objectweb/asm/ModuleVisitor
instanceKlass org/glassfish/hk2/external/org/objectweb/asm/Label
instanceKlass org/glassfish/hk2/classmodel/reflect/MethodModel
instanceKlass org/glassfish/hk2/classmodel/reflect/impl/AnnotationModelImpl
instanceKlass org/glassfish/hk2/classmodel/reflect/impl/TypeProxy
instanceKlass org/glassfish/hk2/external/org/objectweb/asm/Type
instanceKlass org/glassfish/hk2/external/org/objectweb/asm/Context
instanceKlass org/glassfish/hk2/external/org/objectweb/asm/Attribute
instanceKlass org/glassfish/hk2/classmodel/reflect/impl/ModelClassVisitor$AnnotationVisitingContext
instanceKlass org/glassfish/hk2/classmodel/reflect/FieldModel
instanceKlass org/glassfish/hk2/classmodel/reflect/Member
instanceKlass org/glassfish/hk2/classmodel/reflect/impl/ModelClassVisitor$MemberVisitingContext
instanceKlass org/glassfish/hk2/classmodel/reflect/impl/ModelClassVisitor$ClassVisitingContext
instanceKlass org/glassfish/hk2/classmodel/reflect/ClassModel
instanceKlass org/glassfish/hk2/classmodel/reflect/impl/AnnotatedElementImpl
instanceKlass org/glassfish/hk2/classmodel/reflect/impl/TypesImpl
instanceKlass org/glassfish/hk2/external/org/objectweb/asm/MethodVisitor
instanceKlass org/glassfish/hk2/external/org/objectweb/asm/FieldVisitor
instanceKlass org/glassfish/hk2/external/org/objectweb/asm/AnnotationVisitor
instanceKlass org/glassfish/hk2/classmodel/reflect/AnnotationModel
instanceKlass org/glassfish/hk2/classmodel/reflect/AnnotationType
instanceKlass org/glassfish/hk2/classmodel/reflect/InterfaceModel
instanceKlass org/glassfish/hk2/classmodel/reflect/ExtensibleType
instanceKlass org/glassfish/hk2/external/org/objectweb/asm/signature/SignatureVisitor
instanceKlass java/util/concurrent/locks/LockSupport
instanceKlass org/glassfish/loader/util/ASClassLoaderUtil
instanceKlass org/glassfish/hk2/external/org/objectweb/asm/ClassReader
instanceKlass org/glassfish/deployment/common/DeploymentUtils
instanceKlass org/glassfish/hk2/classmodel/reflect/ArchiveAdapter$Entry
instanceKlass org/glassfish/hk2/classmodel/reflect/Parser$5
instanceKlass org/glassfish/hk2/classmodel/reflect/Parser$4
instanceKlass org/glassfish/hk2/classmodel/reflect/Parser$3
instanceKlass org/glassfish/hk2/classmodel/reflect/Parser$2
instanceKlass org/glassfish/hk2/classmodel/reflect/util/AbstractAdapter
instanceKlass org/glassfish/hk2/classmodel/reflect/ArchiveAdapter
instanceKlass org/glassfish/hk2/classmodel/reflect/ArchiveAdapter$Selector
instanceKlass org/glassfish/hk2/classmodel/reflect/ArchiveAdapter$EntryTask
instanceKlass org/glassfish/hk2/classmodel/reflect/impl/TypesCtr$ProxyTask
instanceKlass org/glassfish/hk2/classmodel/reflect/ParsingContext$1
instanceKlass org/glassfish/hk2/classmodel/reflect/impl/TypesCtr
instanceKlass org/glassfish/hk2/external/org/objectweb/asm/ClassVisitor
instanceKlass org/glassfish/hk2/classmodel/reflect/impl/TypeBuilder
instanceKlass org/glassfish/hk2/classmodel/reflect/util/ResourceLocator
instanceKlass org/glassfish/hk2/classmodel/reflect/util/ParsingConfig
instanceKlass org/glassfish/hk2/classmodel/reflect/ParsingContext
instanceKlass com/sun/enterprise/deployment/annotation/impl/ModuleScanner$1
instanceKlass org/glassfish/hk2/classmodel/reflect/ParsingContext$Builder
instanceKlass org/glassfish/apf/context/AnnotationContext
instanceKlass com/sun/enterprise/deployment/annotation/context/HandlerContext
instanceKlass com/sun/enterprise/deployment/annotation/context/ComponentContext
instanceKlass com/sun/enterprise/deployment/annotation/context/ResourceContainerContext
instanceKlass com/sun/enterprise/deployment/annotation/context/ServiceReferenceContainerContext
instanceKlass org/glassfish/apf/AnnotatedElementHandler
instanceKlass com/sun/enterprise/deployment/annotation/factory/AnnotatedElementHandlerFactory
instanceKlass sun/reflect/annotation/AnnotationInvocationHandler$1
instanceKlass org/glassfish/ejb/deployment/EjbAnnotationTypesProvider
instanceKlass com/sun/enterprise/deployment/annotation/introspection/DefaultAnnotationScanner
instanceKlass com/sun/enterprise/deployment/annotation/introspection/AnnotationScanner
instanceKlass org/glassfish/internal/deployment/AnnotationTypesProvider
instanceKlass org/glassfish/hk2/classmodel/reflect/Types
instanceKlass org/glassfish/hk2/classmodel/reflect/Parser
instanceKlass org/glassfish/hk2/classmodel/reflect/Type
instanceKlass org/glassfish/hk2/classmodel/reflect/AnnotatedElement
instanceKlass org/glassfish/apf/ComponentInfo
instanceKlass com/sun/enterprise/deployment/node/DescriptorFactory
instanceKlass com/sun/enterprise/deployment/web/SecurityRole
instanceKlass org/glassfish/security/common/PrincipalImpl
instanceKlass com/sun/enterprise/deployment/ResourceDescriptorRegistry
instanceKlass com/sun/org/apache/xerces/internal/impl/xs/AttributePSVImpl
instanceKlass com/sun/org/apache/xerces/internal/xs/AttributePSVI
instanceKlass com/sun/org/apache/xerces/internal/impl/xs/XMLSchemaValidator$ValueStoreBase
instanceKlass com/sun/org/apache/xerces/internal/impl/xs/identity/ValueStore
instanceKlass com/sun/org/apache/xerces/internal/impl/xs/models/XSDFACM
instanceKlass com/sun/org/apache/xerces/internal/impl/dv/xs/XSSimpleTypeDecl$ValidationContextImpl
instanceKlass com/sun/org/apache/xerces/internal/impl/xs/XSConstraints$1
instanceKlass com/sun/org/apache/xerces/internal/impl/xs/XSConstraints
instanceKlass com/sun/org/apache/xerces/internal/impl/xs/identity/Field
instanceKlass com/sun/org/apache/xerces/internal/impl/xs/identity/Selector
instanceKlass com/sun/org/apache/xerces/internal/impl/xpath/XPath$LocationPath
instanceKlass com/sun/org/apache/xerces/internal/impl/xpath/XPath$Step
instanceKlass com/sun/org/apache/xerces/internal/impl/xpath/XPath$NodeTest
instanceKlass com/sun/org/apache/xerces/internal/impl/xpath/XPath$Axis
instanceKlass com/sun/org/apache/xerces/internal/impl/xpath/XPath$Scanner
instanceKlass com/sun/org/apache/xerces/internal/impl/xpath/XPath$Tokens
instanceKlass com/sun/org/apache/xerces/internal/impl/xpath/XPath
instanceKlass com/sun/org/apache/xerces/internal/impl/xs/traversers/XSDAbstractTraverser$FacetInfo
instanceKlass com/sun/org/apache/xerces/internal/impl/xs/util/XSObjectListImpl$1
instanceKlass com/sun/org/apache/xerces/internal/xs/XSObjectList
instanceKlass com/sun/org/apache/xerces/internal/xs/datatypes/XSQName
instanceKlass com/sun/org/apache/xerces/internal/impl/xs/XSAnnotationImpl
instanceKlass com/sun/org/apache/xerces/internal/xs/XSAnnotation
instanceKlass com/sun/org/apache/xerces/internal/impl/xpath/regex/RegularExpression$ClosureContext
instanceKlass com/sun/org/apache/xerces/internal/impl/xpath/regex/RegularExpression$ExpressionTarget
instanceKlass com/sun/org/apache/xerces/internal/impl/xpath/regex/RegularExpression$Context
instanceKlass com/sun/org/apache/xerces/internal/impl/xpath/regex/Op
instanceKlass com/sun/org/apache/xerces/internal/impl/xs/opti/NamedNodeMapImpl
instanceKlass org/w3c/dom/NamedNodeMap
instanceKlass com/sun/org/apache/xerces/internal/impl/xs/identity/IdentityConstraint
instanceKlass com/sun/org/apache/xerces/internal/xs/XSIDCDefinition
instanceKlass com/sun/org/apache/xerces/internal/impl/xs/traversers/XSDAbstractParticleTraverser$ParticleArray
instanceKlass com/sun/org/apache/xerces/internal/impl/xs/traversers/XSDAbstractTraverser
instanceKlass com/sun/org/apache/xerces/internal/impl/xs/traversers/Container
instanceKlass com/sun/org/apache/xerces/internal/impl/xs/traversers/OneAttr
instanceKlass com/sun/org/apache/xerces/internal/impl/xs/util/XInt
instanceKlass com/sun/org/apache/xerces/internal/impl/xs/util/XIntPool
instanceKlass com/sun/org/apache/xerces/internal/impl/xs/traversers/XSAttributeChecker
instanceKlass com/sun/org/apache/xerces/internal/util/DOMUtil
instanceKlass com/sun/org/apache/xerces/internal/util/NamespaceSupport$Prefixes
instanceKlass org/w3c/dom/Attr
instanceKlass com/sun/org/apache/xerces/internal/impl/xs/opti/DefaultNode
instanceKlass sun/net/DefaultProgressMeteringPolicy
instanceKlass sun/net/ProgressMeteringPolicy
instanceKlass sun/net/ProgressMonitor
instanceKlass com/sun/org/apache/xerces/internal/impl/xs/traversers/XSDHandler$XSDKey
instanceKlass com/sun/enterprise/deployment/xml/DTDRegistry
instanceKlass com/sun/org/apache/xerces/internal/impl/xs/XMLSchemaLoader$LocationArray
instanceKlass com/sun/org/apache/xerces/internal/xs/ShortList
instanceKlass com/sun/org/apache/xerces/internal/xs/datatypes/ObjectList
instanceKlass com/sun/org/apache/xerces/internal/impl/xs/XMLSchemaValidator$LocalIDKey
instanceKlass com/sun/org/apache/xerces/internal/impl/xs/XMLSchemaValidator$ValueStoreCache
instanceKlass com/sun/org/apache/xerces/internal/util/IntStack
instanceKlass com/sun/org/apache/xerces/internal/impl/xs/identity/XPathMatcher
instanceKlass com/sun/org/apache/xerces/internal/impl/xs/XMLSchemaValidator$XPathMatcherStack
instanceKlass com/sun/org/apache/xerces/internal/impl/xs/XSNotationDecl
instanceKlass com/sun/org/apache/xerces/internal/xs/XSNotationDeclaration
instanceKlass com/sun/org/apache/xerces/internal/impl/xs/opti/SchemaDOMParser$BooleanStack
instanceKlass com/sun/org/apache/xerces/internal/impl/xs/opti/DefaultXMLDocumentHandler
instanceKlass com/sun/org/apache/xerces/internal/impl/xs/traversers/XSDocumentInfo
instanceKlass com/sun/org/apache/xerces/internal/impl/xs/traversers/XSDHandler
instanceKlass com/sun/org/apache/xerces/internal/impl/xs/XSMessageFormatter
instanceKlass com/sun/org/apache/xerces/internal/util/DefaultErrorHandler
instanceKlass com/sun/org/apache/xerces/internal/impl/xs/XMLSchemaLoader
instanceKlass org/w3c/dom/DOMConfiguration
instanceKlass com/sun/org/apache/xerces/internal/xs/XSLoader
instanceKlass com/sun/org/apache/xerces/internal/xni/grammars/XMLGrammarLoader
instanceKlass com/sun/org/apache/xerces/internal/impl/xs/models/XSEmptyCM
instanceKlass com/sun/org/apache/xerces/internal/impl/xs/models/XSCMValidator
instanceKlass com/sun/org/apache/xerces/internal/impl/xs/models/CMBuilder
instanceKlass com/sun/org/apache/xerces/internal/impl/xs/models/CMNodeFactory
instanceKlass com/sun/org/apache/xerces/internal/impl/xs/SubstitutionGroupHandler$OneSubGroup
instanceKlass com/sun/org/apache/xerces/internal/impl/xs/SubstitutionGroupHandler
instanceKlass com/sun/org/apache/xerces/internal/impl/xs/XSGrammarBucket
instanceKlass com/sun/org/apache/xerces/internal/impl/xs/XMLSchemaValidator$XSIErrorReporter
instanceKlass com/sun/org/apache/xerces/internal/impl/xs/ElementPSVImpl
instanceKlass com/sun/org/apache/xerces/internal/xs/ElementPSVI
instanceKlass com/sun/org/apache/xerces/internal/xs/ItemPSVI
instanceKlass com/sun/org/apache/xerces/internal/impl/xs/XSAttributeDecl
instanceKlass com/sun/org/apache/xerces/internal/xs/XSAttributeDeclaration
instanceKlass com/sun/org/apache/xerces/internal/xni/grammars/XMLSchemaDescription
instanceKlass com/sun/org/apache/xerces/internal/impl/xpath/regex/Token
instanceKlass com/sun/org/apache/xerces/internal/utils/SecuritySupport$7
instanceKlass com/sun/org/apache/xerces/internal/impl/xpath/regex/RegexParser
instanceKlass com/sun/org/apache/xerces/internal/impl/xpath/regex/REUtil
instanceKlass com/sun/org/apache/xerces/internal/impl/xpath/regex/RegularExpression
instanceKlass com/sun/org/apache/xerces/internal/impl/dv/xs/DecimalDV$XDecimal
instanceKlass com/sun/org/apache/xerces/internal/xs/datatypes/XSDecimal
instanceKlass com/sun/org/apache/xerces/internal/impl/dv/ValidatedInfo
instanceKlass com/sun/org/apache/xerces/internal/xs/XSValue
instanceKlass com/sun/org/apache/xerces/internal/impl/dv/XSFacets
instanceKlass com/sun/org/apache/xerces/internal/impl/dv/xs/XSSimpleTypeDecl$4
instanceKlass com/sun/org/apache/xerces/internal/impl/dv/xs/XSSimpleTypeDecl$1
instanceKlass com/sun/org/apache/xerces/internal/impl/dv/xs/AbstractDateTimeDV$DateTimeData
instanceKlass com/sun/org/apache/xerces/internal/xs/datatypes/XSDateTime
instanceKlass com/sun/org/apache/xerces/internal/impl/dv/xs/TypeValidator
instanceKlass com/sun/org/apache/xerces/internal/impl/dv/xs/XSSimpleTypeDecl
instanceKlass com/sun/org/apache/xerces/internal/impl/dv/XSSimpleType
instanceKlass com/sun/org/apache/xerces/internal/xs/XSSimpleTypeDefinition
instanceKlass com/sun/org/apache/xerces/internal/util/SymbolHash$Entry
instanceKlass com/sun/org/apache/xerces/internal/util/SymbolHash
instanceKlass com/sun/org/apache/xerces/internal/utils/SecuritySupport$3
instanceKlass com/sun/org/apache/xerces/internal/utils/SecuritySupport$2
instanceKlass com/sun/org/apache/xerces/internal/utils/SecuritySupport$1
instanceKlass com/sun/org/apache/xerces/internal/utils/ObjectFactory
instanceKlass com/sun/org/apache/xerces/internal/impl/dv/SchemaDVFactory
instanceKlass com/sun/org/apache/xerces/internal/impl/xs/XSElementDecl
instanceKlass com/sun/org/apache/xerces/internal/xs/XSElementDeclaration
instanceKlass com/sun/org/apache/xerces/internal/impl/xs/XSGroupDecl
instanceKlass com/sun/org/apache/xerces/internal/xs/XSModelGroupDefinition
instanceKlass com/sun/org/apache/xerces/internal/impl/xs/util/SimpleLocator
instanceKlass com/sun/org/apache/xerces/internal/impl/xs/XSAttributeUseImpl
instanceKlass com/sun/org/apache/xerces/internal/xs/XSAttributeUse
instanceKlass com/sun/org/apache/xerces/internal/impl/xs/XSAttributeGroupDecl
instanceKlass com/sun/org/apache/xerces/internal/xs/XSAttributeGroupDefinition
instanceKlass com/sun/org/apache/xerces/internal/impl/xs/XSModelGroupImpl
instanceKlass com/sun/org/apache/xerces/internal/xs/XSModelGroup
instanceKlass com/sun/org/apache/xerces/internal/impl/xs/XSParticleDecl
instanceKlass com/sun/org/apache/xerces/internal/xs/XSParticle
instanceKlass com/sun/org/apache/xerces/internal/impl/xs/XSWildcardDecl
instanceKlass com/sun/org/apache/xerces/internal/xs/XSWildcard
instanceKlass com/sun/org/apache/xerces/internal/xs/XSTerm
instanceKlass com/sun/org/apache/xerces/internal/impl/xs/SchemaSymbols
instanceKlass com/sun/org/apache/xerces/internal/impl/xs/XSComplexTypeDecl
instanceKlass org/w3c/dom/TypeInfo
instanceKlass com/sun/org/apache/xerces/internal/xs/XSComplexTypeDefinition
instanceKlass com/sun/org/apache/xerces/internal/xs/XSTypeDefinition
instanceKlass com/sun/org/apache/xerces/internal/xs/XSObject
instanceKlass com/sun/org/apache/xerces/internal/impl/xs/SchemaGrammar
instanceKlass com/sun/org/apache/xerces/internal/xs/XSNamespaceItem
instanceKlass com/sun/org/apache/xerces/internal/xni/grammars/XSGrammar
instanceKlass com/sun/org/apache/xerces/internal/impl/xs/XMLSchemaValidator
instanceKlass com/sun/org/apache/xerces/internal/impl/xs/XSElementDeclHelper
instanceKlass com/sun/org/apache/xerces/internal/impl/xs/identity/FieldActivator
instanceKlass com/sun/enterprise/deployment/node/SaxParserHandlerFactory
instanceKlass org/glassfish/webservices/connector/LogUtils
instanceKlass org/w3c/dom/Element
instanceKlass com/sun/enterprise/deployment/node/JndiEnvRefNode
instanceKlass com/sun/enterprise/deployment/node/SubNode
instanceKlass com/sun/enterprise/deployment/node/XMLElement
instanceKlass com/sun/enterprise/deployment/node/DeploymentDescriptorNode
instanceKlass com/sun/enterprise/deployment/node/BundleNode
instanceKlass com/sun/enterprise/universal/i18n/LocalStringsImpl
instanceKlass com/sun/enterprise/util/io/FileUtils$RetriableWork
instanceKlass com/sun/enterprise/util/io/FileUtils
instanceKlass com/sun/enterprise/deployment/node/RootXMLNode
instanceKlass com/sun/enterprise/deployment/node/XMLNode
instanceKlass org/glassfish/appclient/client/acc/FacadeLaunchable$1
instanceKlass javax/enterprise/deploy/shared/ModuleType
instanceKlass com/sun/enterprise/deployment/archivist/PersistenceArchivist$SubArchivePURootScanner
instanceKlass com/sun/enterprise/deployment/archivist/ExtensionsArchivistFor
instanceKlass org/glassfish/apf/impl/DefaultErrorHandler
instanceKlass com/sun/enterprise/deployment/annotation/factory/SJSASFactory$LazyAnnotationHandler
instanceKlass org/glassfish/apf/impl/AnnotationUtils
instanceKlass org/glassfish/apf/ProcessingContext
instanceKlass org/glassfish/apf/HandlerProcessingResult
instanceKlass org/glassfish/apf/impl/AnnotationProcessorImpl
instanceKlass org/glassfish/apf/AnnotationProcessor
instanceKlass org/glassfish/apf/AnnotationHandler
instanceKlass com/sun/enterprise/deployment/archivist/ExtensionsArchivist
instanceKlass org/glassfish/apf/factory/Factory
instanceKlass org/glassfish/apf/ProcessingResult
instanceKlass org/glassfish/apf/impl/JavaEEScanner
instanceKlass com/sun/enterprise/deployment/util/ComponentVisitor
instanceKlass org/glassfish/deployment/common/DescriptorVisitor
instanceKlass com/sun/enterprise/deployment/io/DeploymentDescriptorFile
instanceKlass org/glassfish/apf/Scanner
instanceKlass org/glassfish/apf/ErrorHandler
instanceKlass com/sun/enterprise/deployment/archivist/ArchivistFor
instanceKlass javax/persistence/EntityTransaction
instanceKlass org/eclipse/persistence/internal/jpa/EntityManagerImpl$PropertyProcessor
instanceKlass org/eclipse/persistence/internal/jpa/transaction/TransactionWrapper
instanceKlass org/eclipse/persistence/internal/jpa/transaction/TransactionWrapperImpl
instanceKlass javax/persistence/StoredProcedureQuery
instanceKlass javax/persistence/EntityGraph
instanceKlass org/eclipse/persistence/internal/jpa/EntityManagerImpl
instanceKlass entiteti/Uloga_
instanceKlass entiteti/Korisnik_
instanceKlass entiteti/Grad_
instanceKlass org/eclipse/persistence/config/PropertiesUtils
instanceKlass javax/management/Attribute
instanceKlass java/io/ObjectStreamConstants
instanceKlass java/io/ObjectInput
instanceKlass javax/management/NotificationFilter
instanceKlass javax/management/NotificationListener
instanceKlass org/eclipse/persistence/services/DevelopmentServices
instanceKlass org/eclipse/persistence/services/mbean/MBeanDevelopmentServicesMBean
instanceKlass sun/management/Flag$1
instanceKlass sun/management/Flag
instanceKlass sun/management/ExtendedPlatformComponent
instanceKlass sun/management/DiagnosticCommandImpl$Wrapper
instanceKlass sun/management/DiagnosticCommandArgumentInfo
instanceKlass sun/management/DiagnosticCommandInfo
instanceKlass sun/management/DiagnosticCommandImpl$OperationInfoComparator
instanceKlass java/lang/management/ManagementFactory$3
instanceKlass com/sun/management/DiagnosticCommandMBean
instanceKlass com/sun/management/VMOption
instanceKlass sun/management/HotSpotDiagnostic
instanceKlass com/sun/management/HotSpotDiagnosticMXBean
instanceKlass com/sun/management/UnixOperatingSystemMXBean
instanceKlass sun/nio/ch/FileChannelImpl$1
instanceKlass sun/nio/ch/IOUtil$1
instanceKlass sun/nio/ch/IOUtil
instanceKlass java/nio/file/attribute/FileAttribute
instanceKlass java/nio/channels/spi/AbstractInterruptibleChannel
instanceKlass java/nio/channels/InterruptibleChannel
instanceKlass java/nio/channels/ScatteringByteChannel
instanceKlass java/nio/channels/GatheringByteChannel
instanceKlass java/nio/channels/SeekableByteChannel
instanceKlass java/nio/channels/ByteChannel
instanceKlass java/nio/channels/WritableByteChannel
instanceKlass java/nio/channels/ReadableByteChannel
instanceKlass java/nio/channels/Channel
instanceKlass sun/management/ManagementFactoryHelper$1
instanceKlass java/nio/Bits$1$1
instanceKlass sun/misc/JavaNioAccess$BufferPool
instanceKlass java/lang/management/BufferPoolMXBean
instanceKlass javax/management/MBeanInfo$ArrayGettersSafeAction
instanceKlass javax/management/openmbean/OpenMBeanOperationInfo
instanceKlass sun/management/ManagementFactoryHelper$PlatformLoggingImpl
instanceKlass sun/management/ManagementFactoryHelper$LoggingMXBean
instanceKlass java/util/logging/LoggingMXBean
instanceKlass java/lang/management/PlatformLoggingMXBean
instanceKlass java/lang/management/LockInfo
instanceKlass java/lang/management/ThreadInfo
instanceKlass sun/management/ThreadImpl
instanceKlass com/sun/management/ThreadMXBean
instanceKlass java/lang/management/ThreadMXBean
instanceKlass sun/management/RuntimeImpl
instanceKlass java/lang/management/RuntimeMXBean
instanceKlass sun/management/BaseOperatingSystemImpl
instanceKlass com/sun/management/OperatingSystemMXBean
instanceKlass java/lang/management/OperatingSystemMXBean
instanceKlass sun/management/Sensor
instanceKlass sun/management/MemoryPoolImpl
instanceKlass java/lang/management/MemoryPoolMXBean
instanceKlass javax/management/DescriptorKey
instanceKlass com/sun/management/GcInfo
instanceKlass javax/management/openmbean/CompositeDataView
instanceKlass jdk/Exported
instanceKlass com/sun/management/GarbageCollectorMXBean
instanceKlass sun/management/ManagementFactory
instanceKlass java/lang/management/GarbageCollectorMXBean
instanceKlass java/lang/management/MemoryManagerMXBean
instanceKlass com/sun/jmx/mbeanserver/PerInterface$MethodAndSig
instanceKlass java/lang/management/MemoryUsage
instanceKlass sun/management/NotificationEmitterSupport
instanceKlass java/lang/management/MemoryMXBean
instanceKlass sun/management/CompilationImpl
instanceKlass sun/management/VMManagementImpl$1
instanceKlass java/lang/management/CompilationMXBean
instanceKlass com/sun/jmx/mbeanserver/WeakIdentityHashMap
instanceKlass com/sun/jmx/mbeanserver/MXBeanLookup
instanceKlass com/sun/jmx/mbeanserver/PerInterface$InitMaps
instanceKlass com/sun/jmx/mbeanserver/PerInterface
instanceKlass javax/management/openmbean/OpenMBeanAttributeInfo
instanceKlass javax/management/openmbean/OpenMBeanParameterInfo
instanceKlass com/sun/jmx/mbeanserver/MBeanIntrospector$MBeanInfoMaker
instanceKlass com/sun/jmx/mbeanserver/MBeanAnalyzer$MBeanVisitor
instanceKlass com/sun/jmx/mbeanserver/MBeanAnalyzer$AttrMethods
instanceKlass com/sun/jmx/mbeanserver/MXBeanMapping
instanceKlass javax/management/openmbean/OpenType
instanceKlass com/sun/jmx/mbeanserver/MXBeanMappingFactory
instanceKlass com/sun/jmx/mbeanserver/ConvertingMethod
instanceKlass com/sun/jmx/mbeanserver/MBeanAnalyzer$MethodOrder
instanceKlass com/sun/jmx/mbeanserver/MBeanAnalyzer
instanceKlass com/sun/jmx/mbeanserver/MBeanIntrospector
instanceKlass javax/management/MXBean
instanceKlass com/sun/jmx/mbeanserver/MBeanSupport
instanceKlass com/sun/jmx/mbeanserver/DescriptorCache
instanceKlass javax/management/JMX
instanceKlass javax/management/StandardMBean
instanceKlass java/lang/management/ManagementFactory$2
instanceKlass sun/management/Util
instanceKlass sun/management/ClassLoadingImpl
instanceKlass sun/management/VMManagementImpl
instanceKlass sun/management/VMManagement
instanceKlass sun/management/ManagementFactoryHelper$4
instanceKlass sun/management/ManagementFactoryHelper
instanceKlass java/lang/management/ClassLoadingMXBean
instanceKlass java/lang/management/PlatformManagedObject
instanceKlass java/lang/management/PlatformComponent$15
instanceKlass java/lang/management/PlatformComponent$14
instanceKlass java/lang/management/PlatformComponent$13
instanceKlass java/lang/management/PlatformComponent$12
instanceKlass java/lang/management/PlatformComponent$11
instanceKlass java/lang/management/PlatformComponent$10
instanceKlass java/lang/management/PlatformComponent$9
instanceKlass java/lang/management/PlatformComponent$8
instanceKlass java/lang/management/PlatformComponent$7
instanceKlass java/lang/management/PlatformComponent$6
instanceKlass java/lang/management/PlatformComponent$5
instanceKlass java/lang/management/PlatformComponent$4
instanceKlass java/lang/management/PlatformComponent$3
instanceKlass java/lang/management/PlatformComponent$2
instanceKlass java/lang/management/PlatformComponent$1
instanceKlass java/lang/management/PlatformComponent$MXBeanFetcher
instanceKlass com/sun/jmx/mbeanserver/JmxMBeanServer$3
instanceKlass javax/management/ObjectInstance
instanceKlass com/sun/jmx/mbeanserver/NamedObject
instanceKlass com/sun/jmx/interceptor/DefaultMBeanServerInterceptor$ResourceContext$1
instanceKlass com/sun/jmx/interceptor/DefaultMBeanServerInterceptor$ResourceContext
instanceKlass com/sun/jmx/mbeanserver/Repository$RegistrationContext
instanceKlass com/sun/jmx/mbeanserver/DynamicMBean2
instanceKlass com/sun/jmx/defaults/JmxProperties
instanceKlass com/sun/jmx/mbeanserver/Introspector
instanceKlass com/sun/jmx/mbeanserver/JmxMBeanServer$2
instanceKlass com/sun/jmx/interceptor/DefaultMBeanServerInterceptor
instanceKlass com/sun/jmx/interceptor/MBeanServerInterceptor
instanceKlass com/sun/jmx/mbeanserver/Repository
instanceKlass com/sun/jmx/mbeanserver/JmxMBeanServer$1
instanceKlass com/sun/jmx/mbeanserver/SecureClassLoaderRepository
instanceKlass com/sun/jmx/mbeanserver/MBeanInstantiator
instanceKlass com/sun/jmx/mbeanserver/ClassLoaderRepositorySupport$LoaderEntry
instanceKlass com/sun/jmx/mbeanserver/ClassLoaderRepositorySupport
instanceKlass com/sun/jmx/mbeanserver/ModifiableClassLoaderRepository
instanceKlass javax/management/loading/ClassLoaderRepository
instanceKlass javax/management/ImmutableDescriptor
instanceKlass javax/management/Descriptor
instanceKlass com/sun/jmx/remote/util/ClassLogger
instanceKlass javax/management/NotificationBroadcasterSupport$1
instanceKlass javax/management/NotificationBroadcasterSupport
instanceKlass java/util/ComparableTimSort
instanceKlass javax/management/ObjectName$Property
instanceKlass javax/management/ObjectName
instanceKlass javax/management/QueryExp
instanceKlass com/sun/jmx/mbeanserver/Util
instanceKlass javax/management/MBeanInfo
instanceKlass javax/management/MBeanFeatureInfo
instanceKlass javax/management/DescriptorRead
instanceKlass javax/management/MBeanServerDelegate
instanceKlass javax/management/NotificationEmitter
instanceKlass javax/management/NotificationBroadcaster
instanceKlass javax/management/MBeanServerDelegateMBean
instanceKlass javax/management/MBeanRegistration
instanceKlass javax/management/DynamicMBean
instanceKlass com/sun/jmx/mbeanserver/JmxMBeanServer
instanceKlass com/sun/jmx/mbeanserver/SunJmxMBeanServer
instanceKlass javax/management/MBeanServerBuilder
instanceKlass com/sun/jmx/mbeanserver/GetPropertyAction
instanceKlass java/lang/management/ManagementFactory
instanceKlass javax/management/MBeanServerFactory
instanceKlass org/eclipse/persistence/internal/jpa/QueryHintsHandler
instanceKlass org/eclipse/persistence/queries/JPQLCall
instanceKlass org/eclipse/persistence/jpa/jpql/EclipseLinkSemanticValidatorExtension$1
instanceKlass org/eclipse/persistence/jpa/jpql/EclipseLinkSemanticValidatorExtension
instanceKlass org/eclipse/persistence/internal/jpa/jpql/EclipseLinkSemanticValidatorHelper
instanceKlass org/eclipse/persistence/jpa/jpql/SemanticValidatorHelper
instanceKlass org/eclipse/persistence/jpa/jpql/utility/iterator/ArrayIterator
instanceKlass org/eclipse/persistence/jpa/jpql/utility/iterable/ArrayIterable
instanceKlass org/eclipse/persistence/jpa/jpql/AbstractGrammarValidator$AbstractValidator
instanceKlass org/eclipse/persistence/jpa/jpql/AbstractGrammarValidator$AbstractEncapsulatedExpressionHelper
instanceKlass org/eclipse/persistence/jpa/jpql/JPQLQueryProblem
instanceKlass org/eclipse/persistence/internal/jpa/jpql/HermesParser
instanceKlass org/eclipse/persistence/queries/JPAQueryBuilder
instanceKlass javax/persistence/Parameter
instanceKlass org/eclipse/persistence/jpa/JpaEntityManager
instanceKlass org/eclipse/persistence/internal/jpa/QueryImpl
instanceKlass org/eclipse/persistence/jpa/JpaQuery
instanceKlass javax/persistence/TypedQuery
instanceKlass javax/persistence/Query
instanceKlass org/eclipse/persistence/internal/sessions/CommitOrderDependencyNode
instanceKlass org/eclipse/persistence/internal/sessions/CommitOrderCalculator
instanceKlass org/eclipse/persistence/internal/helper/DescriptorCompare
instanceKlass org/eclipse/persistence/internal/sessions/CommitManager
instanceKlass org/eclipse/persistence/internal/expressions/TableAliasLookup
instanceKlass org/eclipse/persistence/internal/expressions/ExpressionNormalizer
instanceKlass org/eclipse/persistence/descriptors/changetracking/DeferredChangeDetectionPolicy
instanceKlass org/eclipse/persistence/descriptors/CMPPolicy$KeyIsElementAccessor
instanceKlass org/eclipse/persistence/descriptors/CMPPolicy$KeyElementAccessor
instanceKlass org/eclipse/persistence/internal/sessions/AbstractRecord$NoEntry
instanceKlass org/eclipse/persistence/descriptors/copying/AbstractCopyPolicy
instanceKlass org/eclipse/persistence/internal/expressions/ExpressionIterator
instanceKlass org/eclipse/persistence/expressions/ExpressionOperator
instanceKlass org/eclipse/persistence/internal/helper/MappingCompare
instanceKlass org/eclipse/persistence/internal/helper/NonSynchronizedVector$1
instanceKlass org/eclipse/persistence/internal/descriptors/PersistenceObject
instanceKlass org/eclipse/persistence/internal/sequencing/SequencingManager$State
instanceKlass org/eclipse/persistence/internal/sequencing/SequencingConnectionHandler
instanceKlass org/eclipse/persistence/internal/sequencing/SequencingManager
instanceKlass org/eclipse/persistence/sequencing/SequencingControl
instanceKlass org/eclipse/persistence/internal/sequencing/SequencingServer
instanceKlass org/eclipse/persistence/internal/sequencing/SequencingHome
instanceKlass org/eclipse/persistence/internal/sequencing/SequencingLogInOut
instanceKlass org/eclipse/persistence/internal/sequencing/Sequencing
instanceKlass org/eclipse/persistence/internal/sequencing/SequencingFactory
instanceKlass org/eclipse/persistence/internal/databaseaccess/BatchWritingMechanism
instanceKlass org/eclipse/persistence/internal/databaseaccess/DatasourceAccessor
instanceKlass org/eclipse/persistence/internal/helper/DBPlatformHelper$1
instanceKlass org/eclipse/persistence/internal/helper/DBPlatformHelper
instanceKlass com/mysql/cj/jdbc/ConnectionImpl$$Lambda$104
instanceKlass java/lang/invoke/LambdaForm$DMH
instanceKlass com/mysql/cj/protocol/ExportControlled$$Lambda$103
instanceKlass com/mysql/cj/protocol/ExportControlled$$Lambda$102
instanceKlass com/mysql/cj/protocol/ExportControlled$$Lambda$101
instanceKlass com/mysql/cj/protocol/ExportControlled$$Lambda$100
instanceKlass java/lang/invoke/LambdaForm$DMH
instanceKlass com/mysql/cj/protocol/ExportControlled
instanceKlass java/util/stream/MatchOps$$Lambda$99
instanceKlass java/util/stream/MatchOps$BooleanTerminalSink
instanceKlass java/util/stream/MatchOps$MatchOp
instanceKlass java/util/stream/MatchOps
instanceKlass com/mysql/cj/jdbc/CloseOption$$Lambda$98
instanceKlass java/lang/invoke/LambdaForm$DMH
instanceKlass com/mysql/cj/jdbc/ConnectionImpl$$Lambda$97
instanceKlass com/mysql/cj/protocol/NetworkResources
instanceKlass com/mysql/cj/jdbc/ConnectionImpl$$Lambda$96
instanceKlass com/mysql/cj/jdbc/ConnectionImpl$$Lambda$95
instanceKlass com/mysql/cj/jdbc/ConnectionImpl$$Lambda$94
instanceKlass java/sql/ResultSetMetaData
instanceKlass com/mysql/cj/NativeQueryAttributesBindings$$Lambda$93
instanceKlass com/mysql/cj/protocol/a/NativeMessageBuilder$$Lambda$92
instanceKlass java/lang/invoke/LambdaForm$DMH
instanceKlass java/util/stream/FindOps$$Lambda$91
instanceKlass java/util/stream/FindOps$FindSink
instanceKlass java/util/stream/FindOps$$Lambda$90
instanceKlass java/lang/invoke/LambdaForm$DMH
instanceKlass java/util/stream/FindOps$FindOp
instanceKlass java/util/stream/FindOps
instanceKlass com/mysql/cj/NativeQueryAttributesBindings$$Lambda$89
instanceKlass com/mysql/cj/NativeQueryAttributesBindings
instanceKlass com/mysql/cj/jdbc/ConnectionImpl$$Lambda$88
instanceKlass com/mysql/cj/jdbc/ConnectionImpl$$Lambda$87
instanceKlass com/mysql/cj/jdbc/ConnectionImpl$$Lambda$86
instanceKlass com/mysql/cj/jdbc/ConnectionImpl$$Lambda$85
instanceKlass com/mysql/cj/NativeCharsetSettings$$Lambda$84
instanceKlass com/mysql/cj/NativeCharsetSettings$$Lambda$83
instanceKlass com/mysql/cj/NativeCharsetSettings$$Lambda$82
instanceKlass com/mysql/cj/NativeCharsetSettings$$Lambda$81
instanceKlass com/mysql/cj/NativeCharsetSettings$$Lambda$80
instanceKlass java/lang/invoke/LambdaForm$DMH
instanceKlass com/mysql/cj/LicenseConfiguration
instanceKlass com/mysql/cj/protocol/InternalDate
instanceKlass com/mysql/cj/result/DefaultValueFactory
instanceKlass com/mysql/cj/protocol/a/result/AbstractResultsetRows
instanceKlass com/mysql/cj/protocol/result/AbstractResultsetRow
instanceKlass com/mysql/cj/result/DefaultColumnDefinition$1
instanceKlass com/mysql/cj/protocol/a/MysqlTextValueDecoder
instanceKlass com/mysql/cj/protocol/ValueDecoder
instanceKlass com/mysql/cj/protocol/a/AbstractRowFactory
instanceKlass com/mysql/cj/result/DefaultColumnDefinition
instanceKlass com/mysql/cj/result/Field$1
instanceKlass com/mysql/cj/protocol/a/ColumnDefinitionReader$1
instanceKlass com/mysql/cj/util/LazyString
instanceKlass com/mysql/cj/result/Field
instanceKlass com/mysql/cj/protocol/a/ColumnDefinitionFactory
instanceKlass com/mysql/cj/protocol/a/ResultsetFactory
instanceKlass com/mysql/cj/protocol/a/NativeMessageBuilder$$Lambda$79
instanceKlass java/lang/invoke/LambdaForm$DMH
instanceKlass java/sql/SQLType
instanceKlass com/mysql/cj/NativeQueryBindValue
instanceKlass com/mysql/cj/NativeSession$$Lambda$78
instanceKlass com/mysql/cj/NativeSession$$Lambda$77
instanceKlass com/mysql/cj/NativeSession$$Lambda$76
instanceKlass com/mysql/cj/NativeSession$$Lambda$75
instanceKlass com/mysql/cj/jdbc/DatabaseMetaData
instanceKlass com/mysql/cj/BindValue
instanceKlass com/mysql/cj/QueryAttributesBindings
instanceKlass com/mysql/cj/protocol/a/NativeMessageBuilder
instanceKlass com/mysql/cj/protocol/a/MultiPacketReader
instanceKlass com/mysql/cj/protocol/a/TimeTrackingPacketReader
instanceKlass com/mysql/cj/protocol/a/TimeTrackingPacketSender
instanceKlass com/mysql/cj/protocol/a/NativeServerSessionStateController$NativeServerSessionStateChanges
instanceKlass com/mysql/cj/protocol/a/result/OkPacket
instanceKlass com/mysql/cj/protocol/a/NativeUtils
instanceKlass com/mysql/cj/protocol/a/PacketSplitter
instanceKlass com/mysql/cj/protocol/Security
instanceKlass com/mysql/cj/protocol/a/authentication/AuthenticationOpenidConnectClient
instanceKlass com/mysql/cj/protocol/a/authentication/AuthenticationWebAuthnClient
instanceKlass com/mysql/cj/protocol/a/authentication/AuthenticationOciClient
instanceKlass com/mysql/cj/protocol/a/authentication/AuthenticationKerberosClient$$Lambda$74
instanceKlass com/mysql/cj/protocol/a/authentication/AuthenticationKerberosClient
instanceKlass com/mysql/cj/protocol/a/authentication/AuthenticationLdapSaslClientPlugin$$Lambda$73
instanceKlass sun/invoke/util/VerifyAccess$1
instanceKlass javax/security/auth/callback/Callback
instanceKlass javax/security/auth/login/Configuration
instanceKlass com/mysql/cj/protocol/a/authentication/AuthenticationLdapSaslClientPlugin
instanceKlass com/mysql/cj/protocol/a/authentication/MysqlOldPasswordPlugin
instanceKlass com/mysql/cj/protocol/a/authentication/Sha256PasswordPlugin
instanceKlass com/mysql/cj/protocol/a/authentication/MysqlClearPasswordPlugin
instanceKlass com/mysql/cj/protocol/a/authentication/MysqlNativePasswordPlugin
instanceKlass com/mysql/cj/protocol/AuthenticationPlugin
instanceKlass com/mysql/cj/protocol/a/NativePacketPayload$1
instanceKlass com/mysql/cj/protocol/a/NativeCapabilities
instanceKlass com/mysql/cj/protocol/a/NativePacketHeader
instanceKlass com/mysql/cj/Collation
instanceKlass java/nio/charset/Charset$ExtendedProviderHolder$1
instanceKlass java/nio/charset/Charset$ExtendedProviderHolder
instanceKlass com/mysql/cj/MysqlCharset$$Lambda$72
instanceKlass com/mysql/cj/ServerVersion
instanceKlass com/mysql/cj/MysqlCharset
instanceKlass com/mysql/cj/CharsetMapping
instanceKlass com/mysql/cj/protocol/a/NativeServerSessionStateController
instanceKlass com/mysql/cj/protocol/ServerSessionStateController
instanceKlass com/mysql/cj/protocol/a/NativeServerSession
instanceKlass com/mysql/cj/protocol/a/BinaryResultsetReader
instanceKlass com/mysql/cj/protocol/ResultsetRows
instanceKlass com/mysql/cj/result/RowList
instanceKlass com/mysql/cj/protocol/a/TextResultsetReader
instanceKlass com/mysql/cj/protocol/a/ResultsetRowReader
instanceKlass com/mysql/cj/protocol/ResultsetRow
instanceKlass com/mysql/cj/result/Row
instanceKlass com/mysql/cj/protocol/a/ColumnDefinitionReader
instanceKlass com/mysql/cj/protocol/ProtocolEntityReader
instanceKlass com/mysql/cj/protocol/a/NativeAuthenticationProvider$$Lambda$71
instanceKlass com/mysql/cj/callback/MysqlCallback
instanceKlass com/mysql/cj/protocol/a/NativeAuthenticationProvider
instanceKlass com/mysql/cj/protocol/a/SimplePacketReader
instanceKlass com/mysql/cj/protocol/a/SimplePacketSender
instanceKlass com/mysql/cj/protocol/a/NativePacketPayload
instanceKlass com/mysql/cj/log/BaseMetricsHolder
instanceKlass com/mysql/cj/protocol/AbstractProtocol$2
instanceKlass com/mysql/cj/protocol/AbstractProtocol$1
instanceKlass com/mysql/cj/protocol/a/NativeProtocol$$Lambda$70
instanceKlass com/mysql/cj/protocol/a/NativeProtocol$$Lambda$69
instanceKlass com/mysql/cj/protocol/a/NativeProtocol$$Lambda$68
instanceKlass com/mysql/cj/protocol/a/NativeProtocol$$Lambda$67
instanceKlass com/mysql/cj/protocol/a/NativeProtocol$$Lambda$66
instanceKlass com/mysql/cj/protocol/a/NativeProtocol$$Lambda$65
instanceKlass com/mysql/cj/protocol/a/NativeProtocol$$Lambda$64
instanceKlass com/mysql/cj/protocol/a/NativeProtocol$$Lambda$63
instanceKlass com/mysql/cj/protocol/a/NativeProtocol$$Lambda$62
instanceKlass com/mysql/cj/protocol/a/NativeProtocol$$Lambda$61
instanceKlass com/mysql/cj/protocol/a/NativeProtocol$$Lambda$60
instanceKlass com/mysql/cj/protocol/a/NativeProtocol$$Lambda$59
instanceKlass com/mysql/cj/protocol/a/NativeProtocol$$Lambda$58
instanceKlass com/mysql/cj/protocol/a/NativeProtocol$$Lambda$57
instanceKlass com/mysql/cj/protocol/a/NativeProtocol$$Lambda$56
instanceKlass com/mysql/cj/protocol/a/NativeProtocol$$Lambda$55
instanceKlass com/mysql/cj/protocol/a/NativeProtocol$$Lambda$54
instanceKlass com/mysql/cj/protocol/a/NativeProtocol$$Lambda$53
instanceKlass com/mysql/cj/protocol/a/NativeProtocol$$Lambda$52
instanceKlass com/mysql/cj/protocol/a/NativeProtocol$$Lambda$51
instanceKlass com/mysql/cj/protocol/a/NativeProtocol$$Lambda$50
instanceKlass com/mysql/cj/protocol/a/NativeProtocol$$Lambda$49
instanceKlass com/mysql/cj/protocol/a/NativeProtocol$$Lambda$48
instanceKlass com/mysql/cj/protocol/a/NativeProtocol$$Lambda$47
instanceKlass com/mysql/cj/protocol/a/NativeProtocol$$Lambda$46
instanceKlass com/mysql/cj/protocol/a/NativeProtocol$$Lambda$45
instanceKlass com/mysql/cj/protocol/a/NativeProtocol$$Lambda$44
instanceKlass com/mysql/cj/protocol/a/NativeProtocol$$Lambda$43
instanceKlass com/mysql/cj/protocol/a/AbstractValueEncoder
instanceKlass com/mysql/cj/protocol/ValueEncoder
instanceKlass com/mysql/cj/protocol/ServerSessionStateController$ServerSessionStateChanges
instanceKlass com/mysql/cj/MessageBuilder
instanceKlass com/mysql/cj/protocol/MessageHeader
instanceKlass com/mysql/cj/protocol/ServerCapabilities
instanceKlass com/mysql/cj/CharsetSettings
instanceKlass com/mysql/cj/protocol/AuthenticationProvider
instanceKlass com/mysql/cj/protocol/ServerSession
instanceKlass com/mysql/cj/protocol/MessageReader
instanceKlass com/mysql/cj/protocol/MessageSender
instanceKlass com/mysql/cj/protocol/PacketReceivedTimeHolder
instanceKlass com/mysql/cj/protocol/AbstractProtocol
instanceKlass com/mysql/cj/protocol/Protocol$ProtocolEventHandler
instanceKlass com/mysql/cj/conf/RuntimeProperty$RuntimePropertyListener
instanceKlass java/net/Socket$3
instanceKlass java/net/Socket$2
instanceKlass sun/net/NetHooks
instanceKlass java/net/Proxy
instanceKlass sun/net/spi/DefaultProxySelector$3
instanceKlass sun/net/spi/DefaultProxySelector$NonProxyInfo
instanceKlass sun/net/NetProperties$1
instanceKlass sun/net/NetProperties
instanceKlass sun/net/spi/DefaultProxySelector$1
instanceKlass java/net/ProxySelector
instanceKlass java/net/SocksSocketImpl$3
instanceKlass java/net/InetSocketAddress$InetSocketAddressHolder
instanceKlass sun/misc/FloatingDecimal$ASCIIToBinaryBuffer
instanceKlass java/net/PlainSocketImpl$1
instanceKlass java/net/StandardSocketOptions$StdSocketOption
instanceKlass java/net/StandardSocketOptions
instanceKlass jdk/net/ExtendedSocketOptions$PlatformSocketOptions$1
instanceKlass jdk/net/ExtendedSocketOptions$PlatformSocketOptions
instanceKlass jdk/net/SocketFlow
instanceKlass jdk/net/ExtendedSocketOptions$ExtSocketOption
instanceKlass java/net/SocketOption
instanceKlass jdk/net/ExtendedSocketOptions
instanceKlass sun/net/ExtendedSocketOptions
instanceKlass java/net/AbstractPlainSocketImpl$1
instanceKlass java/net/SocketImpl
instanceKlass java/net/SocketOptions
instanceKlass java/net/SocksConsts
instanceKlass java/net/Socket
instanceKlass com/mysql/cj/protocol/StandardSocketFactory
instanceKlass com/mysql/cj/protocol/PacketSentTimeHolder
instanceKlass com/mysql/cj/protocol/SocketFactory
instanceKlass com/mysql/cj/protocol/SocketMetadata
instanceKlass com/mysql/cj/protocol/AbstractSocketConnection
instanceKlass com/mysql/cj/jdbc/ConnectionImpl$$Lambda$42
instanceKlass com/mysql/cj/jdbc/ConnectionImpl$$Lambda$41
instanceKlass com/mysql/cj/NoSubInterceptorWrapper
instanceKlass java/util/LinkedList$LLSpliterator
instanceKlass java/util/stream/Collectors$$Lambda$40
instanceKlass java/util/stream/Collectors$$Lambda$39
instanceKlass com/mysql/cj/util/Util$$Lambda$38
instanceKlass com/mysql/cj/util/Util$$Lambda$37
instanceKlass com/mysql/cj/util/Util$$Lambda$36
instanceKlass java/util/function/Predicate
instanceKlass java/lang/invoke/LambdaForm$DMH
instanceKlass com/mysql/cj/interceptors/QueryInterceptor
instanceKlass com/mysql/cj/jdbc/ConnectionImpl$$Lambda$35
instanceKlass com/mysql/cj/jdbc/ConnectionImpl$$Lambda$34
instanceKlass com/mysql/cj/jdbc/ConnectionImpl$$Lambda$33
instanceKlass com/mysql/cj/jdbc/ConnectionImpl$$Lambda$32
instanceKlass com/mysql/cj/telemetry/NoopTelemetryScope
instanceKlass com/mysql/cj/telemetry/TelemetryScope
instanceKlass com/mysql/cj/telemetry/NoopTelemetrySpan
instanceKlass com/mysql/cj/telemetry/NoopTelemetryHandler
instanceKlass com/mysql/cj/telemetry/TelemetrySpan
instanceKlass com/mysql/cj/otel/OpenTelemetryHandler
instanceKlass com/mysql/cj/log/LogFactory
instanceKlass com/mysql/cj/log/NullLogger
instanceKlass com/mysql/cj/result/ValueFactory
instanceKlass com/mysql/cj/protocol/Message
instanceKlass com/mysql/cj/protocol/Protocol
instanceKlass com/mysql/cj/protocol/SocketConnection
instanceKlass com/mysql/cj/telemetry/TelemetryHandler
instanceKlass com/mysql/cj/DataStoreMetadata
instanceKlass com/mysql/cj/CoreSession
instanceKlass com/mysql/cj/protocol/a/result/NativeResultset
instanceKlass com/mysql/cj/WarningListener
instanceKlass com/mysql/cj/jdbc/result/ResultSetInternalMethods
instanceKlass com/mysql/cj/protocol/Resultset
instanceKlass com/mysql/cj/protocol/ResultsetRowsOwner
instanceKlass java/sql/ResultSet
instanceKlass com/mysql/cj/jdbc/result/ResultSetFactory
instanceKlass com/mysql/cj/conf/AbstractRuntimeProperty
instanceKlass com/mysql/cj/PerConnectionLRUFactory
instanceKlass com/mysql/cj/util/PerVmServerConfigCacheFactory
instanceKlass com/mysql/cj/CacheAdapterFactory
instanceKlass com/mysql/cj/callback/OpenidConnectIdTokenFromFileCallbackHandler
instanceKlass com/mysql/cj/callback/MysqlCallbackHandler
instanceKlass com/mysql/cj/conf/AbstractPropertyDefinition
instanceKlass com/mysql/cj/log/StandardLogger
instanceKlass com/mysql/cj/log/Log
instanceKlass com/mysql/cj/conf/PropertyDefinitions
instanceKlass com/mysql/cj/conf/RuntimeProperty
instanceKlass com/mysql/cj/conf/PropertyDefinition
instanceKlass com/mysql/cj/conf/DefaultPropertySet
instanceKlass com/mysql/cj/conf/HostInfo$$Lambda$31
instanceKlass com/mysql/cj/jdbc/result/CachedResultSetMetaData
instanceKlass com/mysql/cj/protocol/ColumnDefinition
instanceKlass com/mysql/cj/protocol/ProtocolEntity
instanceKlass java/sql/Savepoint
instanceKlass com/mysql/cj/jdbc/StatementImpl
instanceKlass com/mysql/cj/jdbc/JdbcPreparedStatement
instanceKlass com/mysql/cj/jdbc/JdbcStatement
instanceKlass com/mysql/cj/Query
instanceKlass java/sql/SQLXML
instanceKlass java/sql/NClob
instanceKlass com/mysql/cj/Session
instanceKlass com/mysql/cj/protocol/ProtocolEntityFactory
instanceKlass com/mysql/cj/exceptions/ExceptionInterceptor
instanceKlass com/mysql/cj/jdbc/ConnectionImpl
instanceKlass com/mysql/cj/Session$SessionEventListener
instanceKlass com/mysql/cj/jdbc/JdbcConnection
instanceKlass com/mysql/cj/TransactionEventHandler
instanceKlass com/mysql/cj/MysqlConnection
instanceKlass com/mysql/cj/jdbc/NonRegisteringDriver$1
instanceKlass com/mysql/cj/conf/ConnectionUrl$$Lambda$30
instanceKlass java/util/stream/ForEachOps$ForEachOp
instanceKlass java/util/stream/ForEachOps
instanceKlass com/mysql/cj/conf/ConnectionUrl$$Lambda$29
instanceKlass com/mysql/cj/conf/ConnectionUrl$$Lambda$28
instanceKlass java/lang/invoke/LambdaForm$MH
instanceKlass com/mysql/cj/conf/ConnectionUrl$$Lambda$27
instanceKlass java/lang/invoke/LambdaForm$DMH
instanceKlass java/util/Collections$UnmodifiableMap$UnmodifiableEntrySet$$Lambda$26
instanceKlass com/mysql/cj/conf/ConnectionUrl$$Lambda$25
instanceKlass java/lang/invoke/LambdaForm$DMH
instanceKlass java/util/Collections$UnmodifiableMap$UnmodifiableEntrySet$UnmodifiableEntrySetSpliterator
instanceKlass java/math/MathContext
instanceKlass com/mysql/cj/Messages
instanceKlass com/mysql/cj/Constants
instanceKlass com/mysql/cj/util/Util
instanceKlass com/mysql/cj/conf/HostInfo
instanceKlass com/mysql/cj/conf/ConnectionUrlParser$Pair
instanceKlass com/mysql/cj/util/StringInspector
instanceKlass java/util/stream/Collectors$$Lambda$24
instanceKlass java/util/stream/Collectors$$Lambda$23
instanceKlass java/util/stream/Collectors$$Lambda$22
instanceKlass java/lang/invoke/LambdaForm$MH
instanceKlass java/util/stream/Collectors$$Lambda$21
instanceKlass java/util/StringJoiner
instanceKlass com/mysql/cj/conf/ConnectionUrl$$Lambda$20
instanceKlass java/util/Spliterators$IteratorSpliterator
instanceKlass com/mysql/cj/util/StringUtils
instanceKlass com/mysql/cj/conf/ConnectionUrlParser
instanceKlass com/mysql/cj/conf/ConnectionUrl
instanceKlass com/mysql/cj/conf/DatabaseUrlContainer
instanceKlass org/apache/derby/jdbc/InternalDriver$DaemonThreadFactory
instanceKlass java/sql/CallableStatement
instanceKlass java/sql/DatabaseMetaData
instanceKlass java/sql/PreparedStatement
instanceKlass javax/sql/XAConnection
instanceKlass javax/sql/PooledConnection
instanceKlass org/apache/derby/iapi/services/io/Formatable
instanceKlass org/apache/derby/iapi/services/io/TypedFormat
instanceKlass org/apache/derby/jdbc/InternalDriver
instanceKlass org/apache/derby/iapi/services/monitor/ModuleControl
instanceKlass java/util/concurrent/CopyOnWriteArrayList$COWIterator
instanceKlass org/apache/derby/iapi/services/info/ProductVersionHolder
instanceKlass org/apache/derby/client/am/Configuration$1
instanceKlass org/apache/derby/client/am/Configuration
instanceKlass org/apache/derby/client/am/ClientJDBCObjectFactory
instanceKlass org/apache/derby/client/am/Diagnosable
instanceKlass org/apache/derby/jdbc/ClientDriver
instanceKlass java/sql/DriverInfo
instanceKlass org/apache/derby/jdbc/AutoloadedDriver
instanceKlass java/sql/DriverManager$2
instanceKlass java/sql/DriverManager$1
instanceKlass java/sql/DriverManager
instanceKlass java/util/concurrent/LinkedBlockingQueue$Node
instanceKlass com/mysql/cj/jdbc/AbandonedConnectionCleanupThread$$Lambda$19
instanceKlass com/mysql/cj/jdbc/AbandonedConnectionCleanupThread
instanceKlass com/mysql/cj/jdbc/JdbcPropertySet
instanceKlass com/mysql/cj/conf/PropertySet
instanceKlass com/mysql/cj/jdbc/NonRegisteringDriver
instanceKlass java/sql/Driver
instanceKlass org/eclipse/persistence/logging/SessionLogEntry
instanceKlass org/eclipse/persistence/Version
instanceKlass jdk/internal/util/Preconditions$1
instanceKlass jdk/internal/util/Preconditions
instanceKlass sun/security/util/ArrayUtil$$Lambda$18
instanceKlass java/lang/invoke/LambdaForm$DMH
instanceKlass sun/security/util/ArrayUtil
instanceKlass javax/crypto/spec/IvParameterSpec
instanceKlass com/sun/crypto/provider/AESConstants
instanceKlass javax/crypto/spec/SecretKeySpec
instanceKlass com/sun/crypto/provider/PKCS5Padding
instanceKlass com/sun/crypto/provider/Padding
instanceKlass com/sun/crypto/provider/FeedbackCipher
instanceKlass com/sun/crypto/provider/CipherCore
instanceKlass com/sun/crypto/provider/DESConstants
instanceKlass com/sun/crypto/provider/SymmetricCipher
instanceKlass javax/crypto/CipherSpi
instanceKlass javax/crypto/KeyGeneratorSpi
instanceKlass com/sun/crypto/provider/DESKey
instanceKlass javax/crypto/spec/DESKeySpec
instanceKlass javax/crypto/SecretKeyFactorySpi
instanceKlass javax/crypto/SecretKeyFactory
instanceKlass org/eclipse/persistence/internal/security/JCEEncryptor$Synergizer
instanceKlass org/eclipse/persistence/internal/security/JCEEncryptor
instanceKlass org/eclipse/persistence/sessions/factories/SessionManager
instanceKlass javax/validation/groups/Default
instanceKlass org/hibernate/validator/internal/engine/groups/ValidationOrder
instanceKlass org/hibernate/validator/internal/engine/groups/ValidationOrderGenerator
instanceKlass org/hibernate/validator/internal/engine/constraintvalidation/ConstraintValidatorManager$1
instanceKlass javax/validation/metadata/ConstraintDescriptor
instanceKlass org/hibernate/validator/internal/engine/constraintvalidation/ConstraintValidatorManager
instanceKlass org/hibernate/validator/internal/engine/constraintvalidation/HibernateConstraintValidatorInitializationContextImpl
instanceKlass org/hibernate/validator/spi/scripting/ScriptEvaluator
instanceKlass org/hibernate/validator/spi/scripting/AbstractCachingScriptEvaluatorFactory
instanceKlass org/hibernate/validator/internal/util/ExecutableParameterNameProvider
instanceKlass javax/el/ELUtil
instanceKlass javax/el/ELContext
instanceKlass javax/el/ELManager
instanceKlass javax/el/Expression
instanceKlass javax/el/ELResolver
instanceKlass javax/el/FactoryFinder
instanceKlass javax/el/ExpressionFactory
instanceKlass org/hibernate/validator/internal/util/ConcurrentReferenceHashMap$HashEntry
instanceKlass org/hibernate/validator/messageinterpolation/AbstractMessageInterpolator
instanceKlass org/hibernate/validator/constraintvalidation/HibernateConstraintValidatorInitializationContext
instanceKlass org/hibernate/validator/internal/engine/ValidatorFactoryImpl$ValidatorFactoryScopedContext
instanceKlass org/hibernate/validator/internal/metadata/aggregated/rule/MethodConfigurationRule
instanceKlass org/hibernate/validator/internal/engine/MethodValidationConfiguration
instanceKlass org/hibernate/validator/internal/util/StringHelper
instanceKlass org/hibernate/validator/internal/metadata/core/AnnotationProcessingOptionsImpl
instanceKlass org/hibernate/validator/internal/metadata/core/AnnotationProcessingOptions
instanceKlass org/hibernate/validator/cfg/context/ConstraintDefinitionContext
instanceKlass org/hibernate/validator/cfg/context/TypeConstraintMappingContext
instanceKlass org/hibernate/validator/cfg/context/AnnotationIgnoreOptions
instanceKlass org/hibernate/validator/cfg/context/AnnotationProcessingOptions
instanceKlass org/hibernate/validator/cfg/context/ConstructorTarget
instanceKlass org/hibernate/validator/cfg/context/MethodTarget
instanceKlass org/hibernate/validator/cfg/context/PropertyTarget
instanceKlass org/hibernate/validator/cfg/context/ConstraintMappingTarget
instanceKlass org/hibernate/validator/cfg/context/ConstraintDefinitionTarget
instanceKlass org/hibernate/validator/cfg/context/TypeTarget
instanceKlass org/hibernate/validator/cfg/context/Constrainable
instanceKlass org/hibernate/validator/internal/cfg/context/DefaultConstraintMapping
instanceKlass org/hibernate/validator/internal/engine/ValidatorFactoryImpl$DefaultConstraintMappingBuilder
instanceKlass org/hibernate/validator/internal/engine/ServiceLoaderBasedConstraintMappingContributor
instanceKlass com/fasterxml/classmate/Filter
instanceKlass org/hibernate/validator/internal/util/ExecutableHelper
instanceKlass com/fasterxml/classmate/util/ResolvedTypeCache
instanceKlass com/fasterxml/classmate/util/ClassKey
instanceKlass com/fasterxml/classmate/TypeBindings
instanceKlass com/fasterxml/classmate/members/RawMember
instanceKlass com/fasterxml/classmate/ResolvedType
instanceKlass com/fasterxml/classmate/TypeResolver
instanceKlass org/hibernate/validator/internal/util/TypeResolutionHelper
instanceKlass org/hibernate/validator/internal/constraintvalidators/hv/URLValidator
instanceKlass org/hibernate/validator/constraints/URL
instanceKlass org/hibernate/validator/internal/constraintvalidators/hv/UniqueElementsValidator
instanceKlass org/hibernate/validator/constraints/UniqueElements
instanceKlass org/hibernate/validator/constraints/ScriptAssert
instanceKlass org/hibernate/validator/internal/constraintvalidators/hv/SafeHtmlValidator
instanceKlass org/hibernate/validator/constraints/SafeHtml
instanceKlass org/hibernate/validator/internal/constraintvalidators/hv/AbstractScriptAssertValidator
instanceKlass org/hibernate/validator/constraints/ParameterScriptAssert
instanceKlass org/hibernate/validator/internal/constraintvalidators/hv/NotBlankValidator
instanceKlass org/hibernate/validator/constraints/NotBlank
instanceKlass org/hibernate/validator/constraints/pl/PESEL
instanceKlass org/hibernate/validator/constraints/pl/NIP
instanceKlass org/hibernate/validator/constraints/pl/REGON
instanceKlass org/hibernate/validator/constraints/Mod11Check
instanceKlass org/hibernate/validator/constraints/Mod10Check
instanceKlass org/hibernate/validator/constraints/LuhnCheck
instanceKlass org/hibernate/validator/internal/constraintvalidators/hv/ModCheckBase
instanceKlass org/hibernate/validator/constraints/ModCheck
instanceKlass org/hibernate/validator/internal/constraintvalidators/hv/CodePointLengthValidator
instanceKlass org/hibernate/validator/constraints/CodePointLength
instanceKlass org/hibernate/validator/internal/constraintvalidators/hv/LengthValidator
instanceKlass org/hibernate/validator/constraints/Length
instanceKlass org/hibernate/validator/constraints/Email
instanceKlass org/hibernate/validator/internal/constraintvalidators/hv/EANValidator
instanceKlass org/hibernate/validator/constraints/EAN
instanceKlass org/hibernate/validator/internal/constraintvalidators/hv/time/DurationMinValidator
instanceKlass org/hibernate/validator/constraints/time/DurationMin
instanceKlass org/hibernate/validator/internal/constraintvalidators/hv/time/DurationMaxValidator
instanceKlass org/hibernate/validator/constraints/time/DurationMax
instanceKlass org/hibernate/validator/internal/constraintvalidators/hv/br/CPFValidator
instanceKlass org/hibernate/validator/constraints/br/CPF
instanceKlass org/hibernate/validator/internal/constraintvalidators/hv/br/CNPJValidator
instanceKlass org/hibernate/validator/constraints/br/CNPJ
instanceKlass javax/validation/constraints/Size
instanceKlass org/hibernate/validator/internal/constraintvalidators/bv/size/SizeValidatorForArraysOfPrimitives
instanceKlass org/hibernate/validator/internal/constraintvalidators/bv/size/SizeValidatorForMap
instanceKlass org/hibernate/validator/internal/constraintvalidators/bv/size/SizeValidatorForArray
instanceKlass org/hibernate/validator/internal/constraintvalidators/bv/size/SizeValidatorForCollection
instanceKlass org/hibernate/validator/internal/constraintvalidators/bv/size/SizeValidatorForCharSequence
instanceKlass org/hibernate/validator/internal/constraintvalidators/bv/number/sign/PositiveOrZeroValidatorForNumber
instanceKlass org/hibernate/validator/internal/constraintvalidators/bv/number/sign/PositiveOrZeroValidatorForByte
instanceKlass org/hibernate/validator/internal/constraintvalidators/bv/number/sign/PositiveOrZeroValidatorForShort
instanceKlass org/hibernate/validator/internal/constraintvalidators/bv/number/sign/PositiveOrZeroValidatorForInteger
instanceKlass org/hibernate/validator/internal/constraintvalidators/bv/number/sign/PositiveOrZeroValidatorForLong
instanceKlass org/hibernate/validator/internal/constraintvalidators/bv/number/sign/PositiveOrZeroValidatorForFloat
instanceKlass org/hibernate/validator/internal/constraintvalidators/bv/number/sign/PositiveOrZeroValidatorForDouble
instanceKlass org/hibernate/validator/internal/constraintvalidators/bv/number/sign/PositiveOrZeroValidatorForBigInteger
instanceKlass org/hibernate/validator/internal/constraintvalidators/bv/number/sign/PositiveOrZeroValidatorForBigDecimal
instanceKlass javax/validation/constraints/PositiveOrZero
instanceKlass org/hibernate/validator/internal/constraintvalidators/bv/number/sign/PositiveValidatorForNumber
instanceKlass org/hibernate/validator/internal/constraintvalidators/bv/number/sign/PositiveValidatorForByte
instanceKlass org/hibernate/validator/internal/constraintvalidators/bv/number/sign/PositiveValidatorForShort
instanceKlass org/hibernate/validator/internal/constraintvalidators/bv/number/sign/PositiveValidatorForInteger
instanceKlass org/hibernate/validator/internal/constraintvalidators/bv/number/sign/PositiveValidatorForLong
instanceKlass org/hibernate/validator/internal/constraintvalidators/bv/number/sign/PositiveValidatorForFloat
instanceKlass org/hibernate/validator/internal/constraintvalidators/bv/number/sign/PositiveValidatorForDouble
instanceKlass org/hibernate/validator/internal/constraintvalidators/bv/number/sign/PositiveValidatorForBigInteger
instanceKlass org/hibernate/validator/internal/constraintvalidators/bv/number/sign/PositiveValidatorForBigDecimal
instanceKlass javax/validation/constraints/Positive
instanceKlass org/hibernate/validator/internal/constraintvalidators/bv/PatternValidator
instanceKlass javax/validation/constraints/Pattern
instanceKlass javax/validation/constraints/PastOrPresent
instanceKlass javax/validation/constraints/Past
instanceKlass org/hibernate/validator/internal/constraintvalidators/bv/NullValidator
instanceKlass javax/validation/constraints/Null
instanceKlass org/hibernate/validator/internal/constraintvalidators/bv/NotNullValidator
instanceKlass javax/validation/constraints/NotNull
instanceKlass javax/validation/constraints/NotEmpty
instanceKlass org/hibernate/validator/internal/constraintvalidators/bv/notempty/NotEmptyValidatorForArraysOfShort
instanceKlass org/hibernate/validator/internal/constraintvalidators/bv/notempty/NotEmptyValidatorForArraysOfLong
instanceKlass org/hibernate/validator/internal/constraintvalidators/bv/notempty/NotEmptyValidatorForArraysOfInt
instanceKlass org/hibernate/validator/internal/constraintvalidators/bv/notempty/NotEmptyValidatorForArraysOfFloat
instanceKlass org/hibernate/validator/internal/constraintvalidators/bv/notempty/NotEmptyValidatorForArraysOfDouble
instanceKlass org/hibernate/validator/internal/constraintvalidators/bv/notempty/NotEmptyValidatorForArraysOfChar
instanceKlass org/hibernate/validator/internal/constraintvalidators/bv/notempty/NotEmptyValidatorForArraysOfByte
instanceKlass org/hibernate/validator/internal/constraintvalidators/bv/notempty/NotEmptyValidatorForArraysOfBoolean
instanceKlass org/hibernate/validator/internal/constraintvalidators/bv/notempty/NotEmptyValidatorForMap
instanceKlass org/hibernate/validator/internal/constraintvalidators/bv/notempty/NotEmptyValidatorForArray
instanceKlass org/hibernate/validator/internal/constraintvalidators/bv/notempty/NotEmptyValidatorForCollection
instanceKlass org/hibernate/validator/internal/constraintvalidators/bv/notempty/NotEmptyValidatorForCharSequence
instanceKlass org/hibernate/validator/internal/constraintvalidators/bv/NotBlankValidator
instanceKlass javax/validation/constraints/NotBlank
instanceKlass org/hibernate/validator/internal/constraintvalidators/bv/number/sign/NegativeOrZeroValidatorForNumber
instanceKlass org/hibernate/validator/internal/constraintvalidators/bv/number/sign/NegativeOrZeroValidatorForByte
instanceKlass org/hibernate/validator/internal/constraintvalidators/bv/number/sign/NegativeOrZeroValidatorForShort
instanceKlass org/hibernate/validator/internal/constraintvalidators/bv/number/sign/NegativeOrZeroValidatorForInteger
instanceKlass org/hibernate/validator/internal/constraintvalidators/bv/number/sign/NegativeOrZeroValidatorForLong
instanceKlass org/hibernate/validator/internal/constraintvalidators/bv/number/sign/NegativeOrZeroValidatorForFloat
instanceKlass org/hibernate/validator/internal/constraintvalidators/bv/number/sign/NegativeOrZeroValidatorForDouble
instanceKlass org/hibernate/validator/internal/constraintvalidators/bv/number/sign/NegativeOrZeroValidatorForBigInteger
instanceKlass org/hibernate/validator/internal/constraintvalidators/bv/number/sign/NegativeOrZeroValidatorForBigDecimal
instanceKlass javax/validation/constraints/NegativeOrZero
instanceKlass org/hibernate/validator/internal/constraintvalidators/bv/number/sign/NegativeValidatorForNumber
instanceKlass org/hibernate/validator/internal/constraintvalidators/bv/number/sign/NegativeValidatorForByte
instanceKlass org/hibernate/validator/internal/constraintvalidators/bv/number/sign/NegativeValidatorForShort
instanceKlass org/hibernate/validator/internal/constraintvalidators/bv/number/sign/NegativeValidatorForInteger
instanceKlass org/hibernate/validator/internal/constraintvalidators/bv/number/sign/NegativeValidatorForLong
instanceKlass org/hibernate/validator/internal/constraintvalidators/bv/number/sign/NegativeValidatorForFloat
instanceKlass org/hibernate/validator/internal/constraintvalidators/bv/number/sign/NegativeValidatorForDouble
instanceKlass org/hibernate/validator/internal/constraintvalidators/bv/number/sign/NegativeValidatorForBigInteger
instanceKlass org/hibernate/validator/internal/constraintvalidators/bv/number/sign/NegativeValidatorForBigDecimal
instanceKlass javax/validation/constraints/Negative
instanceKlass org/hibernate/validator/internal/constraintvalidators/bv/MinValidatorForCharSequence
instanceKlass org/hibernate/validator/internal/constraintvalidators/bv/number/bound/AbstractMinValidator
instanceKlass javax/validation/constraints/Min
instanceKlass org/hibernate/validator/internal/constraintvalidators/bv/MaxValidatorForCharSequence
instanceKlass org/hibernate/validator/internal/constraintvalidators/bv/number/bound/AbstractMaxValidator
instanceKlass javax/validation/constraints/Max
instanceKlass org/hibernate/validator/internal/constraintvalidators/hv/ISBNValidator
instanceKlass org/hibernate/validator/constraints/ISBN
instanceKlass javax/validation/constraints/FutureOrPresent
instanceKlass java/time/YearMonth
instanceKlass java/time/Year
instanceKlass java/time/MonthDay
instanceKlass java/time/chrono/ChronoLocalDateImpl
instanceKlass java/util/ArrayList$ArrayListSpliterator
instanceKlass javax/validation/constraints/Future
instanceKlass org/hibernate/validator/internal/constraintvalidators/bv/time/AbstractJavaTimeValidator
instanceKlass org/hibernate/validator/internal/constraintvalidators/bv/time/AbstractInstantBasedTimeValidator
instanceKlass org/hibernate/validator/constraintvalidation/HibernateConstraintValidator
instanceKlass org/hibernate/validator/internal/constraintvalidators/AbstractEmailValidator
instanceKlass javax/validation/constraints/Email
instanceKlass org/hibernate/validator/internal/metadata/core/ConstraintHelper$$Lambda$17
instanceKlass org/hibernate/validator/internal/constraintvalidators/bv/DigitsValidatorForNumber
instanceKlass org/hibernate/validator/internal/constraintvalidators/bv/DigitsValidatorForCharSequence
instanceKlass javax/validation/constraints/Digits
instanceKlass org/hibernate/validator/internal/constraintvalidators/bv/DecimalMinValidatorForCharSequence
instanceKlass org/hibernate/validator/internal/constraintvalidators/bv/number/bound/decimal/AbstractDecimalMinValidator
instanceKlass javax/validation/constraints/DecimalMin
instanceKlass java/util/stream/Collectors$$Lambda$16
instanceKlass java/util/stream/Collectors$$Lambda$15
instanceKlass java/util/stream/Collectors$$Lambda$14
instanceKlass org/hibernate/validator/internal/metadata/core/ConstraintHelper$$Lambda$13
instanceKlass java/util/Spliterators$ArraySpliterator
instanceKlass java/util/Spliterator$OfDouble
instanceKlass java/util/Spliterator$OfLong
instanceKlass java/util/Spliterator$OfInt
instanceKlass java/util/Spliterator$OfPrimitive
instanceKlass java/util/Spliterators$EmptySpliterator
instanceKlass java/util/Spliterators
instanceKlass org/hibernate/validator/internal/constraintvalidators/bv/DecimalMaxValidatorForCharSequence
instanceKlass org/hibernate/validator/internal/constraintvalidators/bv/number/bound/decimal/AbstractDecimalMaxValidator
instanceKlass javax/validation/constraints/DecimalMax
instanceKlass org/hibernate/validator/internal/constraintvalidators/bv/AssertTrueValidator
instanceKlass javax/validation/constraints/AssertTrue
instanceKlass javax/validation/constraintvalidation/SupportedValidationTarget
instanceKlass org/hibernate/validator/internal/engine/constraintvalidation/ClassBasedValidatorDescriptor
instanceKlass org/hibernate/validator/internal/engine/constraintvalidation/ConstraintValidatorDescriptor
instanceKlass org/hibernate/validator/internal/constraintvalidators/bv/AssertFalseValidator
instanceKlass javax/validation/ConstraintValidator
instanceKlass javax/validation/constraints/AssertFalse
instanceKlass org/hibernate/validator/internal/metadata/core/ConstraintHelper$ValidatorDescriptorMap
instanceKlass org/hibernate/validator/internal/metadata/core/ConstraintHelper
instanceKlass org/hibernate/validator/internal/engine/valueextraction/ValueExtractorResolver
instanceKlass java/util/stream/Sink$ChainedReference
instanceKlass java/util/stream/ReduceOps$Box
instanceKlass java/util/stream/ReduceOps$AccumulatingSink
instanceKlass java/util/stream/TerminalSink
instanceKlass java/util/stream/Sink
instanceKlass java/util/function/Consumer
instanceKlass java/util/stream/ReduceOps$ReduceOp
instanceKlass java/util/stream/TerminalOp
instanceKlass java/util/stream/ReduceOps
instanceKlass java/util/stream/Collectors$$Lambda$12
instanceKlass java/util/stream/Collectors$$Lambda$11
instanceKlass java/util/function/BinaryOperator
instanceKlass java/util/stream/Collectors$$Lambda$10
instanceKlass java/util/function/BiConsumer
instanceKlass java/lang/invoke/LambdaForm$DMH
instanceKlass java/util/stream/Collectors$$Lambda$9
instanceKlass java/lang/invoke/LambdaForm$DMH
instanceKlass java/util/stream/Collectors$CollectorImpl
instanceKlass java/util/stream/Collector
instanceKlass java/util/stream/Collectors
instanceKlass org/hibernate/validator/internal/engine/ConfigurationImpl$$Lambda$8
instanceKlass java/util/EnumMap$1
instanceKlass java/util/stream/StreamOpFlag$MaskBuilder
instanceKlass java/util/stream/PipelineHelper
instanceKlass java/util/stream/Stream
instanceKlass java/util/stream/BaseStream
instanceKlass java/util/stream/StreamSupport
instanceKlass java/util/HashMap$HashMapSpliterator
instanceKlass java/util/Spliterator
instanceKlass java/util/OptionalLong
instanceKlass org/hibernate/validator/internal/engine/valueextraction/OptionalLongValueExtractor
instanceKlass java/util/OptionalDouble
instanceKlass org/hibernate/validator/internal/engine/valueextraction/OptionalDoubleValueExtractor
instanceKlass org/hibernate/validator/internal/engine/valueextraction/AnnotatedObject
instanceKlass java/util/OptionalInt
instanceKlass org/hibernate/validator/internal/engine/valueextraction/OptionalIntValueExtractor
instanceKlass org/hibernate/validator/internal/engine/valueextraction/OptionalValueExtractor
instanceKlass org/hibernate/validator/internal/engine/valueextraction/IterableValueExtractor
instanceKlass org/hibernate/validator/internal/engine/valueextraction/MapKeyExtractor
instanceKlass org/hibernate/validator/internal/engine/valueextraction/MapValueExtractor
instanceKlass java/lang/reflect/AnnotatedWildcardType
instanceKlass sun/reflect/generics/tree/Wildcard
instanceKlass sun/reflect/generics/tree/BottomSignature
instanceKlass org/hibernate/validator/internal/engine/valueextraction/ListValueExtractor
instanceKlass org/hibernate/validator/internal/engine/valueextraction/ObjectArrayValueExtractor
instanceKlass sun/reflect/generics/tree/BooleanSignature
instanceKlass org/hibernate/validator/internal/engine/valueextraction/BooleanArrayValueExtractor
instanceKlass sun/reflect/generics/tree/CharSignature
instanceKlass org/hibernate/validator/internal/engine/valueextraction/CharArrayValueExtractor
instanceKlass sun/reflect/generics/tree/DoubleSignature
instanceKlass org/hibernate/validator/internal/engine/valueextraction/DoubleArrayValueExtractor
instanceKlass sun/reflect/generics/tree/FloatSignature
instanceKlass org/hibernate/validator/internal/engine/valueextraction/FloatArrayValueExtractor
instanceKlass sun/reflect/generics/tree/LongSignature
instanceKlass org/hibernate/validator/internal/engine/valueextraction/LongArrayValueExtractor
instanceKlass sun/reflect/generics/tree/IntSignature
instanceKlass org/hibernate/validator/internal/engine/valueextraction/IntArrayValueExtractor
instanceKlass sun/reflect/generics/tree/ShortSignature
instanceKlass org/hibernate/validator/internal/engine/valueextraction/ShortArrayValueExtractor
instanceKlass java/util/Optional
instanceKlass javax/validation/valueextraction/UnwrapByDefault
instanceKlass org/hibernate/validator/internal/engine/valueextraction/ArrayElement
instanceKlass org/hibernate/validator/internal/util/TypeHelper
instanceKlass java/lang/reflect/AnnotatedArrayType
instanceKlass org/hibernate/validator/internal/engine/valueextraction/ValueExtractorDescriptor$Key
instanceKlass java/lang/reflect/AnnotatedParameterizedType
instanceKlass javax/validation/valueextraction/ExtractedValue
instanceKlass sun/reflect/annotation/TypeAnnotation$TypeAnnotationTargetInfo
instanceKlass sun/reflect/annotation/TypeAnnotation$LocationInfo$Location
instanceKlass sun/reflect/annotation/TypeAnnotation$LocationInfo
instanceKlass sun/reflect/annotation/AnnotatedTypeFactory$AnnotatedTypeBaseImpl
instanceKlass sun/reflect/annotation/AnnotatedTypeFactory
instanceKlass sun/reflect/generics/tree/ArrayTypeSignature
instanceKlass sun/reflect/generics/tree/ByteSignature
instanceKlass sun/reflect/annotation/TypeAnnotation
instanceKlass sun/reflect/annotation/TypeAnnotationParser
instanceKlass org/hibernate/validator/internal/engine/valueextraction/ValueExtractorDescriptor
instanceKlass org/hibernate/validator/internal/engine/valueextraction/ByteArrayValueExtractor
instanceKlass org/hibernate/validator/internal/engine/valueextraction/ValueExtractorManager
instanceKlass org/hibernate/validator/HibernateValidatorContext
instanceKlass org/hibernate/validator/spi/cfg/ConstraintMappingContributor
instanceKlass org/hibernate/validator/spi/cfg/ConstraintMappingContributor$ConstraintMappingBuilder
instanceKlass org/hibernate/validator/spi/scripting/ScriptEvaluatorFactory
instanceKlass javax/validation/ValidatorContext
instanceKlass org/hibernate/validator/internal/engine/ValidatorFactoryImpl
instanceKlass org/hibernate/validator/HibernateValidatorFactory
instanceKlass org/hibernate/validator/internal/xml/BootstrapConfigurationImpl
instanceKlass org/hibernate/validator/internal/xml/ResourceLoaderHelper
instanceKlass javax/validation/BootstrapConfiguration
instanceKlass org/hibernate/validator/internal/xml/ValidationXmlParser
instanceKlass org/hibernate/validator/internal/util/privilegedactions/GetInstancesFromServiceLoader
instanceKlass javax/validation/valueextraction/ValueExtractor
instanceKlass org/hibernate/validator/internal/util/privilegedactions/GetClassLoader
instanceKlass org/hibernate/validator/internal/engine/DefaultClockProvider
instanceKlass org/hibernate/validator/internal/engine/DefaultParameterNameProvider
instanceKlass org/hibernate/validator/internal/engine/constraintvalidation/ConstraintValidatorFactoryImpl
instanceKlass org/hibernate/validator/internal/engine/resolver/JPATraversableResolver
instanceKlass javax/persistence/Persistence$PersistenceUtilImpl
instanceKlass org/hibernate/validator/internal/util/ReflectionHelper
instanceKlass org/hibernate/validator/internal/util/privilegedactions/NewInstance
instanceKlass org/hibernate/validator/internal/util/privilegedactions/LoadClass
instanceKlass javax/validation/TraversableResolver
instanceKlass org/hibernate/validator/internal/engine/resolver/TraversableResolvers
instanceKlass org/hibernate/validator/internal/util/Contracts
instanceKlass java/lang/reflect/AnnotatedType
instanceKlass org/hibernate/validator/internal/util/privilegedactions/GetMethod
instanceKlass org/hibernate/validator/resourceloading/PlatformResourceBundleLocator
instanceKlass org/hibernate/validator/internal/xml/ValidationBootstrapParameters
instanceKlass org/hibernate/validator/internal/engine/MethodValidationConfiguration$Builder
instanceKlass org/hibernate/validator/internal/util/CollectionHelper
instanceKlass java/text/DateFormatSymbols
instanceKlass java/util/Formatter$DateTime
instanceKlass sun/util/logging/LoggingSupport$2
instanceKlass java/util/logging/ErrorManager
instanceKlass java/util/Formattable
instanceKlass java/util/Formatter$Conversion
instanceKlass java/util/Formatter$Flags
instanceKlass java/util/Formatter$FormatSpecifier
instanceKlass java/util/Formatter$FixedString
instanceKlass java/util/Formatter$FormatString
instanceKlass java/util/Currency$CurrencyNameGetter
instanceKlass java/util/Currency$OtherCurrencyEntry
instanceKlass java/util/Currency$SpecialCaseEntry
instanceKlass java/util/Currency$1
instanceKlass java/util/Currency
instanceKlass java/util/concurrent/atomic/AtomicMarkableReference$Pair
instanceKlass java/util/concurrent/atomic/AtomicMarkableReference
instanceKlass java/util/Collections$UnmodifiableList$1
instanceKlass java/text/DecimalFormatSymbols
instanceKlass java/util/Formatter
instanceKlass org/jboss/logging/AbstractLoggerProvider
instanceKlass org/jboss/logging/LoggerProviders$1
instanceKlass org/jboss/logging/LoggerProvider
instanceKlass org/jboss/logging/LoggerProviders
instanceKlass org/jboss/logging/DelegatingBasicLogger
instanceKlass org/jboss/logging/Logger$1
instanceKlass org/jboss/logging/LoggingLocale$1
instanceKlass org/jboss/logging/LoggingLocale
instanceKlass org/jboss/logging/Logger
instanceKlass org/hibernate/validator/internal/util/logging/Log
instanceKlass org/jboss/logging/BasicLogger
instanceKlass org/hibernate/validator/internal/util/logging/LoggerFactory
instanceKlass org/hibernate/validator/internal/util/Version
instanceKlass org/hibernate/validator/cfg/ConstraintMapping
instanceKlass javax/validation/MessageInterpolator
instanceKlass javax/validation/ClockProvider
instanceKlass javax/validation/ParameterNameProvider
instanceKlass javax/validation/ConstraintValidatorFactory
instanceKlass org/hibernate/validator/spi/resourceloading/ResourceBundleLocator
instanceKlass org/hibernate/validator/internal/engine/ConfigurationImpl
instanceKlass javax/validation/spi/ConfigurationState
instanceKlass org/hibernate/validator/HibernateValidatorConfiguration
instanceKlass javax/validation/Configuration
instanceKlass javax/validation/ValidatorFactory
instanceKlass org/hibernate/validator/HibernateValidator
instanceKlass javax/validation/spi/ValidationProvider
instanceKlass javax/validation/Validation$GetValidationProviderListAction
instanceKlass javax/validation/Validation$DefaultValidationProviderResolver
instanceKlass javax/validation/ValidationProviderResolver
instanceKlass javax/validation/Validation$GenericBootstrapImpl
instanceKlass javax/validation/spi/BootstrapState
instanceKlass javax/validation/bootstrap/ProviderSpecificBootstrap
instanceKlass javax/validation/bootstrap/GenericBootstrap
instanceKlass javax/validation/Validation
instanceKlass org/eclipse/persistence/internal/jpa/deployment/BeanValidationInitializationHelper$BeanValidationInitializationHelperImpl
instanceKlass org/eclipse/persistence/internal/jpa/deployment/BeanValidationInitializationHelper
instanceKlass entiteti/Uloga
instanceKlass entiteti/Korisnik
instanceKlass entiteti/Grad
instanceKlass org/eclipse/persistence/descriptors/DescriptorEventAdapter
instanceKlass org/eclipse/persistence/descriptors/SerializableDescriptorEventHolder
instanceKlass java/util/concurrent/atomic/AtomicReferenceArray
instanceKlass java/text/AttributedCharacterIterator$Attribute
instanceKlass org/eclipse/persistence/exceptions/i18n/ExceptionMessageGenerator
instanceKlass org/eclipse/persistence/internal/security/PrivilegedGetSystemProperty
instanceKlass javax/persistence/criteria/CriteriaBuilder
instanceKlass javax/persistence/Cache
instanceKlass org/eclipse/persistence/internal/jpa/EntityManagerFactoryDelegate
instanceKlass javax/persistence/EntityManager
instanceKlass org/eclipse/persistence/internal/jpa/EntityManagerFactoryImpl
instanceKlass org/eclipse/persistence/jpa/JpaEntityManagerFactory
instanceKlass javax/persistence/PersistenceUnitUtil
instanceKlass org/eclipse/persistence/internal/jpa/metamodel/AttributeImpl
instanceKlass javax/persistence/metamodel/EmbeddableType
instanceKlass javax/persistence/metamodel/MappedSuperclassType
instanceKlass javax/persistence/metamodel/EntityType
instanceKlass javax/persistence/metamodel/IdentifiableType
instanceKlass javax/persistence/metamodel/ManagedType
instanceKlass javax/persistence/metamodel/BasicType
instanceKlass org/eclipse/persistence/internal/jpa/metamodel/TypeImpl
instanceKlass javax/persistence/metamodel/Type
instanceKlass org/eclipse/persistence/internal/jpa/metamodel/MetamodelImpl
instanceKlass org/eclipse/persistence/internal/jpa/jpql/Declaration
instanceKlass org/eclipse/persistence/jpa/jpql/JPQLQueryDeclaration
instanceKlass org/eclipse/persistence/internal/jpa/jpql/DeclarationResolver
instanceKlass org/eclipse/persistence/jpa/jpql/parser/EclipseLinkExpressionVisitor
instanceKlass org/eclipse/persistence/jpa/jpql/parser/AnonymousExpressionVisitor
instanceKlass org/eclipse/persistence/internal/jpa/jpql/JPQLQueryContext
instanceKlass org/eclipse/persistence/jpa/jpql/parser/AbstractExpression$Info
instanceKlass org/eclipse/persistence/jpa/jpql/parser/AbstractExpressionVisitor
instanceKlass org/eclipse/persistence/jpa/jpql/utility/filter/NullFilter
instanceKlass org/eclipse/persistence/jpa/jpql/ExpressionTools
instanceKlass org/eclipse/persistence/jpa/jpql/WordParser
instanceKlass org/eclipse/persistence/jpa/jpql/utility/iterable/ListIterable
instanceKlass org/eclipse/persistence/jpa/jpql/parser/AbstractExpression
instanceKlass org/eclipse/persistence/jpa/jpql/parser/Expression
instanceKlass org/eclipse/persistence/jpa/jpql/parser/JPQLQueryBNF$1
instanceKlass org/eclipse/persistence/jpa/jpql/utility/filter/Filter
instanceKlass org/eclipse/persistence/jpa/jpql/Assert
instanceKlass org/eclipse/persistence/jpa/jpql/parser/ExpressionRegistry
instanceKlass org/eclipse/persistence/jpa/jpql/parser/ExpressionFactory
instanceKlass org/eclipse/persistence/jpa/jpql/parser/JPQLQueryBNF
instanceKlass org/eclipse/persistence/jpa/jpql/parser/AbstractJPQLGrammar
instanceKlass org/eclipse/persistence/jpa/jpql/parser/DefaultEclipseLinkJPQLGrammar
instanceKlass org/eclipse/persistence/jpa/jpql/parser/JPQLGrammar
instanceKlass org/eclipse/persistence/jpa/jpql/parser/ExpressionVisitor
instanceKlass org/eclipse/persistence/internal/jpa/jpql/JPQLQueryHelper
instanceKlass org/eclipse/persistence/queries/SQLResult
instanceKlass org/eclipse/persistence/exceptions/IntegrityChecker
instanceKlass org/eclipse/persistence/sessions/changesets/ObjectReferenceChangeRecord
instanceKlass org/eclipse/persistence/mappings/RelationTableMechanism
instanceKlass java/beans/PropertyChangeListener
instanceKlass org/eclipse/persistence/sessions/changesets/CollectionChangeRecord
instanceKlass org/eclipse/persistence/mappings/converters/Converter
instanceKlass org/eclipse/persistence/core/mappings/converters/CoreConverter
instanceKlass org/eclipse/persistence/internal/helper/DatabaseField
instanceKlass org/eclipse/persistence/platform/database/oracle/annotations/OracleArray
instanceKlass org/eclipse/persistence/platform/database/oracle/annotations/OracleArrays
instanceKlass org/eclipse/persistence/platform/database/oracle/annotations/OracleObject
instanceKlass org/eclipse/persistence/platform/database/oracle/annotations/OracleObjects
instanceKlass org/eclipse/persistence/platform/database/oracle/annotations/PLSQLTable
instanceKlass org/eclipse/persistence/platform/database/oracle/annotations/PLSQLTables
instanceKlass org/eclipse/persistence/platform/database/oracle/annotations/PLSQLRecord
instanceKlass org/eclipse/persistence/platform/database/oracle/annotations/PLSQLRecords
instanceKlass org/eclipse/persistence/annotations/Property
instanceKlass org/eclipse/persistence/annotations/Properties
instanceKlass org/eclipse/persistence/annotations/Partitioned
instanceKlass org/eclipse/persistence/annotations/HashPartitioning
instanceKlass org/eclipse/persistence/annotations/PinnedPartitioning
instanceKlass org/eclipse/persistence/annotations/ValuePartitioning
instanceKlass org/eclipse/persistence/annotations/RangePartitioning
instanceKlass org/eclipse/persistence/annotations/UnionPartitioning
instanceKlass org/eclipse/persistence/annotations/RoundRobinPartitioning
instanceKlass org/eclipse/persistence/annotations/ReplicationPartitioning
instanceKlass org/eclipse/persistence/annotations/Partitioning
instanceKlass org/eclipse/persistence/annotations/CloneCopyPolicy
instanceKlass org/eclipse/persistence/annotations/InstantiationCopyPolicy
instanceKlass org/eclipse/persistence/annotations/CopyPolicy
instanceKlass org/eclipse/persistence/annotations/Customizer
instanceKlass org/eclipse/persistence/annotations/ChangeTracking
instanceKlass org/eclipse/persistence/annotations/Multitenant
instanceKlass org/eclipse/persistence/annotations/AdditionalCriteria
instanceKlass org/eclipse/persistence/annotations/ExistenceChecking
instanceKlass org/eclipse/persistence/annotations/ReadOnly
instanceKlass org/eclipse/persistence/annotations/QueryRedirectors
instanceKlass org/eclipse/persistence/annotations/CacheIndexes
instanceKlass org/eclipse/persistence/annotations/CacheInterceptor
instanceKlass org/eclipse/persistence/annotations/Cache
instanceKlass org/eclipse/persistence/annotations/OptimisticLocking
instanceKlass org/eclipse/persistence/annotations/PrimaryKey
instanceKlass org/eclipse/persistence/annotations/SerializedObject
instanceKlass org/eclipse/persistence/annotations/UuidGenerators
instanceKlass org/eclipse/persistence/platform/database/oracle/annotations/NamedPLSQLStoredFunctionQuery
instanceKlass org/eclipse/persistence/platform/database/oracle/annotations/NamedPLSQLStoredFunctionQueries
instanceKlass org/eclipse/persistence/platform/database/oracle/annotations/NamedPLSQLStoredProcedureQuery
instanceKlass org/eclipse/persistence/platform/database/oracle/annotations/NamedPLSQLStoredProcedureQueries
instanceKlass org/eclipse/persistence/annotations/NamedStoredFunctionQuery
instanceKlass org/eclipse/persistence/annotations/NamedStoredFunctionQueries
instanceKlass org/eclipse/persistence/annotations/NamedStoredProcedureQuery
instanceKlass org/eclipse/persistence/annotations/NamedStoredProcedureQueries
instanceKlass org/eclipse/persistence/annotations/FetchGroup
instanceKlass org/eclipse/persistence/annotations/FetchGroups
instanceKlass org/eclipse/persistence/annotations/Indexes
instanceKlass org/eclipse/persistence/internal/jpa/metadata/MetadataHelper
instanceKlass org/eclipse/persistence/internal/helper/DatabaseTable
instanceKlass org/eclipse/persistence/internal/core/helper/CoreTable
instanceKlass org/eclipse/persistence/annotations/DeleteAll
instanceKlass org/eclipse/persistence/annotations/MapKeyConvert
instanceKlass org/eclipse/persistence/annotations/Noncacheable
instanceKlass org/eclipse/persistence/annotations/CascadeOnDelete
instanceKlass org/eclipse/persistence/annotations/PrivateOwned
instanceKlass org/eclipse/persistence/annotations/BatchFetch
instanceKlass org/eclipse/persistence/annotations/JoinFetch
instanceKlass org/eclipse/persistence/eis/mappings/EISMapping
instanceKlass org/eclipse/persistence/annotations/WriteTransformer
instanceKlass org/eclipse/persistence/annotations/WriteTransformers
instanceKlass org/eclipse/persistence/annotations/ReadTransformer
instanceKlass org/eclipse/persistence/annotations/Structure
instanceKlass org/eclipse/persistence/annotations/ExcludeDefaultMappings
instanceKlass org/eclipse/persistence/annotations/CacheIndex
instanceKlass org/eclipse/persistence/annotations/Index
instanceKlass org/eclipse/persistence/annotations/ReturnUpdate
instanceKlass org/eclipse/persistence/annotations/ReturnInsert
instanceKlass org/eclipse/persistence/annotations/UuidGenerator
instanceKlass org/eclipse/persistence/annotations/Mutable
instanceKlass org/eclipse/persistence/annotations/Convert
instanceKlass org/eclipse/persistence/internal/core/queries/CoreMappedKeyMapContainerPolicy
instanceKlass org/eclipse/persistence/internal/indirection/IndirectionPolicy
instanceKlass org/eclipse/persistence/internal/queries/ContainerPolicy
instanceKlass org/eclipse/persistence/internal/core/queries/CoreContainerPolicy
instanceKlass org/eclipse/persistence/annotations/Array
instanceKlass org/eclipse/persistence/annotations/BasicMap
instanceKlass org/eclipse/persistence/annotations/BasicCollection
instanceKlass org/eclipse/persistence/annotations/StructConverter
instanceKlass org/eclipse/persistence/annotations/StructConverters
instanceKlass org/eclipse/persistence/annotations/SerializedConverter
instanceKlass org/eclipse/persistence/annotations/SerializedConverters
instanceKlass org/eclipse/persistence/annotations/TypeConverter
instanceKlass org/eclipse/persistence/annotations/TypeConverters
instanceKlass org/eclipse/persistence/annotations/ObjectTypeConverter
instanceKlass org/eclipse/persistence/annotations/ObjectTypeConverters
instanceKlass org/eclipse/persistence/annotations/Converter
instanceKlass org/eclipse/persistence/annotations/Converters
instanceKlass org/eclipse/persistence/annotations/Struct
instanceKlass org/eclipse/persistence/annotations/VirtualAccessMethods
instanceKlass org/eclipse/persistence/descriptors/CachePolicy
instanceKlass org/eclipse/persistence/sessions/changesets/TransformationMappingChangeRecord
instanceKlass org/eclipse/persistence/sessions/changesets/AggregateChangeRecord
instanceKlass org/eclipse/persistence/internal/sessions/ObjectChangeSet
instanceKlass org/eclipse/persistence/sessions/changesets/ObjectChangeSet
instanceKlass org/eclipse/persistence/sessions/changesets/DirectToFieldChangeRecord
instanceKlass org/eclipse/persistence/internal/sessions/ChangeRecord
instanceKlass org/eclipse/persistence/sessions/changesets/ChangeRecord
instanceKlass org/eclipse/persistence/internal/expressions/SQLStatement
instanceKlass org/eclipse/persistence/internal/descriptors/OptimisticLockingPolicy
instanceKlass org/eclipse/persistence/descriptors/InterfacePolicy
instanceKlass org/eclipse/persistence/mappings/EmbeddableMapping
instanceKlass org/eclipse/persistence/internal/core/helper/CoreField
instanceKlass org/eclipse/persistence/mappings/foundation/MapKeyMapping
instanceKlass org/eclipse/persistence/mappings/foundation/MapComponentMapping
instanceKlass org/eclipse/persistence/mappings/RelationalMapping
instanceKlass org/eclipse/persistence/mappings/ContainerMapping
instanceKlass org/eclipse/persistence/core/descriptors/CoreInheritancePolicy
instanceKlass org/eclipse/persistence/descriptors/invalidation/CacheInvalidationPolicy
instanceKlass org/eclipse/persistence/internal/core/descriptors/CoreInstantiationPolicy
instanceKlass org/eclipse/persistence/descriptors/copying/CopyPolicy
instanceKlass org/eclipse/persistence/mappings/AttributeAccessor
instanceKlass org/eclipse/persistence/core/mappings/CoreAttributeAccessor
instanceKlass org/eclipse/persistence/core/descriptors/CoreDescriptorEventManager
instanceKlass org/eclipse/persistence/descriptors/changetracking/ObjectChangePolicy
instanceKlass org/eclipse/persistence/internal/core/descriptors/CoreObjectBuilder
instanceKlass org/eclipse/persistence/descriptors/DescriptorEventListener
instanceKlass org/eclipse/persistence/internal/jpa/metadata/MetadataDescriptor
instanceKlass org/eclipse/persistence/internal/jpa/metadata/accessors/mappings/MappedKeyMapAccessor
instanceKlass org/eclipse/persistence/internal/helper/DatabaseType
instanceKlass java/beans/FeatureDescriptor
instanceKlass com/sun/beans/WeakCache
instanceKlass java/beans/Introspector
instanceKlass org/eclipse/persistence/internal/libraries/asm/Type
instanceKlass org/eclipse/persistence/internal/jpa/metadata/accessors/objects/MetadataAnnotation
instanceKlass org/eclipse/persistence/internal/libraries/asm/Context
instanceKlass org/eclipse/persistence/internal/libraries/asm/Attribute
instanceKlass org/eclipse/persistence/internal/libraries/asm/MethodVisitor
instanceKlass org/eclipse/persistence/internal/libraries/asm/FieldVisitor
instanceKlass org/eclipse/persistence/internal/libraries/asm/AnnotationVisitor
instanceKlass org/eclipse/persistence/internal/jpa/metadata/accessors/objects/MetadataAccessibleObject
instanceKlass org/eclipse/persistence/internal/libraries/asm/ClassReader
instanceKlass org/eclipse/persistence/internal/libraries/asm/ClassVisitor
instanceKlass org/eclipse/persistence/internal/jpa/metadata/MetadataLogger
instanceKlass org/eclipse/persistence/dynamic/DynamicClassWriter
instanceKlass org/eclipse/persistence/dynamic/EclipseLinkClassWriter
instanceKlass org/eclipse/persistence/internal/jpa/metadata/MetadataProject
instanceKlass org/eclipse/persistence/internal/jpa/metadata/ORMetadata
instanceKlass org/eclipse/persistence/internal/jpa/metadata/accessors/objects/MetadataFactory
instanceKlass org/eclipse/persistence/internal/jpa/metadata/MetadataProcessor
instanceKlass org/eclipse/persistence/internal/sessions/PropertiesHandler$Prop$1
instanceKlass java/util/logging/LogRecord
instanceKlass javax/management/openmbean/CompositeData
instanceKlass javax/management/openmbean/TabularData
instanceKlass org/eclipse/persistence/services/RuntimeServices
instanceKlass org/eclipse/persistence/services/glassfish/MBeanGlassfishRuntimeServicesMBean
instanceKlass org/eclipse/persistence/internal/identitymaps/IdentityMapManager
instanceKlass org/eclipse/persistence/internal/descriptors/DescriptorIterator
instanceKlass org/eclipse/persistence/internal/sessions/IdentityMapAccessor
instanceKlass org/eclipse/persistence/sessions/server/ConnectionPolicy
instanceKlass org/eclipse/persistence/internal/helper/ConcurrentFixedCache
instanceKlass org/w3c/dom/Document
instanceKlass org/eclipse/persistence/internal/helper/NoConversion
instanceKlass java/sql/Clob
instanceKlass java/sql/Blob
instanceKlass java/time/OffsetTime
instanceKlass java/time/OffsetDateTime
instanceKlass org/eclipse/persistence/queries/FetchGroupTracker
instanceKlass org/eclipse/persistence/internal/weaving/PersistenceWeavedLazy
instanceKlass org/eclipse/persistence/mappings/querykeys/QueryKey
instanceKlass org/eclipse/persistence/sessions/SessionProfilerAdapter
instanceKlass org/eclipse/persistence/indirection/IndirectSet
instanceKlass org/eclipse/persistence/indirection/IndirectCollection
instanceKlass org/eclipse/persistence/descriptors/changetracking/CollectionChangeTracker
instanceKlass org/eclipse/persistence/descriptors/changetracking/ChangeTracker
instanceKlass org/eclipse/persistence/indirection/IndirectCollectionsFactory$DefaultProvider
instanceKlass org/eclipse/persistence/indirection/IndirectCollectionsFactory$IndirectCollectionsProvider
instanceKlass org/eclipse/persistence/indirection/IndirectCollectionsFactory
instanceKlass org/eclipse/persistence/indirection/IndirectContainer
instanceKlass org/eclipse/persistence/core/descriptors/CoreDescriptorEvent
instanceKlass org/eclipse/persistence/queries/Cursor
instanceKlass java/util/EventObject
instanceKlass org/w3c/dom/Node
instanceKlass org/eclipse/persistence/internal/core/helper/CoreClassConstants
instanceKlass org/eclipse/persistence/internal/identitymaps/AbstractIdentityMap
instanceKlass org/eclipse/persistence/internal/identitymaps/IdentityMap
instanceKlass org/eclipse/persistence/sessions/DefaultConnector
instanceKlass java/sql/Statement
instanceKlass org/eclipse/persistence/internal/databaseaccess/QueryStringCall
instanceKlass org/eclipse/persistence/internal/databaseaccess/DatasourceCall
instanceKlass org/eclipse/persistence/internal/databaseaccess/DatasourcePlatform
instanceKlass org/eclipse/persistence/sequencing/Sequence
instanceKlass org/eclipse/persistence/internal/sessions/cdi/InjectionManager
instanceKlass org/eclipse/persistence/internal/indirection/WrappingValueHolder
instanceKlass org/eclipse/persistence/internal/indirection/DatabaseValueHolder
instanceKlass org/eclipse/persistence/indirection/WeavedAttributeValueHolderInterface
instanceKlass org/eclipse/persistence/indirection/ValueHolderInterface
instanceKlass org/eclipse/persistence/sessions/IdentityMapAccessor
instanceKlass org/eclipse/persistence/internal/databaseaccess/Platform
instanceKlass org/eclipse/persistence/internal/core/databaseaccess/CorePlatform
instanceKlass org/eclipse/persistence/core/sessions/CoreProject
instanceKlass org/eclipse/persistence/core/sessions/CoreSessionEventManager
instanceKlass org/eclipse/persistence/core/descriptors/CoreDescriptor
instanceKlass org/eclipse/persistence/internal/helper/ConcurrencyManager
instanceKlass org/eclipse/persistence/internal/security/Securable
instanceKlass org/eclipse/persistence/internal/security/SecurableObjectHolder
instanceKlass java/text/FieldPosition
instanceKlass java/text/Format
instanceKlass org/eclipse/persistence/internal/localization/EclipseLinkLocalization
instanceKlass org/eclipse/persistence/services/mbean/MBeanRuntimeServicesMBean
instanceKlass org/eclipse/persistence/platform/server/ServerPlatformBase
instanceKlass org/eclipse/persistence/platform/server/JMXEnabledPlatform
instanceKlass org/eclipse/persistence/config/PersistenceUnitProperties
instanceKlass org/eclipse/persistence/platform/server/glassfish/GlassfishPlatformDetector
instanceKlass org/eclipse/persistence/platform/server/wls/WebLogicPlatformDetector
instanceKlass org/eclipse/persistence/platform/server/was/WebSpherePlatformDetector
instanceKlass org/eclipse/persistence/platform/server/NoServerPlatformDetector
instanceKlass org/eclipse/persistence/platform/server/ServerPlatformDetector
instanceKlass org/eclipse/persistence/platform/server/ServerPlatformUtils
instanceKlass org/eclipse/persistence/internal/jpa/IsolatedHashMap
instanceKlass java/net/URLEncoder
instanceKlass java/net/URLDecoder
instanceKlass org/eclipse/persistence/descriptors/DescriptorQueryManager
instanceKlass org/eclipse/persistence/core/queries/CoreAttributeGroup
instanceKlass org/eclipse/persistence/internal/expressions/ForUpdateClause
instanceKlass org/eclipse/persistence/history/AsOfClause
instanceKlass org/eclipse/persistence/core/mappings/CoreMapping
instanceKlass org/eclipse/persistence/expressions/Expression
instanceKlass org/eclipse/persistence/sessions/UnitOfWork
instanceKlass org/eclipse/persistence/internal/queries/DatabaseQueryMechanism
instanceKlass org/eclipse/persistence/queries/Call
instanceKlass org/eclipse/persistence/internal/core/sessions/CoreAbstractRecord
instanceKlass org/eclipse/persistence/sessions/Record
instanceKlass org/eclipse/persistence/queries/DatabaseQuery
instanceKlass org/eclipse/persistence/internal/sessions/PropertiesHandler$Prop
instanceKlass org/eclipse/persistence/internal/sessions/PropertiesHandler
instanceKlass org/eclipse/persistence/descriptors/MultitenantPolicy
instanceKlass org/eclipse/persistence/sessions/serializers/Serializer
instanceKlass org/eclipse/persistence/sessions/Connector
instanceKlass org/eclipse/persistence/sessions/DatasourceLogin
instanceKlass org/eclipse/persistence/sessions/Login
instanceKlass org/eclipse/persistence/core/sessions/CoreLogin
instanceKlass org/eclipse/persistence/sessions/SessionProfiler
instanceKlass org/eclipse/persistence/sessions/remote/rmi/RMIServerSessionManager
instanceKlass org/eclipse/persistence/internal/sessions/remote/RemoteConnection
instanceKlass org/eclipse/persistence/descriptors/CMPPolicy
instanceKlass org/eclipse/persistence/tools/tuning/SessionTuner
instanceKlass org/eclipse/persistence/internal/databaseaccess/Accessor
instanceKlass javax/persistence/metamodel/CollectionAttribute
instanceKlass javax/persistence/metamodel/ListAttribute
instanceKlass javax/persistence/metamodel/SetAttribute
instanceKlass javax/persistence/metamodel/MapAttribute
instanceKlass javax/persistence/metamodel/PluralAttribute
instanceKlass javax/persistence/metamodel/SingularAttribute
instanceKlass javax/persistence/metamodel/Bindable
instanceKlass org/eclipse/persistence/internal/jpa/metamodel/proxy/AttributeProxyImpl
instanceKlass javax/persistence/metamodel/Attribute
instanceKlass org/eclipse/persistence/jpa/metadata/ProjectCache
instanceKlass org/eclipse/persistence/sessions/server/ConnectionPool
instanceKlass org/eclipse/persistence/jpa/metadata/MetadataSource
instanceKlass org/eclipse/persistence/sessions/coordination/CommandManager
instanceKlass org/eclipse/persistence/sessions/coordination/TransportManager
instanceKlass javax/persistence/metamodel/Metamodel
instanceKlass org/eclipse/persistence/platform/server/ServerPlatform
instanceKlass javax/persistence/spi/ClassTransformer
instanceKlass org/eclipse/persistence/internal/core/helper/CoreConversionManager
instanceKlass org/eclipse/persistence/sessions/server/Server
instanceKlass org/eclipse/persistence/sessions/DatabaseSession
instanceKlass org/eclipse/persistence/internal/core/sessions/CoreAbstractSession
instanceKlass org/eclipse/persistence/sessions/coordination/CommandProcessor
instanceKlass org/eclipse/persistence/exceptions/ExceptionHandler
instanceKlass org/eclipse/persistence/internal/jpa/EntityManagerSetupImpl
instanceKlass org/eclipse/persistence/sessions/coordination/MetadataRefreshListener
instanceKlass org/eclipse/persistence/internal/jpa/EntityManagerFactoryProvider
instanceKlass java/util/Vector$Itr
instanceKlass org/eclipse/persistence/internal/jpa/deployment/SEPersistenceUnitInfo
instanceKlass javax/sql/DataSource
instanceKlass javax/sql/CommonDataSource
instanceKlass org/eclipse/persistence/internal/jpa/deployment/xml/parser/PersistenceContentHandler
instanceKlass org/eclipse/persistence/internal/jpa/deployment/xml/parser/XMLExceptionHandler
instanceKlass org/eclipse/persistence/sessions/Session
instanceKlass org/eclipse/persistence/core/sessions/CoreSession
instanceKlass org/eclipse/persistence/logging/AbstractSessionLog
instanceKlass org/eclipse/persistence/logging/SessionLog
instanceKlass org/eclipse/persistence/internal/helper/XMLHelper
instanceKlass org/eclipse/persistence/internal/jpa/deployment/ArchiveBase
instanceKlass sun/util/locale/LanguageTag
instanceKlass sun/util/resources/LocaleData$1
instanceKlass sun/util/resources/LocaleData
instanceKlass sun/util/locale/provider/LocaleResources
instanceKlass sun/util/locale/provider/CalendarDataUtility$CalendarWeekParameterGetter
instanceKlass sun/util/locale/provider/LocaleServiceProviderPool$LocalizedObjectGetter
instanceKlass sun/util/locale/provider/SPILocaleProviderAdapter$1
instanceKlass sun/util/locale/provider/LocaleServiceProviderPool
instanceKlass sun/util/locale/provider/CalendarDataUtility
instanceKlass java/util/Calendar$Builder
instanceKlass sun/util/locale/provider/JRELocaleProviderAdapter$1
instanceKlass sun/util/locale/provider/LocaleDataMetaInfo
instanceKlass sun/util/locale/provider/AvailableLanguageTags
instanceKlass sun/util/locale/provider/LocaleProviderAdapter$1
instanceKlass sun/util/locale/provider/ResourceBundleBasedAdapter
instanceKlass sun/util/locale/provider/LocaleProviderAdapter
instanceKlass java/util/spi/LocaleServiceProvider
instanceKlass java/util/TimeZone$1
instanceKlass sun/util/calendar/ZoneInfoFile$ZoneOffsetTransitionRule
instanceKlass java/io/DataInput
instanceKlass sun/util/calendar/ZoneInfoFile$1
instanceKlass sun/util/calendar/ZoneInfoFile
instanceKlass java/util/TimeZone
instanceKlass java/util/concurrent/ConcurrentLinkedQueue$Node
instanceKlass org/eclipse/persistence/internal/core/helper/CoreHelper
instanceKlass org/eclipse/persistence/jpa/Archive
instanceKlass org/eclipse/persistence/internal/jpa/deployment/ArchiveFactoryImpl
instanceKlass org/eclipse/persistence/internal/security/PrivilegedAccessHelper
instanceKlass org/eclipse/persistence/jpa/ArchiveFactory
instanceKlass org/eclipse/persistence/internal/jpa/deployment/PersistenceUnitProcessor
instanceKlass java/lang/instrument/ClassFileTransformer
instanceKlass javax/persistence/EntityManagerFactory
instanceKlass org/eclipse/persistence/internal/jpa/deployment/JPAInitializer
instanceKlass javax/persistence/spi/PersistenceUnitInfo
instanceKlass org/eclipse/persistence/jpa/PersistenceProvider
instanceKlass javax/persistence/spi/ProviderUtil
instanceKlass java/security/cert/CertPathValidatorException$Reason
instanceKlass java/time/Instant$1
instanceKlass java/time/format/DateTimePrintContext
instanceKlass java/time/format/DateTimeFormatter$$Lambda$7
instanceKlass java/time/format/DateTimeFormatter$$Lambda$6
instanceKlass java/time/Period
instanceKlass java/time/chrono/ChronoPeriod
instanceKlass java/time/format/DateTimeFormatterBuilder$TextPrinterParser
instanceKlass java/time/format/DateTimeTextProvider$1
instanceKlass java/time/format/DateTimeTextProvider
instanceKlass java/time/format/DateTimeTextProvider$LocaleStore
instanceKlass java/time/format/DateTimeFormatterBuilder$InstantPrinterParser
instanceKlass java/time/format/DateTimeFormatterBuilder$StringLiteralPrinterParser
instanceKlass java/time/format/DateTimeFormatterBuilder$ZoneIdPrinterParser
instanceKlass java/time/format/DateTimeFormatterBuilder$FractionPrinterParser
instanceKlass java/time/format/DateTimeFormatterBuilder$OffsetIdPrinterParser
instanceKlass java/time/format/DecimalStyle
instanceKlass java/time/format/DateTimeFormatterBuilder$CompositePrinterParser
instanceKlass java/util/Locale$1
instanceKlass java/time/chrono/AbstractChronology$$Lambda$5
instanceKlass java/time/chrono/AbstractChronology$$Lambda$4
instanceKlass java/time/chrono/AbstractChronology$$Lambda$3
instanceKlass java/lang/invoke/LambdaForm$BMH
instanceKlass java/lang/invoke/LambdaForm$MH
instanceKlass java/lang/invoke/LambdaForm$DMH
instanceKlass java/lang/invoke/LambdaForm$DMH
instanceKlass java/lang/invoke/LambdaForm$BMH
instanceKlass java/lang/invoke/LambdaForm$BMH
instanceKlass java/time/chrono/AbstractChronology
instanceKlass java/time/chrono/Chronology
instanceKlass java/time/format/DateTimeFormatterBuilder$CharLiteralPrinterParser
instanceKlass java/time/format/DateTimeFormatterBuilder$NumberPrinterParser
instanceKlass java/time/format/DateTimeFormatterBuilder$DateTimePrinterParser
instanceKlass java/time/format/DateTimeFormatterBuilder$2
instanceKlass java/time/temporal/IsoFields
instanceKlass java/lang/invoke/LambdaForm$MH
instanceKlass java/lang/invoke/LambdaForm$MH
instanceKlass java/lang/invoke/InnerClassLambdaMetafactory$1
instanceKlass java/time/format/DateTimeFormatterBuilder$$Lambda$2
instanceKlass java/time/temporal/TemporalQuery
instanceKlass java/lang/invoke/LambdaForm$DMH
instanceKlass java/time/format/DateTimeFormatterBuilder
instanceKlass java/time/format/DateTimeFormatter
instanceKlass javax/persistence/spi/PersistenceProvider
instanceKlass javax/persistence/spi/PersistenceProviderResolverHolder$DefaultPersistenceProviderResolver$CacheKeyReference
instanceKlass javax/persistence/spi/PersistenceProviderResolverHolder$DefaultPersistenceProviderResolver$CacheKey
instanceKlass javax/persistence/spi/PersistenceProviderResolverHolder$DefaultPersistenceProviderResolver
instanceKlass javax/persistence/spi/PersistenceProviderResolver
instanceKlass javax/persistence/spi/PersistenceProviderResolverHolder
instanceKlass javax/persistence/PersistenceUtil
instanceKlass javax/persistence/Persistence
instanceKlass java/security/cert/PolicyQualifierInfo
instanceKlass javax/jms/Destination
instanceKlass podsistem1novi/Main
instanceKlass com/sun/enterprise/connectors/service/ResourceAdapterAdminServiceImpl$1
instanceKlass javax/resource/spi/ConnectionEventListener
instanceKlass java/util/EventListener
instanceKlass com/sun/enterprise/connectors/service/ConnectorAdminServicesFactory
instanceKlass javax/validation/Validator
instanceKlass javax/resource/spi/ResourceAdapter
instanceKlass com/sun/enterprise/connectors/ActiveResourceAdapter
instanceKlass java/util/concurrent/locks/AbstractQueuedSynchronizer$ConditionObject
instanceKlass java/util/concurrent/locks/Condition
instanceKlass java/util/concurrent/SynchronousQueue$TransferStack$SNode
instanceKlass java/util/concurrent/SynchronousQueue$Transferer
instanceKlass java/util/concurrent/BlockingQueue
instanceKlass java/util/concurrent/ThreadPoolExecutor$AbortPolicy
instanceKlass java/util/concurrent/RejectedExecutionHandler
instanceKlass java/util/concurrent/AbstractExecutorService
instanceKlass java/util/concurrent/Executors
instanceKlass com/sun/enterprise/v3/server/ExecutorServiceFactory$1
instanceKlass org/glassfish/hk2/utilities/general/ThreadSpecificObject
instanceKlass org/jvnet/hk2/internal/FactoryCreator
instanceKlass javax/xml/stream/XMLInputFactory
instanceKlass com/sun/enterprise/v3/server/StAXParserFactory
instanceKlass java/util/concurrent/ScheduledExecutorService
instanceKlass com/sun/enterprise/v3/server/ScheduledExecutorServiceFactory
instanceKlass javax/management/MBeanServer
instanceKlass javax/management/MBeanServerConnection
instanceKlass org/glassfish/admin/mbeanserver/MBeanServerFactory
instanceKlass org/glassfish/common/util/ObjectInputOutputStreamFactory
instanceKlass org/glassfish/common/util/ObjectInputOutputStreamFactoryFactory
instanceKlass java/util/concurrent/ThreadFactory
instanceKlass com/sun/enterprise/v3/server/ExecutorServiceFactory
instanceKlass java/util/concurrent/ExecutorService
instanceKlass java/util/concurrent/Executor
instanceKlass org/glassfish/api/event/EventListener$Event
instanceKlass org/glassfish/kernel/event/EventsImpl
instanceKlass com/sun/enterprise/resource/deployer/MailSessionDeployer
instanceKlass com/sun/enterprise/deployment/archivist/ArchivistFactory
instanceKlass com/sun/enterprise/security/jmac/callback/ContainerCallbackHandler
instanceKlass com/sun/enterprise/security/jmac/config/CallbackHandlerConfig
instanceKlass org/glassfish/resourcebase/resources/util/ResourceManagerFactory
instanceKlass com/sun/appserv/connectors/internal/api/WorkManagerFactory
instanceKlass com/sun/enterprise/connectors/util/DriverLoader
instanceKlass com/sun/enterprise/resource/pool/monitor/PoolMonitoringLevelListener
instanceKlass com/sun/enterprise/connectors/ConnectorRegistry
instanceKlass com/sun/enterprise/connectors/service/ConnectorService
instanceKlass com/sun/appserv/connectors/internal/api/WorkContextHandler
instanceKlass javax/resource/spi/work/WorkManager
instanceKlass com/sun/enterprise/connectors/authentication/AuthenticationService
instanceKlass com/sun/enterprise/connectors/util/ConnectorJavaBeanValidator
instanceKlass com/sun/enterprise/deployment/archivist/Archivist
instanceKlass org/glassfish/deployment/common/SecurityRoleMapperFactory
instanceKlass com/sun/enterprise/connectors/ActiveRAFactory
instanceKlass com/sun/enterprise/connectors/module/ConnectorApplication
instanceKlass org/glassfish/api/deployment/ApplicationContainer
instanceKlass org/glassfish/connectors/config/ResourceAdapterConfig
instanceKlass javax/resource/spi/ConnectionManager
instanceKlass org/glassfish/admin/monitor/MonitoringBootstrap
instanceKlass org/glassfish/resourcebase/resources/naming/ResourceNamingService
instanceKlass com/sun/enterprise/resource/pool/monitor/ConnectionPoolProbeProviderUtil
instanceKlass org/glassfish/resourcebase/resources/listener/ResourceManager
instanceKlass com/sun/enterprise/config/serverbeans/ResourcePool
instanceKlass javax/resource/spi/ResourceAdapterAssociation
instanceKlass javax/resource/spi/ManagedConnectionFactory
instanceKlass com/sun/appserv/connectors/internal/spi/ConnectorNamingEventListener
instanceKlass java/sql/Connection
instanceKlass java/sql/Wrapper
instanceKlass org/glassfish/resourcebase/resources/api/ResourceInfo
instanceKlass org/glassfish/api/deployment/archive/ArchiveType
instanceKlass com/sun/enterprise/security/integration/DDPermissionsLoader
instanceKlass org/glassfish/api/deployment/InstrumentableClassLoader
instanceKlass com/sun/enterprise/loader/JasperAdapter
instanceKlass com/sun/enterprise/connectors/ConnectorRuntime
instanceKlass org/omg/IOP/TaggedComponent
instanceKlass org/omg/PortableInterceptor/IORInfo
instanceKlass org/omg/PortableInterceptor/IORInfoOperations
instanceKlass com/sun/enterprise/iiop/security/IIOPSSLUtilImpl
instanceKlass javax/servlet/http/HttpServletRequest
instanceKlass javax/servlet/ServletRequest
instanceKlass com/sun/enterprise/security/BaseAuditModule
instanceKlass com/sun/enterprise/security/audit/BaseAuditManager
instanceKlass com/sun/enterprise/security/audit/AuditManager
instanceKlass javax/net/ssl/HttpsURLConnection$DefaultHostnameVerifier
instanceKlass javax/net/ssl/HostnameVerifier
instanceKlass sun/security/provider/SeedGenerator$1
instanceKlass sun/security/provider/SeedGenerator
instanceKlass sun/security/provider/SecureRandom$SeederHolder
instanceKlass javax/net/ssl/X509ExtendedTrustManager
instanceKlass javax/net/ssl/X509TrustManager
instanceKlass sun/security/validator/TrustStoreUtil
instanceKlass javax/net/ssl/TrustManagerFactorySpi
instanceKlass javax/net/ssl/TrustManagerFactory$1
instanceKlass javax/net/ssl/TrustManagerFactory
instanceKlass com/sun/enterprise/security/ssl/manager/UnifiedX509KeyManager
instanceKlass javax/net/ssl/X509ExtendedKeyManager
instanceKlass javax/net/ssl/X509KeyManager
instanceKlass javax/net/ssl/KeyManagerFactorySpi
instanceKlass javax/net/ssl/KeyManagerFactory$1
instanceKlass javax/net/ssl/KeyManagerFactory
instanceKlass sun/security/ssl/SSLSessionContextImpl
instanceKlass javax/net/ssl/SSLSessionContext
instanceKlass sun/security/ssl/EphemeralKeyManager$EphemeralKeyPair
instanceKlass sun/security/ssl/EphemeralKeyManager
instanceKlass sun/security/ssl/SSLContextImpl$CustomizedSSLProtocols
instanceKlass sun/security/krb5/Realm
instanceKlass sun/security/krb5/PrincipalName
instanceKlass sun/security/ssl/JsseJce$KerberosAvailability$1
instanceKlass sun/security/ssl/JsseJce$KerberosAvailability
instanceKlass java/security/spec/ECGenParameterSpec
instanceKlass sun/security/util/ECKeySizeParameterSpec
instanceKlass sun/security/util/ECUtil
instanceKlass sun/security/ec/point/Point
instanceKlass java/security/KeyPairGeneratorSpi
instanceKlass javax/crypto/KeyAgreement
instanceKlass sun/security/ssl/JsseJce$EcAvailability
instanceKlass sun/security/ssl/SSLAlgorithmDecomposer$1
instanceKlass sun/security/ssl/SSLCipher$1
instanceKlass sun/security/ssl/SSLCipher$T13GcmWriteCipherGenerator
instanceKlass sun/security/ssl/SSLCipher$T13GcmReadCipherGenerator
instanceKlass sun/security/ssl/SSLCipher$T12GcmWriteCipherGenerator
instanceKlass sun/security/ssl/SSLCipher$T12GcmReadCipherGenerator
instanceKlass javax/crypto/JceSecurityManager$1
instanceKlass sun/security/ssl/SSLCipher$T11BlockWriteCipherGenerator
instanceKlass sun/security/ssl/SSLCipher$T11BlockReadCipherGenerator
instanceKlass sun/security/ssl/SSLCipher$T10BlockWriteCipherGenerator
instanceKlass sun/security/ssl/SSLCipher$T10BlockReadCipherGenerator
instanceKlass sun/security/util/DisabledAlgorithmConstraints$CertPathHolder
instanceKlass sun/security/provider/certpath/CertPathHelper
instanceKlass java/security/cert/TrustAnchor
instanceKlass java/lang/invoke/LambdaForm$MH
instanceKlass sun/security/x509/X509CertImpl$$Lambda$1
instanceKlass java/lang/invoke/InfoFromMemberName
instanceKlass java/lang/invoke/MethodHandleInfo
instanceKlass java/lang/Class$Holder
instanceKlass java/security/AccessController$1
instanceKlass java/lang/invoke/AbstractValidatingLambdaMetafactory
instanceKlass java/lang/invoke/LambdaForm$BMH
instanceKlass java/lang/invoke/LambdaForm$BMH
instanceKlass java/lang/invoke/LambdaForm$BMH
instanceKlass java/lang/invoke/LambdaForm$BMH
instanceKlass jdk/internal/org/objectweb/asm/FieldVisitor
instanceKlass java/lang/invoke/BoundMethodHandle$Factory$1
instanceKlass java/lang/invoke/BoundMethodHandle$SpeciesData$1
instanceKlass java/lang/invoke/LambdaForm$BMH
instanceKlass java/lang/invoke/LambdaForm$MH
instanceKlass java/lang/invoke/LambdaForm$BMH
instanceKlass java/lang/invoke/LambdaForm$MH
instanceKlass java/lang/invoke/LambdaForm$DMH
instanceKlass java/lang/invoke/LambdaForm$DMH
instanceKlass java/lang/invoke/LambdaForm$BMH
instanceKlass java/lang/invoke/LambdaForm$BMH
instanceKlass java/lang/invoke/LambdaForm$MH
instanceKlass java/lang/invoke/LambdaFormBuffer
instanceKlass java/lang/invoke/LambdaFormEditor
instanceKlass java/lang/invoke/LambdaForm$BMH
instanceKlass java/lang/invoke/LambdaForm$DMH
instanceKlass java/lang/invoke/LambdaForm$DMH
instanceKlass java/lang/invoke/LambdaForm$DMH
instanceKlass java/lang/invoke/LambdaForm$DMH
instanceKlass java/lang/invoke/LambdaForm$MH
instanceKlass java/lang/invoke/LambdaForm$DMH
instanceKlass java/lang/invoke/LambdaForm$DMH
instanceKlass java/lang/invoke/LambdaForm$MH
instanceKlass java/lang/invoke/LambdaForm$DMH
instanceKlass java/lang/invoke/LambdaForm$DMH
instanceKlass java/lang/invoke/LambdaForm$MH
instanceKlass java/lang/invoke/LambdaForm$DMH
instanceKlass java/lang/invoke/LambdaForm$DMH
instanceKlass java/lang/invoke/LambdaForm$MH
instanceKlass java/lang/invoke/LambdaForm$DMH
instanceKlass java/lang/invoke/LambdaForm$DMH
instanceKlass java/lang/invoke/LambdaForm$MH
instanceKlass java/lang/invoke/LambdaForm$DMH
instanceKlass java/lang/invoke/LambdaForm$MH
instanceKlass java/lang/invoke/LambdaForm$DMH
instanceKlass java/lang/invoke/LambdaForm$DMH
instanceKlass java/lang/invoke/LambdaForm$MH
instanceKlass java/lang/invoke/LambdaForm$DMH
instanceKlass java/lang/invoke/LambdaForm$DMH
instanceKlass java/lang/invoke/LambdaForm$MH
instanceKlass java/lang/invoke/LambdaForm$DMH
instanceKlass java/lang/invoke/LambdaForm$MH
instanceKlass java/lang/invoke/LambdaForm$DMH
instanceKlass java/lang/invoke/LambdaForm$MH
instanceKlass java/lang/invoke/LambdaForm$DMH
instanceKlass java/lang/invoke/LambdaForm$DMH
instanceKlass java/lang/invoke/MethodHandleImpl$Lazy
instanceKlass java/lang/invoke/LambdaForm$BMH
instanceKlass java/lang/invoke/LambdaForm$MH
instanceKlass java/lang/invoke/LambdaForm$DMH
instanceKlass java/lang/invoke/LambdaForm$DMH
instanceKlass java/lang/invoke/LambdaForm$DMH
instanceKlass java/lang/invoke/LambdaForm$DMH
instanceKlass java/util/SubList$1
instanceKlass java/lang/invoke/LambdaForm$MH
instanceKlass java/lang/invoke/LambdaForm$MH
instanceKlass java/lang/invoke/LambdaForm$MH
instanceKlass java/lang/invoke/LambdaForm$MH
instanceKlass java/lang/invoke/LambdaForm$MH
instanceKlass java/lang/invoke/LambdaForm$MH
instanceKlass java/lang/invoke/LambdaForm$MH
instanceKlass java/lang/invoke/LambdaForm$MH
instanceKlass java/lang/invoke/LambdaForm$MH
instanceKlass java/lang/invoke/LambdaForm$MH
instanceKlass java/lang/invoke/LambdaForm$MH
instanceKlass java/lang/invoke/LambdaForm$MH
instanceKlass java/lang/invoke/LambdaForm$DMH
instanceKlass java/lang/invoke/LambdaForm$DMH
instanceKlass java/lang/invoke/LambdaForm$DMH
instanceKlass java/lang/invoke/LambdaForm$DMH
instanceKlass java/lang/invoke/LambdaForm$DMH
instanceKlass java/lang/invoke/LambdaForm$DMH
instanceKlass sun/invoke/empty/Empty
instanceKlass sun/invoke/util/VerifyType
instanceKlass java/lang/invoke/InvokerBytecodeGenerator$2
instanceKlass java/lang/invoke/InvokerBytecodeGenerator$CpPatch
instanceKlass jdk/internal/org/objectweb/asm/AnnotationVisitor
instanceKlass jdk/internal/org/objectweb/asm/Frame
instanceKlass jdk/internal/org/objectweb/asm/Label
instanceKlass jdk/internal/org/objectweb/asm/Type
instanceKlass jdk/internal/org/objectweb/asm/MethodVisitor
instanceKlass jdk/internal/org/objectweb/asm/Item
instanceKlass jdk/internal/org/objectweb/asm/ByteVector
instanceKlass jdk/internal/org/objectweb/asm/ClassVisitor
instanceKlass java/lang/invoke/InvokerBytecodeGenerator
instanceKlass java/lang/invoke/DirectMethodHandle$Lazy
instanceKlass sun/invoke/util/BytecodeDescriptor
instanceKlass java/lang/invoke/BoundMethodHandle$Factory
instanceKlass java/lang/invoke/BoundMethodHandle$SpeciesData
instanceKlass java/lang/invoke/LambdaForm$NamedFunction
instanceKlass java/lang/invoke/LambdaForm$Name
instanceKlass sun/invoke/util/ValueConversions
instanceKlass sun/invoke/util/VerifyAccess
instanceKlass sun/invoke/util/Wrapper$Format
instanceKlass java/lang/invoke/MethodHandles
instanceKlass java/lang/invoke/Invokers
instanceKlass java/lang/invoke/MethodTypeForm
instanceKlass java/lang/invoke/MethodHandleStatics$1
instanceKlass java/lang/invoke/MethodHandleStatics
instanceKlass java/lang/invoke/MethodType$ConcurrentWeakInternSet
instanceKlass java/lang/invoke/MemberName$Factory
instanceKlass java/lang/ClassValue$Version
instanceKlass java/lang/ClassValue$Identity
instanceKlass java/lang/ClassValue
instanceKlass java/lang/invoke/MethodHandleImpl$3
instanceKlass java/lang/invoke/MethodHandleImpl$2
instanceKlass java/util/function/Function
instanceKlass java/lang/invoke/MethodHandleImpl$1
instanceKlass java/lang/invoke/MethodHandleImpl
instanceKlass java/lang/invoke/MethodHandles$Lookup
instanceKlass java/lang/invoke/LambdaMetafactory
instanceKlass sun/security/util/UntrustedCertificates$1
instanceKlass sun/security/util/UntrustedCertificates
instanceKlass java/security/cert/PKIXCertPathChecker
instanceKlass java/security/cert/CertPathChecker
instanceKlass javax/crypto/JarVerifier$JarHolder
instanceKlass javax/crypto/JarVerifier$2
instanceKlass javax/crypto/JceSecurity$2
instanceKlass java/security/spec/DSAParameterSpec
instanceKlass java/security/interfaces/DSAParams
instanceKlass java/security/interfaces/DSAPrivateKey
instanceKlass sun/nio/fs/BasicFileAttributesHolder
instanceKlass sun/nio/fs/WindowsDirectoryStream$WindowsDirectoryIterator
instanceKlass sun/nio/fs/WindowsFileAttributes
instanceKlass java/nio/file/attribute/DosFileAttributes
instanceKlass java/nio/file/attribute/BasicFileAttributes
instanceKlass sun/nio/fs/NativeBuffer$Deallocator
instanceKlass sun/nio/fs/NativeBuffer
instanceKlass sun/nio/fs/NativeBuffers
instanceKlass sun/nio/fs/WindowsNativeDispatcher$BackupResult
instanceKlass sun/nio/fs/WindowsNativeDispatcher$CompletionStatus
instanceKlass sun/nio/fs/WindowsNativeDispatcher$AclInformation
instanceKlass sun/nio/fs/WindowsNativeDispatcher$Account
instanceKlass sun/nio/fs/WindowsNativeDispatcher$DiskFreeSpace
instanceKlass sun/nio/fs/WindowsNativeDispatcher$VolumeInformation
instanceKlass sun/nio/fs/WindowsNativeDispatcher$FirstStream
instanceKlass sun/nio/fs/WindowsNativeDispatcher$FirstFile
instanceKlass sun/nio/fs/WindowsNativeDispatcher$1
instanceKlass sun/nio/fs/WindowsNativeDispatcher
instanceKlass sun/nio/fs/WindowsDirectoryStream
instanceKlass java/nio/file/DirectoryStream
instanceKlass java/nio/file/Files$AcceptAllFilter
instanceKlass java/nio/file/DirectoryStream$Filter
instanceKlass java/nio/file/Files
instanceKlass java/net/NetworkInterface$2
instanceKlass java/net/DefaultInterface
instanceKlass java/net/InterfaceAddress
instanceKlass java/net/NetworkInterface$1
instanceKlass java/net/NetworkInterface
instanceKlass sun/security/validator/EndEntityChecker
instanceKlass sun/security/validator/Validator
instanceKlass sun/security/x509/NetscapeCertTypeExtension$MapEntry
instanceKlass java/security/interfaces/DSAPublicKey
instanceKlass java/security/interfaces/DSAKey
instanceKlass java/security/spec/DSAPublicKeySpec
instanceKlass java/security/AlgorithmParametersSpi
instanceKlass java/security/AlgorithmParameters
instanceKlass sun/security/util/Pem
instanceKlass javax/crypto/JarVerifier$1
instanceKlass javax/crypto/JarVerifier
instanceKlass java/util/Vector$1
instanceKlass javax/crypto/CryptoPolicyParser$CryptoPermissionEntry
instanceKlass javax/crypto/CryptoPolicyParser$GrantEntry
instanceKlass java/io/StreamTokenizer
instanceKlass javax/crypto/CryptoPolicyParser
instanceKlass java/util/ResourceBundle$RBClassLoader$1
instanceKlass java/util/logging/Logger$1
instanceKlass java/util/zip/ZipFile$ZipEntryIterator
instanceKlass java/util/jar/JarFile$JarEntryIterator
instanceKlass sun/nio/fs/AbstractPath
instanceKlass sun/nio/fs/Util
instanceKlass sun/nio/fs/WindowsPathParser$Result
instanceKlass sun/nio/fs/WindowsPathParser
instanceKlass java/nio/file/FileSystem
instanceKlass java/nio/file/spi/FileSystemProvider
instanceKlass sun/nio/fs/DefaultFileSystemProvider
instanceKlass java/nio/file/FileSystems$DefaultFileSystemHolder$1
instanceKlass java/nio/file/FileSystems$DefaultFileSystemHolder
instanceKlass java/nio/file/FileSystems
instanceKlass java/nio/file/Paths
instanceKlass javax/crypto/JceSecurity$1
instanceKlass java/security/SecureRandomSpi
instanceKlass java/util/Random
instanceKlass javax/crypto/JceSecurity
instanceKlass javax/crypto/Cipher$Transform
instanceKlass javax/crypto/Cipher
instanceKlass sun/security/ssl/Utilities
instanceKlass sun/security/ssl/JsseJce
instanceKlass sun/security/ssl/SSLCipher$StreamWriteCipherGenerator
instanceKlass sun/security/ssl/SSLCipher$StreamReadCipherGenerator
instanceKlass sun/security/ssl/SSLCipher$NullWriteCipherGenerator
instanceKlass sun/security/ssl/SSLCipher$WriteCipherGenerator
instanceKlass sun/security/ssl/SSLCipher$NullReadCipherGenerator
instanceKlass sun/security/ssl/SSLCipher$ReadCipherGenerator
instanceKlass java/util/AbstractMap$SimpleImmutableEntry
instanceKlass sun/security/ssl/SSLAlgorithmConstraints
instanceKlass sun/security/ssl/SSLLogger
instanceKlass sun/security/ssl/SunJSSE$1
instanceKlass java/util/concurrent/ConcurrentHashMap$MapEntry
instanceKlass java/util/concurrent/ConcurrentHashMap$Traverser
instanceKlass sun/security/ec/SunEC$1
instanceKlass sun/security/util/ManifestEntryVerifier$SunProviderHolder
instanceKlass sun/nio/cs/Surrogate
instanceKlass sun/nio/cs/Surrogate$Parser
instanceKlass java/util/Base64$Encoder
instanceKlass java/util/Base64$Decoder
instanceKlass java/util/Base64
instanceKlass javax/crypto/SecretKey
instanceKlass sun/security/util/Length
instanceKlass sun/security/util/KeyUtil
instanceKlass java/security/interfaces/ECKey
instanceKlass sun/security/util/JarConstraintsParameters
instanceKlass sun/security/util/ConstraintsParameters
instanceKlass java/security/Timestamp
instanceKlass sun/security/timestamp/TimestampToken
instanceKlass java/security/cert/CertPath
instanceKlass java/math/MutableBigInteger
instanceKlass sun/security/rsa/RSAPadding
instanceKlass sun/security/rsa/RSACore
instanceKlass java/security/interfaces/RSAPrivateCrtKey
instanceKlass sun/security/pkcs/PKCS8Key
instanceKlass java/security/interfaces/RSAPrivateKey
instanceKlass sun/security/util/SignatureUtil
instanceKlass sun/security/jca/ServiceId
instanceKlass java/security/Signature$1
instanceKlass sun/misc/JavaSecuritySignatureAccess
instanceKlass java/security/SignatureSpi
instanceKlass sun/text/normalizer/NormalizerBase$1
instanceKlass sun/text/normalizer/NormalizerBase$QuickCheckResult
instanceKlass sun/text/normalizer/NormalizerBase$Mode
instanceKlass sun/text/normalizer/NormalizerBase
instanceKlass java/text/Normalizer
instanceKlass sun/security/x509/AVAKeyword
instanceKlass sun/security/provider/ByteArrayAccess
instanceKlass sun/security/util/MessageDigestSpi2
instanceKlass java/security/MessageDigestSpi
instanceKlass sun/security/pkcs/SignerInfo$AlgorithmInfo
instanceKlass sun/security/pkcs/ESSCertId
instanceKlass sun/security/pkcs/SigningCertificateInfo
instanceKlass sun/security/x509/CertificatePolicyId
instanceKlass sun/security/x509/PolicyInformation
instanceKlass sun/security/x509/DistributionPoint
instanceKlass sun/security/x509/DNSName
instanceKlass sun/security/x509/URIName
instanceKlass sun/security/x509/GeneralName
instanceKlass sun/security/x509/AccessDescription
instanceKlass sun/security/pkcs/PKCS9Attribute
instanceKlass sun/security/pkcs/PKCS9Attributes
instanceKlass java/time/Instant
instanceKlass java/time/zone/ZoneOffsetTransition
instanceKlass java/time/LocalTime
instanceKlass java/time/temporal/ValueRange
instanceKlass java/time/Duration
instanceKlass java/time/temporal/TemporalAmount
instanceKlass java/time/temporal/TemporalUnit
instanceKlass java/time/temporal/TemporalField
instanceKlass java/time/LocalDate
instanceKlass java/time/chrono/ChronoLocalDate
instanceKlass java/time/ZonedDateTime
instanceKlass java/time/chrono/ChronoZonedDateTime
instanceKlass java/time/LocalDateTime
instanceKlass java/time/chrono/ChronoLocalDateTime
instanceKlass java/time/temporal/Temporal
instanceKlass java/time/zone/ZoneOffsetTransitionRule
instanceKlass java/time/zone/ZoneRules
instanceKlass java/time/temporal/TemporalAdjuster
instanceKlass java/time/temporal/TemporalAccessor
instanceKlass java/time/ZoneId
instanceKlass sun/security/util/DisabledAlgorithmConstraints$Constraints$Holder
instanceKlass sun/security/util/DisabledAlgorithmConstraints$1
instanceKlass java/security/spec/ECFieldF2m
instanceKlass java/security/spec/ECParameterSpec
instanceKlass java/security/spec/ECPoint
instanceKlass java/security/spec/EllipticCurve
instanceKlass java/security/spec/ECFieldFp
instanceKlass java/security/spec/ECField
instanceKlass sun/security/util/CurveDB
instanceKlass sun/security/util/DisabledAlgorithmConstraints$Constraint
instanceKlass sun/security/util/DisabledAlgorithmConstraints$Constraints
instanceKlass sun/security/util/AbstractAlgorithmConstraints$1
instanceKlass sun/security/util/AlgorithmDecomposer
instanceKlass sun/security/util/DisabledAlgorithmConstraints$JarHolder
instanceKlass sun/security/util/AbstractAlgorithmConstraints
instanceKlass java/security/AlgorithmConstraints
instanceKlass sun/security/pkcs/SignerInfo
instanceKlass jdk/internal/event/EventHelper
instanceKlass sun/security/jca/JCAUtil
instanceKlass sun/security/util/MemoryCache$CacheEntry
instanceKlass sun/security/x509/X509AttributeName
instanceKlass sun/security/x509/GeneralNames
instanceKlass sun/security/x509/KeyIdentifier
instanceKlass sun/security/x509/OIDMap$OIDInfo
instanceKlass sun/security/x509/PKIXExtensions
instanceKlass sun/security/x509/OIDMap
instanceKlass sun/security/x509/Extension
instanceKlass java/security/cert/Extension
instanceKlass sun/security/x509/CertificateExtensions
instanceKlass sun/security/rsa/RSAUtil
instanceKlass java/security/interfaces/RSAPublicKey
instanceKlass java/security/interfaces/RSAKey
instanceKlass java/security/spec/PSSParameterSpec
instanceKlass java/security/spec/AlgorithmParameterSpec
instanceKlass java/security/spec/RSAPrivateKeySpec
instanceKlass java/security/spec/RSAPublicKeySpec
instanceKlass java/security/KeyFactorySpi
instanceKlass sun/security/jca/ProviderList$ServiceList$1
instanceKlass java/security/KeyFactory
instanceKlass java/security/spec/EncodedKeySpec
instanceKlass java/security/spec/KeySpec
instanceKlass sun/security/util/BitArray
instanceKlass sun/security/x509/X509Key
instanceKlass java/security/PublicKey
instanceKlass sun/security/x509/CertificateX509Key
instanceKlass sun/util/calendar/CalendarUtils
instanceKlass sun/util/calendar/CalendarDate
instanceKlass sun/security/x509/CertificateValidity
instanceKlass sun/security/x509/AVA
instanceKlass sun/security/x509/RDN
instanceKlass javax/security/auth/x500/X500Principal
instanceKlass sun/security/x509/X500Name$1
instanceKlass sun/security/x509/X500Name
instanceKlass sun/security/x509/GeneralNameInterface
instanceKlass sun/security/x509/CertificateAlgorithmId
instanceKlass sun/security/x509/SerialNumber
instanceKlass sun/security/x509/CertificateSerialNumber
instanceKlass sun/security/x509/CertificateVersion
instanceKlass sun/security/x509/X509CertInfo
instanceKlass sun/security/x509/CertAttrSet
instanceKlass sun/security/util/Cache$EqualByteArray
instanceKlass java/security/cert/X509Extension
instanceKlass sun/security/util/Cache
instanceKlass java/security/cert/CertificateFactorySpi
instanceKlass java/security/cert/CertificateFactory
instanceKlass sun/security/x509/AlgorithmId
instanceKlass sun/security/util/ByteArrayTagOrder
instanceKlass sun/security/util/ByteArrayLexOrder
instanceKlass sun/security/util/DerEncoder
instanceKlass sun/security/util/DerValue
instanceKlass sun/security/util/ObjectIdentifier
instanceKlass sun/security/pkcs/ContentInfo
instanceKlass sun/security/util/DerIndefLenConverter
instanceKlass sun/security/util/DerInputStream
instanceKlass sun/security/pkcs/PKCS7
instanceKlass sun/security/util/ManifestDigester$Section
instanceKlass sun/security/util/ManifestDigester$Entry
instanceKlass sun/security/util/ManifestDigester$Position
instanceKlass sun/security/util/ManifestDigester
instanceKlass sun/security/rsa/SunRsaSignEntries
instanceKlass javax/net/ssl/SSLContextSpi
instanceKlass java/util/Collections$EmptyEnumeration
instanceKlass com/sun/enterprise/security/SecurityLoggerInfo
instanceKlass sun/security/jca/GetInstance$Instance
instanceKlass sun/security/provider/KeyStoreDelegator$1
instanceKlass sun/security/util/SecurityProviderConstants
instanceKlass java/security/Provider$UString
instanceKlass java/security/Provider$Service
instanceKlass sun/security/provider/NativePRNG$NonBlocking
instanceKlass sun/security/provider/NativePRNG$Blocking
instanceKlass sun/security/provider/NativePRNG
instanceKlass sun/security/provider/SunEntries$1
instanceKlass sun/security/provider/SunEntries
instanceKlass sun/security/jca/ProviderConfig$2
instanceKlass sun/security/jca/ProviderList$2
instanceKlass sun/misc/FDBigInteger
instanceKlass sun/misc/FloatingDecimal$PreparedASCIIToBinaryBuffer
instanceKlass sun/misc/FloatingDecimal$ASCIIToBinaryConverter
instanceKlass sun/misc/FloatingDecimal$BinaryToASCIIBuffer
instanceKlass sun/misc/FloatingDecimal$ExceptionalBinaryToASCIIBuffer
instanceKlass sun/misc/FloatingDecimal$BinaryToASCIIConverter
instanceKlass sun/misc/FloatingDecimal
instanceKlass java/security/Provider$EngineDescription
instanceKlass java/security/Provider$ServiceKey
instanceKlass sun/security/jca/ProviderConfig
instanceKlass sun/security/jca/ProviderList
instanceKlass sun/security/jca/Providers
instanceKlass sun/security/jca/GetInstance
instanceKlass java/security/KeyStoreSpi
instanceKlass java/security/KeyStore$1
instanceKlass com/sun/enterprise/glassfish/bootstrap/StartupContextUtil
instanceKlass org/glassfish/api/admin/PasswordAliasStore
instanceKlass com/sun/enterprise/v3/admin/IdmService
instanceKlass com/sun/enterprise/security/store/IdentityManagement
instanceKlass com/sun/enterprise/security/store/PasswordAdapter
instanceKlass sun/util/calendar/CalendarSystem
instanceKlass com/sun/enterprise/security/ssl/impl/MasterPasswordImpl
instanceKlass org/glassfish/security/common/MasterPassword
instanceKlass java/security/PrivateKey
instanceKlass javax/security/auth/Destroyable
instanceKlass java/security/Key
instanceKlass com/sun/enterprise/server/pluggable/SecuritySupport
instanceKlass javax/net/SocketFactory
instanceKlass java/security/KeyStore$PrivateKeyEntry
instanceKlass java/security/KeyStore$Entry
instanceKlass javax/net/ssl/SSLContext
instanceKlass javax/net/ssl/TrustManager
instanceKlass javax/net/ssl/KeyManager
instanceKlass java/security/KeyStore
instanceKlass org/glassfish/enterprise/iiop/api/IIOPSSLUtil
instanceKlass com/sun/enterprise/security/common/Util
instanceKlass com/sun/enterprise/security/SecurityServicesUtil
instanceKlass com/sun/enterprise/security/ssl/SSLUtils
instanceKlass javax/security/auth/Subject
instanceKlass com/sun/enterprise/security/integration/AppClientSSL
instanceKlass com/sun/enterprise/security/appclient/AppClientSecurityInfoImpl
instanceKlass com/sun/enterprise/naming/spi/NamingObjectFactory
instanceKlass org/glassfish/api/naming/NamingObjectProxy
instanceKlass com/sun/enterprise/naming/util/NamingUtilsImpl
instanceKlass org/glassfish/external/probe/provider/StatsProviderInfo
instanceKlass org/glassfish/external/probe/provider/StatsProviderManager
instanceKlass org/glassfish/external/statistics/impl/StatisticImpl
instanceKlass org/glassfish/external/statistics/CountStatistic
instanceKlass org/glassfish/external/statistics/StringStatistic
instanceKlass org/glassfish/external/statistics/Statistic
instanceKlass com/sun/enterprise/transaction/monitoring/TransactionServiceStatsProvider
instanceKlass com/sun/enterprise/config/serverbeans/ModuleMonitoringLevels
instanceKlass com/sun/appserv/util/cache/BaseCache$CacheItem
instanceKlass com/sun/appserv/util/cache/BaseCache
instanceKlass com/sun/jts/CosTransactions/RecoveryManager$TransactionRecoveryFenceSimple
instanceKlass com/sun/jts/CosTransactions/EventSemaphore
instanceKlass org/omg/CosTransactions/Resource
instanceKlass org/omg/CosTransactions/ResourceOperations
instanceKlass com/sun/enterprise/transaction/jts/api/TransactionRecoveryFence
instanceKlass com/sun/jts/CosTransactions/RecoveryManager
instanceKlass com/sun/jts/CosTransactions/TimeoutManager
instanceKlass com/sun/jts/codegen/otsidl/JCoordinator
instanceKlass com/sun/jts/codegen/otsidl/JCoordinatorOperations
instanceKlass org/omg/CosTransactions/Coordinator
instanceKlass org/omg/CosTransactions/CoordinatorOperations
instanceKlass org/omg/PortableServer/Servant
instanceKlass org/omg/CORBA/portable/InvokeHandler
instanceKlass org/omg/CosTransactions/otid_t
instanceKlass org/omg/CosTransactions/TransIdentity
instanceKlass org/omg/CosTransactions/PropagationContext
instanceKlass com/sun/jts/CosTransactions/CurrentTransaction
instanceKlass org/omg/CosTransactions/Control
instanceKlass org/omg/CosTransactions/ControlOperations
instanceKlass com/sun/jts/jta/TransactionServiceProperties
instanceKlass org/omg/PortableServer/ServantManager
instanceKlass org/omg/PortableServer/ServantManagerOperations
instanceKlass org/omg/CosTransactions/TransactionFactory
instanceKlass org/omg/CosTransactions/TransactionFactoryOperations
instanceKlass org/omg/CosTransactions/Current
instanceKlass org/omg/CORBA/Current
instanceKlass org/omg/CosTransactions/CurrentOperations
instanceKlass org/omg/CORBA/CurrentOperations
instanceKlass com/sun/jts/CosTransactions/DefaultTransactionService
instanceKlass com/sun/jts/CosTransactions/ProxyChecker
instanceKlass com/sun/jts/CosTransactions/Configuration
instanceKlass org/omg/CosTransactions/Status
instanceKlass com/sun/jts/jta/TransactionManagerImpl
instanceKlass org/jvnet/hk2/internal/ErrorInformationImpl
instanceKlass org/glassfish/hk2/utilities/reflection/Pretty
instanceKlass com/sun/enterprise/config/serverbeans/Config
instanceKlass com/sun/enterprise/config/modularity/ConfigModularityJustInTimeInjectionResolver
instanceKlass org/glassfish/hk2/api/JustInTimeInjectionResolver
instanceKlass com/sun/jts/CosTransactions/RWLock
instanceKlass com/sun/enterprise/transaction/config/TransactionService
instanceKlass com/sun/enterprise/transaction/jts/JavaEETransactionManagerJTSDelegate$ReadWriteLock
instanceKlass com/sun/enterprise/transaction/jts/JavaEETransactionManagerJTSDelegate
instanceKlass java/util/concurrent/Semaphore
instanceKlass com/sun/enterprise/transaction/JavaEETransactionManagerSimplifiedDelegate
instanceKlass java/util/Timer$1
instanceKlass java/util/TaskQueue
instanceKlass com/sun/enterprise/resource/rm/NoTxResourceManagerImpl
instanceKlass com/sun/enterprise/resource/rm/SystemResourceManagerImpl
instanceKlass org/jvnet/hk2/internal/IterableProviderImpl$MyIterator
instanceKlass com/sun/enterprise/resource/rm/ResourceManagerImpl
instanceKlass com/sun/enterprise/connectors/ConnectorConnectionPool
instanceKlass com/sun/enterprise/resource/listener/PoolLifeCycle
instanceKlass javax/resource/spi/ManagedConnection
instanceKlass com/sun/enterprise/resource/pool/PoolStatus
instanceKlass com/sun/enterprise/resource/ResourceHandle
instanceKlass com/sun/appserv/connectors/internal/api/ResourceHandle
instanceKlass com/sun/enterprise/resource/pool/ResourcePool
instanceKlass org/glassfish/resourcebase/resources/api/PoolInfo
instanceKlass org/glassfish/resourcebase/resources/api/GenericResourceInfo
instanceKlass javax/resource/spi/RetryableException
instanceKlass com/sun/enterprise/resource/ClientSecurityInfo
instanceKlass com/sun/enterprise/resource/allocator/ResourceAllocator
instanceKlass com/sun/enterprise/resource/ResourceSpec
instanceKlass com/sun/enterprise/resource/rm/ResourceManager
instanceKlass com/sun/enterprise/resource/pool/AbstractPoolManager
instanceKlass com/sun/enterprise/resource/pool/PoolManager
instanceKlass com/sun/appserv/connectors/internal/api/TransactedPoolManager
instanceKlass com/sun/enterprise/transaction/TransactionInvocationHandler
instanceKlass com/sun/enterprise/container/common/impl/EntityManagerWrapper$NonTxEMCleaner
instanceKlass org/glassfish/api/invocation/RegisteredComponentInvocationHandler
instanceKlass org/glassfish/api/invocation/ComponentInvocationHandler
instanceKlass sun/reflect/generics/tree/VoidDescriptor
instanceKlass org/glassfish/api/invocation/InvocationManagerImpl
instanceKlass java/util/Timer
instanceKlass com/sun/enterprise/transaction/monitoring/TransactionServiceProbeProvider
instanceKlass org/glassfish/api/invocation/ResourceHandler
instanceKlass com/sun/enterprise/transaction/api/TransactionAdminBean
instanceKlass com/sun/enterprise/transaction/spi/TransactionInternal
instanceKlass com/sun/enterprise/transaction/api/XAResourceWrapper
instanceKlass javax/resource/spi/XATerminator
instanceKlass com/sun/enterprise/transaction/spi/TransactionalResource
instanceKlass org/glassfish/api/invocation/ComponentInvocation
instanceKlass javax/transaction/xa/XAResource
instanceKlass com/sun/enterprise/transaction/spi/JavaEETransactionManagerDelegate
instanceKlass javax/transaction/xa/Xid
instanceKlass java/util/TimerTask
instanceKlass javax/transaction/Synchronization
instanceKlass com/sun/enterprise/transaction/api/JavaEETransaction
instanceKlass javax/transaction/Transaction
instanceKlass com/sun/appserv/util/cache/Cache
instanceKlass com/sun/enterprise/transaction/JavaEETransactionManagerSimplified
instanceKlass com/sun/enterprise/transaction/api/JavaEETransactionManager
instanceKlass com/sun/enterprise/container/common/impl/util/DummyCallFlowAgentImpl
instanceKlass com/sun/enterprise/container/common/impl/util/ComponentNamingUtilImpl
instanceKlass com/sun/enterprise/config/serverbeans/Server
instanceKlass javax/validation/Payload
instanceKlass com/sun/enterprise/config/serverbeans/RefContainer
instanceKlass org/glassfish/api/admin/config/ReferenceContainer
instanceKlass org/glassfish/api/admin/config/Named
instanceKlass com/sun/enterprise/v3/server/ServerContextImpl
instanceKlass org/glassfish/internal/api/ServerContext
instanceKlass com/sun/enterprise/naming/impl/JavaURLContext
instanceKlass com/sun/enterprise/naming/impl/SerialNameParser
instanceKlass com/sun/enterprise/naming/util/LogFacade
instanceKlass com/sun/enterprise/naming/impl/SerialInitContextFactory
instanceKlass javax/naming/spi/InitialContextFactory
instanceKlass javax/naming/spi/NamingManager
instanceKlass com/sun/naming/internal/VersionHelper12$5
instanceKlass com/sun/naming/internal/VersionHelper12$InputStreamEnumeration$1
instanceKlass com/sun/naming/internal/VersionHelper12$InputStreamEnumeration
instanceKlass com/sun/naming/internal/VersionHelper12$6
instanceKlass com/sun/naming/internal/VersionHelper12$7
instanceKlass com/sun/naming/internal/VersionHelper12$3
instanceKlass com/sun/naming/internal/VersionHelper12$1
instanceKlass com/sun/naming/internal/VersionHelper
instanceKlass com/sun/naming/internal/ResourceManager
instanceKlass com/sun/enterprise/naming/impl/GlassfishNamingManagerImpl$AppModuleKey
instanceKlass java/rmi/Remote
instanceKlass com/sun/enterprise/naming/impl/SerialContext
instanceKlass javax/naming/InitialContext
instanceKlass javax/naming/RefAddr
instanceKlass javax/naming/Name
instanceKlass javax/naming/Context
instanceKlass javax/naming/NamingEnumeration
instanceKlass javax/naming/NameParser
instanceKlass com/sun/enterprise/naming/impl/GlassfishNamingManagerImpl
instanceKlass org/glassfish/api/naming/ComponentNamingUtil
instanceKlass org/glassfish/resourcebase/resources/api/ResourceDeployer
instanceKlass com/sun/enterprise/container/common/impl/ComponentEnvManagerImpl$CompEnvBinding
instanceKlass org/glassfish/api/naming/JNDIBinding
instanceKlass org/glassfish/api/invocation/ApplicationEnvironment
instanceKlass com/sun/enterprise/container/common/spi/util/CallFlowAgent
instanceKlass javax/transaction/TransactionManager
instanceKlass com/sun/enterprise/naming/spi/NamingUtils
instanceKlass com/sun/enterprise/deployment/web/ResourceReference
instanceKlass com/sun/enterprise/deployment/types/EntityManagerReference
instanceKlass com/sun/enterprise/deployment/types/HandlerChainContainer
instanceKlass com/sun/enterprise/deployment/types/EntityManagerFactoryReference
instanceKlass com/sun/enterprise/deployment/types/MessageDestinationReference
instanceKlass com/sun/enterprise/deployment/types/MessageDestinationReferencer
instanceKlass com/sun/enterprise/deployment/types/EjbReference
instanceKlass com/sun/enterprise/deployment/types/NamedInformation
instanceKlass com/sun/enterprise/deployment/web/EnvironmentEntry
instanceKlass com/sun/enterprise/deployment/web/WebDescriptor
instanceKlass com/sun/enterprise/deployment/runtime/application/wls/ApplicationParam
instanceKlass com/sun/enterprise/deployment/web/InitializationParameter
instanceKlass com/sun/enterprise/deployment/ResourceEnvReference
instanceKlass com/sun/enterprise/deployment/web/ContextParameter
instanceKlass com/sun/enterprise/deployment/web/NameValuePair
instanceKlass com/sun/enterprise/deployment/NamedDescriptor
instanceKlass com/sun/enterprise/container/common/impl/ComponentEnvManagerImpl
instanceKlass com/sun/enterprise/deployment/InjectionInfo
instanceKlass com/sun/enterprise/deployment/InjectionCapable
instanceKlass com/sun/enterprise/deployment/InjectionTarget
instanceKlass com/sun/enterprise/container/common/impl/util/InjectionManagerImpl
instanceKlass com/sun/enterprise/security/appclient/integration/AppClientSecurityInfo
instanceKlass java/net/Authenticator
instanceKlass org/glassfish/appclient/client/acc/AppClientContainer$Cleanup
instanceKlass com/sun/appserv/connectors/internal/api/ConnectorRuntime
instanceKlass com/sun/appserv/connectors/internal/api/ConnectorConstants
instanceKlass org/glassfish/resourcebase/resources/api/ResourceConstants
instanceKlass com/sun/enterprise/container/common/spi/util/ComponentEnvManager
instanceKlass org/glassfish/api/invocation/InvocationManager
instanceKlass com/sun/enterprise/container/common/spi/util/InjectionManager
instanceKlass javax/security/auth/callback/CallbackHandler
instanceKlass org/glassfish/appclient/client/acc/AppClientContainerSecurityHelper
instanceKlass com/sun/enterprise/deploy/shared/AbstractReadableArchive
instanceKlass org/glassfish/appclient/client/acc/FacadeLaunchable
instanceKlass org/glassfish/hk2/utilities/reflection/ReflectionHelper$5
instanceKlass com/sun/enterprise/util/i18n/StringManagerBase
instanceKlass com/sun/enterprise/deployment/deploy/shared/InputJarArchive$EntryEnumeration
instanceKlass com/sun/enterprise/deployment/deploy/shared/InputJarArchive$JarEntrySource
instanceKlass com/sun/enterprise/deployment/deploy/shared/InputJarArchive$CollectionWrappedEnumeration$EnumerationFactory
instanceKlass com/sun/enterprise/deployment/deploy/shared/JarArchive
instanceKlass org/glassfish/deployment/common/DeploymentContextImpl
instanceKlass org/glassfish/api/deployment/archive/WritableArchive
instanceKlass org/glassfish/api/deployment/archive/ReadableArchive
instanceKlass org/glassfish/api/deployment/archive/Archive
instanceKlass com/sun/enterprise/deploy/shared/ArchiveFactory
instanceKlass org/glassfish/appclient/client/acc/Launchable
instanceKlass org/glassfish/appclient/client/acc/Launchable$LaunchableUtil
instanceKlass org/omg/CORBA/LocalObject
instanceKlass org/omg/PortableInterceptor/ORBInitializer
instanceKlass org/omg/PortableInterceptor/ORBInitializerOperations
instanceKlass com/sun/corba/ee/impl/javax/rmi/PortableRemoteObject
instanceKlass javax/rmi/CORBA/PortableRemoteObjectDelegate
instanceKlass com/sun/corba/ee/impl/javax/rmi/CORBA/StubDelegateImpl
instanceKlass javax/rmi/CORBA/StubDelegate
instanceKlass com/sun/corba/ee/impl/javax/rmi/CORBA/Util
instanceKlass javax/rmi/CORBA/UtilDelegate
instanceKlass org/glassfish/enterprise/iiop/impl/IIOPSSLSocketFactory
instanceKlass com/sun/corba/ee/spi/transport/ORBSocketFactory
instanceKlass org/glassfish/enterprise/iiop/impl/PEORBConfigurator
instanceKlass com/sun/corba/ee/spi/orb/ORBConfigurator
instanceKlass com/sun/enterprise/config/serverbeans/Domain
instanceKlass com/sun/enterprise/config/serverbeans/ConfigLoader
instanceKlass com/sun/enterprise/config/serverbeans/SystemPropertyBag
instanceKlass org/glassfish/connectors/config/ConnectorService
instanceKlass org/jvnet/hk2/config/types/PropertyBag
instanceKlass org/glassfish/internal/data/ApplicationRegistry
instanceKlass com/sun/appserv/connectors/internal/api/ConnectorsClassLoaderUtil
instanceKlass com/sun/enterprise/config/serverbeans/Resource
instanceKlass org/glassfish/internal/data/ModuleInfo
instanceKlass com/sun/enterprise/config/serverbeans/Applications
instanceKlass com/sun/enterprise/config/serverbeans/Resources
instanceKlass com/sun/appserv/connectors/internal/api/AppSpecificConnectorClassLoaderUtil
instanceKlass com/sun/appserv/connectors/internal/api/ConnectorClassLoaderServiceImpl
instanceKlass com/sun/enterprise/v3/server/CommonClassLoaderServiceImpl$1
instanceKlass com/sun/enterprise/v3/server/CommonClassLoaderServiceImpl$JarFileFilter
instanceKlass java/net/InetAddress$CacheEntry
instanceKlass sun/net/InetAddressCachePolicy$2
instanceKlass java/security/Security$2
instanceKlass sun/misc/JavaSecurityPropertiesAccess
instanceKlass java/security/Security$1
instanceKlass java/security/Security
instanceKlass sun/net/InetAddressCachePolicy$1
instanceKlass sun/net/InetAddressCachePolicy
instanceKlass java/net/Inet4AddressImpl
instanceKlass java/net/Inet6Address$Inet6AddressHolder
instanceKlass java/net/InetAddress$2
instanceKlass sun/net/spi/nameservice/NameService
instanceKlass java/net/Inet6AddressImpl
instanceKlass java/net/InetAddressImpl
instanceKlass java/net/InetAddressImplFactory
instanceKlass java/net/InetAddress$Cache
instanceKlass java/net/InetAddress$InetAddressHolder
instanceKlass java/net/InetAddress$1
instanceKlass java/net/InetAddress
instanceKlass com/sun/enterprise/util/CULoggerInfo
instanceKlass java/net/SocketAddress
instanceKlass com/sun/enterprise/util/net/NetUtils
instanceKlass com/sun/enterprise/universal/io/SmartFile
instanceKlass com/sun/enterprise/universal/glassfish/ASenvPropertyReader
instanceKlass java/lang/Deprecated
instanceKlass org/glassfish/server/ServerEnvironmentImpl
instanceKlass org/glassfish/api/admin/ServerEnvironment
instanceKlass java/io/FilenameFilter
instanceKlass com/sun/enterprise/v3/server/APIClassLoaderServiceImpl$APIClassLoader$1
instanceKlass com/sun/enterprise/module/ModuleLifecycleListener
instanceKlass org/glassfish/kernel/KernelLoggerInfo
instanceKlass com/sun/enterprise/v3/server/APIClassLoaderServiceImpl$1
instanceKlass org/jvnet/hk2/config/VariableResolver
instanceKlass org/jvnet/hk2/config/Translator
instanceKlass com/sun/enterprise/v3/server/AppLibClassLoaderServiceImpl
instanceKlass org/glassfish/internal/api/ConnectorClassLoaderService
instanceKlass com/sun/enterprise/v3/server/CommonClassLoaderServiceImpl
instanceKlass com/sun/enterprise/v3/server/APIClassLoaderServiceImpl
instanceKlass org/glassfish/internal/api/DelegatingClassLoader$ClassFinder
instanceKlass com/sun/enterprise/module/Repository
instanceKlass com/sun/enterprise/v3/server/ClassLoaderHierarchyImpl
instanceKlass org/glassfish/internal/api/ClassLoaderHierarchy
instanceKlass org/glassfish/orb/admin/config/IiopService
instanceKlass org/glassfish/api/admin/config/ConfigExtension
instanceKlass org/glassfish/api/admin/config/Container
instanceKlass org/jvnet/hk2/config/ConfigBeanProxy
instanceKlass org/glassfish/enterprise/iiop/impl/GlassFishORBManager
instanceKlass org/glassfish/enterprise/iiop/util/IIOPUtils
instanceKlass com/sun/corba/ee/impl/corba/TypeCodeFactory
instanceKlass org/glassfish/enterprise/iiop/impl/GlassFishORBFactoryImpl
instanceKlass sun/misc/URLClassPath$JarLoader$3
instanceKlass org/glassfish/api/event/Events
instanceKlass org/glassfish/api/naming/GlassfishNamingManager
instanceKlass org/glassfish/enterprise/iiop/api/GlassFishORBFactory
instanceKlass org/glassfish/enterprise/iiop/api/ORBLazyServiceInitializer
instanceKlass org/glassfish/internal/grizzly/LazyServiceInitializer
instanceKlass org/omg/PortableInterceptor/ServerRequestInfo
instanceKlass org/omg/PortableInterceptor/RequestInfo
instanceKlass org/omg/CORBA/portable/IDLEntity
instanceKlass org/omg/CORBA/Object
instanceKlass org/omg/PortableInterceptor/ServerRequestInfoOperations
instanceKlass org/omg/PortableInterceptor/RequestInfoOperations
instanceKlass org/omg/CORBA/ORB
instanceKlass org/glassfish/enterprise/iiop/api/GlassFishORBHelper$SelectableChannelDelegate
instanceKlass org/glassfish/enterprise/iiop/api/ProtocolManager
instanceKlass org/glassfish/api/event/EventListener
instanceKlass org/glassfish/enterprise/iiop/api/GlassFishORBHelper
instanceKlass org/glassfish/internal/api/ORBLocator
instanceKlass com/sun/enterprise/naming/impl/ClientNamingConfiguratorImpl
instanceKlass org/glassfish/api/naming/ClientNamingConfigurator
instanceKlass com/sun/enterprise/module/single/ProxyModule
instanceKlass com/sun/enterprise/module/single/ProxyModuleDefinition
instanceKlass com/sun/enterprise/module/ModuleDefinition
instanceKlass com/sun/enterprise/module/Module
instanceKlass com/sun/enterprise/module/common_impl/AbstractModulesRegistryImpl
instanceKlass java/util/regex/ASCII
instanceKlass com/sun/enterprise/glassfish/bootstrap/LogFacade
instanceKlass java/io/FileFilter
instanceKlass com/sun/enterprise/glassfish/bootstrap/MainHelper
instanceKlass org/glassfish/security/services/common/SecurityAccessValidator$2
instanceKlass org/jvnet/hk2/internal/ValidationInformationImpl
instanceKlass org/glassfish/api/admin/ProcessEnvironment
instanceKlass com/sun/enterprise/module/bootstrap/StartupContext
instanceKlass com/sun/enterprise/module/ModulesRegistry
instanceKlass com/sun/enterprise/module/ModuleChangeListener
instanceKlass org/glassfish/internal/api/Globals
instanceKlass org/glassfish/hk2/runlevel/RunLevel
instanceKlass org/glassfish/hk2/utilities/reflection/ReflectionHelper$3
instanceKlass com/sun/enterprise/v3/server/AppServerStartup$AppInstanceListener$1
instanceKlass org/jvnet/hk2/internal/IterableProviderImpl
instanceKlass org/jvnet/hk2/config/ConfigListener
instanceKlass org/glassfish/security/services/common/SecurityAccessFilter$1
instanceKlass org/glassfish/common/util/admin/HK2BindTracingService$ValidatorImpl
instanceKlass org/glassfish/common/util/admin/HK2BindTracingService$1
instanceKlass org/glassfish/hk2/internal/StarFilter
instanceKlass org/glassfish/hk2/api/Unqualified
instanceKlass org/glassfish/hk2/api/Self
instanceKlass org/jvnet/hk2/annotations/Optional
instanceKlass org/glassfish/hk2/runlevel/RunLevelController
instanceKlass com/sun/enterprise/v3/server/AppServerStartup$AppInstanceListener
instanceKlass org/glassfish/security/services/common/SecurityAccessFilter
instanceKlass org/glassfish/security/services/common/SecurityAccessValidator
instanceKlass org/glassfish/security/services/common/SecurityAccessValidationService
instanceKlass org/glassfish/hk2/api/Validator
instanceKlass org/glassfish/common/util/admin/HK2BindTracingService
instanceKlass org/glassfish/common/util/admin/GlassFishErrorServiceImpl
instanceKlass org/jvnet/hk2/annotations/InhabitantAnnotation
instanceKlass org/jvnet/hk2/config/provider/internal/ConfigInstanceListener
instanceKlass org/glassfish/hk2/utilities/DuplicatePostProcessor$2
instanceKlass org/glassfish/hk2/utilities/DuplicatePostProcessor$3
instanceKlass org/glassfish/hk2/utilities/reflection/ReflectionHelper$2
instanceKlass org/jvnet/hk2/internal/PopulatorImpl
instanceKlass org/glassfish/hk2/utilities/reflection/ReflectionHelper$4
instanceKlass org/glassfish/hk2/api/Unproxiable
instanceKlass org/glassfish/hk2/api/messaging/Topic
instanceKlass org/jvnet/hk2/internal/SoftAnnotatedElementAnnotationInfo
instanceKlass org/jvnet/hk2/internal/AnnotatedElementAnnotationInfo
instanceKlass org/glassfish/hk2/utilities/reflection/ScopeInfo
instanceKlass javax/annotation/PreDestroy
instanceKlass org/glassfish/hk2/api/PreDestroy
instanceKlass javax/annotation/PostConstruct
instanceKlass org/glassfish/hk2/utilities/reflection/internal/ClassReflectionHelperImpl$LifecycleKey
instanceKlass org/glassfish/hk2/api/PostConstruct
instanceKlass org/glassfish/hk2/utilities/reflection/internal/ClassReflectionHelperUtilities$4
instanceKlass org/glassfish/hk2/utilities/cache/LRUHybridCache$HybridCacheEntryImpl
instanceKlass org/glassfish/hk2/utilities/reflection/internal/ClassReflectionHelperUtilities$3
instanceKlass org/glassfish/hk2/utilities/reflection/internal/ClassReflectionHelperUtilities$2
instanceKlass org/glassfish/hk2/utilities/reflection/internal/MethodWrapperImpl
instanceKlass org/glassfish/hk2/utilities/reflection/internal/ClassReflectionHelperUtilities$1
instanceKlass org/glassfish/hk2/utilities/reflection/internal/ClassReflectionHelperUtilities
instanceKlass org/glassfish/hk2/utilities/cache/LRUHybridCache$OriginThreadAwareFuture$1
instanceKlass org/glassfish/hk2/utilities/cache/LRUHybridCache$OriginThreadAwareFuture
instanceKlass org/jvnet/hk2/internal/ClazzCreator$ResolutionInfo
instanceKlass org/jvnet/hk2/internal/SystemInjecteeImpl
instanceKlass org/jvnet/hk2/internal/Utilities$2
instanceKlass org/glassfish/hk2/api/InjectionPointIndicator
instanceKlass org/glassfish/hk2/api/Populator
instanceKlass org/jvnet/hk2/internal/Utilities$3
instanceKlass org/jvnet/hk2/internal/ConstructorAction
instanceKlass org/jvnet/hk2/internal/ClazzCreator
instanceKlass org/jvnet/hk2/internal/Collector
instanceKlass org/glassfish/hk2/api/IterableProvider
instanceKlass javax/inject/Provider
instanceKlass org/glassfish/hk2/bootstrap/HK2Populator
instanceKlass org/glassfish/hk2/utilities/ClasspathDescriptorFileFinder$1
instanceKlass org/glassfish/hk2/utilities/ClasspathDescriptorFileFinder
instanceKlass org/glassfish/hk2/api/DescriptorFileFinderInformation
instanceKlass org/glassfish/hk2/bootstrap/DescriptorFileFinder
instanceKlass org/glassfish/hk2/utilities/DuplicatePostProcessor
instanceKlass org/glassfish/hk2/bootstrap/PopulatorPostProcessor
instanceKlass org/glassfish/hk2/api/PopulatorPostProcessor
instanceKlass java/util/WeakHashMap$HashIterator
instanceKlass org/glassfish/hk2/utilities/InjecteeImpl
instanceKlass org/glassfish/hk2/utilities/reflection/Constants
instanceKlass org/glassfish/hk2/utilities/reflection/TypeChecker
instanceKlass org/jvnet/hk2/internal/ServiceLocatorImpl$9
instanceKlass org/glassfish/hk2/utilities/general/internal/DoubleNode
instanceKlass org/glassfish/hk2/utilities/cache/internal/WeakCARCacheImpl$CarValue
instanceKlass org/jvnet/hk2/internal/ServiceLocatorImpl$IgdValue
instanceKlass org/jvnet/hk2/internal/NarrowResults
instanceKlass org/jvnet/hk2/internal/ImmediateResults
instanceKlass org/jvnet/hk2/internal/ServiceLocatorImpl$IgdCacheKey
instanceKlass org/jvnet/hk2/internal/ServiceLocatorImpl$UnqualifiedIndexedFilter
instanceKlass org/jvnet/hk2/internal/CacheKey
instanceKlass org/jvnet/hk2/internal/ServiceLocatorImpl$6
instanceKlass org/jvnet/hk2/internal/InstanceLifecycleEventImpl
instanceKlass java/util/concurrent/FutureTask$WaitNode
instanceKlass java/util/concurrent/FutureTask
instanceKlass java/util/concurrent/RunnableFuture
instanceKlass org/glassfish/hk2/utilities/cache/Cache$OriginThreadAwareFuture$1
instanceKlass org/glassfish/hk2/utilities/cache/Cache$OriginThreadAwareFuture
instanceKlass java/util/concurrent/Future
instanceKlass org/glassfish/hk2/utilities/ContextualInput
instanceKlass org/glassfish/hk2/api/Proxiable
instanceKlass org/jvnet/hk2/internal/ServiceHandleImpl
instanceKlass org/jvnet/hk2/internal/ServiceLocatorImpl$5
instanceKlass org/glassfish/hk2/internal/IndexedFilterImpl
instanceKlass org/jvnet/hk2/internal/ServiceLocatorImpl$12
instanceKlass org/jvnet/hk2/internal/ServiceLocatorImpl$CheckConfigurationData
instanceKlass java/util/LinkedList$ListItr
instanceKlass org/jvnet/hk2/internal/TwoPhaseTransactionDataImpl
instanceKlass org/glassfish/hk2/api/InstantiationData
instanceKlass org/jvnet/hk2/internal/InstantiationServiceImpl
instanceKlass org/glassfish/hk2/api/InstantiationService
instanceKlass org/glassfish/hk2/api/Factory
instanceKlass org/glassfish/hk2/api/Immediate
instanceKlass org/glassfish/hk2/api/InheritableThread
instanceKlass org/glassfish/hk2/api/PerThread
instanceKlass org/glassfish/hk2/utilities/ServiceLocatorUtilities
instanceKlass org/jvnet/hk2/internal/ServiceLocatorRuntimeImpl
instanceKlass org/jvnet/hk2/external/runtime/ServiceLocatorRuntimeBean
instanceKlass org/glassfish/hk2/api/Rank
instanceKlass org/jvnet/hk2/annotations/Service
instanceKlass org/glassfish/hk2/api/ProxyForSameScope
instanceKlass org/glassfish/hk2/api/UseProxy
instanceKlass org/glassfish/hk2/api/Metadata
instanceKlass org/glassfish/hk2/utilities/BuilderHelper$3
instanceKlass org/glassfish/hk2/utilities/reflection/ReflectionHelper$1
instanceKlass org/glassfish/hk2/api/ContractIndicator
instanceKlass org/jvnet/hk2/annotations/Contract
instanceKlass org/glassfish/hk2/api/Visibility
instanceKlass javax/inject/Qualifier
instanceKlass java/lang/annotation/Documented
instanceKlass javax/inject/Scope
instanceKlass org/jvnet/hk2/annotations/ContractsProvided
instanceKlass org/jvnet/hk2/internal/DefaultClassAnalyzer
instanceKlass org/glassfish/hk2/internal/DescriptorBuilderImpl
instanceKlass org/jvnet/hk2/internal/DynamicConfigurationServiceImpl
instanceKlass javax/inject/Singleton
instanceKlass org/glassfish/hk2/api/AnnotationLiteral$2
instanceKlass org/glassfish/hk2/api/AnnotationLiteral$1
instanceKlass org/glassfish/hk2/api/AnnotationLiteral
instanceKlass org/glassfish/hk2/utilities/reflection/ParameterizedTypeImpl
instanceKlass javax/inject/Inject
instanceKlass org/jvnet/hk2/internal/ThreeThirtyResolver
instanceKlass org/glassfish/hk2/utilities/ActiveDescriptorBuilder
instanceKlass org/glassfish/hk2/api/IndexedFilter
instanceKlass org/glassfish/hk2/utilities/DescriptorBuilder
instanceKlass org/glassfish/hk2/utilities/BuilderHelper
instanceKlass org/glassfish/hk2/api/InstanceLifecycleEvent
instanceKlass org/jvnet/hk2/internal/SystemDescriptor
instanceKlass org/jvnet/hk2/internal/Closeable
instanceKlass org/glassfish/hk2/utilities/reflection/ReflectionHelper
instanceKlass org/glassfish/hk2/api/PerLookup
instanceKlass org/glassfish/hk2/utilities/DescriptorImpl
instanceKlass java/io/Externalizable
instanceKlass org/jvnet/hk2/internal/Utilities$4
instanceKlass org/glassfish/hk2/api/ValidationService
instanceKlass org/glassfish/hk2/api/InterceptionService
instanceKlass org/glassfish/hk2/api/DynamicConfigurationService
instanceKlass org/glassfish/hk2/api/DynamicConfigurationListener
instanceKlass org/glassfish/hk2/api/ClassAnalyzer
instanceKlass org/glassfish/hk2/api/ErrorService
instanceKlass org/glassfish/hk2/api/InjectionResolver
instanceKlass org/glassfish/hk2/api/InstanceLifecycleListener
instanceKlass org/jvnet/hk2/internal/Utilities$AnnotationInformation
instanceKlass org/jvnet/hk2/internal/Utilities$1
instanceKlass javax/inject/Named
instanceKlass org/jvnet/hk2/internal/Creator
instanceKlass org/jvnet/hk2/internal/Utilities$Interceptors
instanceKlass org/jvnet/hk2/internal/Utilities
instanceKlass org/glassfish/hk2/api/FactoryDescriptors
instanceKlass org/jvnet/hk2/internal/DynamicConfigurationImpl
instanceKlass org/glassfish/hk2/api/DynamicConfiguration
instanceKlass org/glassfish/hk2/utilities/reflection/Logger$1
instanceKlass org/glassfish/hk2/utilities/reflection/Logger
instanceKlass org/jvnet/hk2/internal/ServiceLocatorImpl$10
instanceKlass org/glassfish/hk2/utilities/general/internal/WeakHashLRUImpl
instanceKlass org/glassfish/hk2/utilities/general/internal/WeakHashClockImpl
instanceKlass org/glassfish/hk2/utilities/general/WeakHashClock
instanceKlass org/glassfish/hk2/utilities/general/WeakHashLRU
instanceKlass org/glassfish/hk2/utilities/general/GeneralUtilities
instanceKlass org/glassfish/hk2/utilities/cache/internal/WeakCARCacheImpl
instanceKlass org/glassfish/hk2/utilities/cache/WeakCARCache
instanceKlass org/glassfish/hk2/utilities/cache/CacheUtilities
instanceKlass org/jvnet/hk2/internal/ServiceLocatorImpl$8
instanceKlass org/jvnet/hk2/internal/ServiceLocatorImpl$4
instanceKlass org/jvnet/hk2/internal/ServiceLocatorImpl$3
instanceKlass org/jvnet/hk2/internal/PerLookupContext
instanceKlass org/jvnet/hk2/internal/SingletonContext$2
instanceKlass org/jvnet/hk2/internal/SingletonContext$1
instanceKlass org/glassfish/hk2/utilities/cache/Cache$1
instanceKlass org/glassfish/hk2/utilities/cache/Cache
instanceKlass org/glassfish/hk2/utilities/cache/Cache$CycleHandler
instanceKlass org/jvnet/hk2/internal/SingletonContext
instanceKlass org/jvnet/hk2/internal/IndexedListData
instanceKlass org/glassfish/hk2/utilities/general/Hk2ThreadLocal
instanceKlass org/jvnet/hk2/internal/PerLocatorUtilities
instanceKlass org/glassfish/hk2/utilities/reflection/internal/ClassReflectionHelperImpl$4
instanceKlass org/glassfish/hk2/utilities/reflection/internal/ClassReflectionHelperImpl$3
instanceKlass org/glassfish/hk2/utilities/reflection/internal/ClassReflectionHelperImpl$2
instanceKlass org/glassfish/hk2/utilities/reflection/internal/ClassReflectionHelperImpl$1
instanceKlass org/glassfish/hk2/utilities/cache/LRUHybridCache$CacheEntryImplComparator
instanceKlass org/glassfish/hk2/utilities/cache/LRUHybridCache$1
instanceKlass org/glassfish/hk2/utilities/cache/HybridCacheEntry
instanceKlass org/glassfish/hk2/utilities/cache/CacheEntry
instanceKlass org/glassfish/hk2/utilities/cache/LRUHybridCache$CycleHandler
instanceKlass org/glassfish/hk2/utilities/cache/LRUHybridCache
instanceKlass org/glassfish/hk2/utilities/reflection/MethodWrapper
instanceKlass org/glassfish/hk2/utilities/reflection/internal/ClassReflectionHelperImpl
instanceKlass java/util/concurrent/locks/ReentrantReadWriteLock$WriteLock
instanceKlass java/util/concurrent/locks/ReentrantReadWriteLock$ReadLock
instanceKlass sun/nio/ch/Interruptible
instanceKlass java/util/concurrent/locks/ReentrantReadWriteLock
instanceKlass java/util/concurrent/locks/ReadWriteLock
instanceKlass org/jvnet/hk2/internal/ServiceHandleComparator
instanceKlass org/jvnet/hk2/internal/DescriptorComparator
instanceKlass org/jvnet/hk2/internal/ServiceLocatorImpl$2
instanceKlass org/jvnet/hk2/internal/ServiceLocatorImpl$1
instanceKlass org/glassfish/hk2/api/TwoPhaseTransactionData
instanceKlass org/glassfish/hk2/utilities/cache/CacheKeyFilter
instanceKlass org/glassfish/hk2/api/Injectee
instanceKlass org/glassfish/hk2/api/ErrorInformation
instanceKlass org/glassfish/hk2/api/ServiceHandle
instanceKlass org/glassfish/hk2/api/ValidationInformation
instanceKlass org/glassfish/hk2/utilities/cache/Computable
instanceKlass org/glassfish/hk2/api/Context
instanceKlass org/glassfish/hk2/utilities/reflection/ClassReflectionHelper
instanceKlass org/jvnet/hk2/internal/ServiceLocatorImpl
instanceKlass org/glassfish/hk2/api/ServiceLocator
instanceKlass org/jvnet/hk2/external/generator/ServiceLocatorGeneratorImpl
instanceKlass org/glassfish/hk2/osgiresourcelocator/ServiceLoader
instanceKlass org/glassfish/hk2/extension/ServiceLocatorGenerator
instanceKlass org/glassfish/hk2/internal/ServiceLocatorFactoryImpl$2
instanceKlass org/glassfish/hk2/internal/ServiceLocatorFactoryImpl$DefaultGeneratorInitializer
instanceKlass org/glassfish/hk2/internal/ServiceLocatorFactoryImpl$1
instanceKlass org/glassfish/hk2/api/ServiceLocatorFactory
instanceKlass org/glassfish/hk2/api/DescriptorFileFinder
instanceKlass org/glassfish/hk2/api/ActiveDescriptor
instanceKlass org/glassfish/hk2/api/SingleCache
instanceKlass org/glassfish/hk2/api/Descriptor
instanceKlass org/glassfish/hk2/api/Filter
instanceKlass org/glassfish/appclient/client/acc/ACCModulesManager
instanceKlass org/glassfish/appclient/client/acc/Util
instanceKlass org/glassfish/appclient/client/AppClientFacade$1
instanceKlass org/glassfish/appclient/client/acc/ACCLogger$1
instanceKlass java/util/logging/Formatter
instanceKlass org/glassfish/appclient/client/acc/AppClientContainerBuilder
instanceKlass org/glassfish/persistence/jpa/ProviderContainerContractInfo
instanceKlass org/glassfish/appclient/client/acc/AppClientContainer$Builder
instanceKlass org/glassfish/appclient/client/acc/AppClientContainer
instanceKlass org/glassfish/appclient/client/acc/TargetServerHelper
instanceKlass com/sun/org/apache/xerces/internal/impl/dtd/models/SimpleContentModel
instanceKlass com/sun/org/apache/xerces/internal/impl/dtd/models/CMStateSet
instanceKlass com/sun/org/apache/xerces/internal/impl/dtd/models/DFAContentModel
instanceKlass com/sun/org/apache/xerces/internal/impl/dtd/models/CMNode
instanceKlass javax/xml/bind/WhiteSpaceProcessor
instanceKlass javax/xml/datatype/SecuritySupport$1
instanceKlass javax/xml/datatype/FactoryFinder$1
instanceKlass javax/xml/datatype/SecuritySupport$5
instanceKlass javax/xml/datatype/SecuritySupport$2
instanceKlass javax/xml/datatype/SecuritySupport
instanceKlass javax/xml/datatype/FactoryFinder
instanceKlass javax/xml/datatype/DatatypeFactory
instanceKlass javax/xml/bind/DatatypeConverterImpl
instanceKlass javax/xml/bind/DatatypeConverterInterface
instanceKlass javax/xml/bind/DatatypeConverter
instanceKlass org/glassfish/appclient/client/acc/config/util/XML
instanceKlass com/sun/org/apache/xerces/internal/impl/Constants$ArrayEnumeration
instanceKlass com/sun/org/apache/xerces/internal/impl/Constants
instanceKlass com/sun/org/apache/xerces/internal/impl/XMLEntityManager$EncodingInfo
instanceKlass com/sun/xml/internal/stream/StaxXMLInputSource
instanceKlass com/sun/enterprise/deployment/types/MessageDestinationReferenceContainer
instanceKlass com/sun/enterprise/deployment/types/ServiceReferenceContainer
instanceKlass com/sun/enterprise/deployment/types/ResourceReferenceContainer
instanceKlass com/sun/enterprise/deployment/types/ResourceEnvReferenceContainer
instanceKlass com/sun/enterprise/deployment/types/EjbReferenceContainer
instanceKlass com/sun/enterprise/deployment/WritableJndiNameEnvironment
instanceKlass com/sun/enterprise/deployment/JndiNameEnvironment
instanceKlass com/sun/enterprise/deployment/types/RoleMappingContainer
instanceKlass com/sun/enterprise/deployment/Roles
instanceKlass java/util/Observable
instanceKlass org/glassfish/internal/deployment/ExtendedDeploymentContext
instanceKlass org/glassfish/api/deployment/DeploymentContext
instanceKlass org/glassfish/api/ExecutionContext
instanceKlass org/glassfish/api/deployment/ApplicationContext
instanceKlass org/glassfish/api/deployment/OpsParams
instanceKlass org/glassfish/api/admin/CommandParameters
instanceKlass com/sun/enterprise/deployment/util/DOLUtils
instanceKlass com/sun/org/apache/xerces/internal/impl/XMLDocumentScannerImpl$DTDDriver
instanceKlass com/sun/org/apache/xerces/internal/impl/dtd/XMLContentSpec
instanceKlass com/sun/org/apache/xerces/internal/impl/dtd/models/ContentModelValidator
instanceKlass com/sun/org/apache/xerces/internal/impl/dtd/DTDGrammar
instanceKlass com/sun/org/apache/xerces/internal/xni/grammars/Grammar
instanceKlass com/sun/org/apache/xerces/internal/impl/validation/EntityState
instanceKlass com/sun/org/apache/xerces/internal/util/URI
instanceKlass com/sun/org/apache/xerces/internal/parsers/AbstractSAXParser$LocatorProxy
instanceKlass org/xml/sax/ext/Locator2
instanceKlass com/sun/org/apache/xerces/internal/util/XMLSymbols
instanceKlass com/sun/org/apache/xerces/internal/util/XMLChar
instanceKlass com/sun/xml/internal/stream/util/BufferAllocator
instanceKlass com/sun/xml/internal/stream/util/ThreadLocalBufferAllocator
instanceKlass com/sun/xml/internal/stream/Entity
instanceKlass com/sun/org/apache/xerces/internal/utils/XMLLimitAnalyzer
instanceKlass com/sun/org/apache/xerces/internal/xni/parser/XMLInputSource
instanceKlass com/sun/xml/bind/v2/runtime/unmarshaller/TagName
instanceKlass com/sun/xml/bind/v2/runtime/unmarshaller/SAXConnector
instanceKlass com/sun/xml/bind/v2/runtime/unmarshaller/UnmarshallingContext$State
instanceKlass com/sun/xml/bind/v2/runtime/unmarshaller/Scope
instanceKlass javax/xml/bind/ValidationEventLocator
instanceKlass com/sun/xml/bind/v2/runtime/unmarshaller/LocatorExWrapper
instanceKlass org/xml/sax/helpers/LocatorImpl
instanceKlass com/sun/xml/bind/v2/runtime/Coordinator
instanceKlass com/sun/xml/bind/v2/runtime/unmarshaller/XmlVisitor$TextPredictor
instanceKlass java/util/concurrent/Callable
instanceKlass javax/xml/bind/helpers/DefaultValidationEventHandler
instanceKlass javax/xml/bind/UnmarshallerHandler
instanceKlass com/sun/xml/bind/v2/runtime/unmarshaller/LocatorEx
instanceKlass com/sun/xml/bind/v2/runtime/unmarshaller/XmlVisitor
instanceKlass com/sun/xml/bind/IDResolver
instanceKlass javax/xml/bind/helpers/AbstractUnmarshallerImpl
instanceKlass javax/xml/bind/util/ValidationEventCollector
instanceKlass com/sun/xml/bind/v2/runtime/NameList
instanceKlass com/sun/xml/bind/v2/runtime/unmarshaller/ChildLoader
instanceKlass com/sun/xml/bind/v2/runtime/property/ArrayERProperty$ReceiverImpl
instanceKlass com/sun/xml/bind/v2/runtime/unmarshaller/StructureLoader$1
instanceKlass com/sun/xml/bind/v2/runtime/property/UnmarshallerChain
instanceKlass javax/xml/bind/annotation/W3CDomHandler
instanceKlass javax/xml/bind/annotation/DomHandler
instanceKlass com/sun/xml/bind/v2/runtime/ElementBeanInfoImpl$1
instanceKlass com/sun/xml/bind/v2/runtime/unmarshaller/Intercepter
instanceKlass javax/xml/bind/JAXBElement
instanceKlass com/sun/xml/bind/v2/runtime/property/TagAndType
instanceKlass com/sun/xml/bind/v2/runtime/JaxBeanInfo$1
instanceKlass com/sun/xml/bind/v2/runtime/LifecycleMethods
instanceKlass com/sun/xml/bind/v2/runtime/reflect/TransducedAccessor
instanceKlass com/sun/xml/bind/v2/runtime/Name
instanceKlass com/sun/xml/bind/v2/ClassFactory
instanceKlass com/sun/xml/bind/v2/runtime/reflect/Lister$2
instanceKlass java/util/Collections$SynchronizedMap
instanceKlass com/sun/xml/bind/v2/runtime/reflect/ListIterator
instanceKlass com/sun/xml/bind/v2/runtime/reflect/Lister
instanceKlass com/sun/xml/bind/v2/runtime/property/Utils$1
instanceKlass com/sun/xml/bind/v2/runtime/property/Utils
instanceKlass com/sun/xml/bind/v2/runtime/property/PropertyFactory$1
instanceKlass com/sun/xml/bind/v2/runtime/property/PropertyFactory
instanceKlass com/sun/xml/bind/v2/runtime/property/PropertyImpl
instanceKlass com/sun/xml/bind/v2/runtime/property/Property
instanceKlass com/sun/xml/bind/v2/runtime/property/StructureLoaderBuilder
instanceKlass org/xml/sax/Locator
instanceKlass com/sun/xml/bind/v2/runtime/unmarshaller/Loader
instanceKlass java/util/Collections$UnmodifiableCollection$1
instanceKlass com/sun/xml/bind/v2/util/FlattenIterator
instanceKlass org/glassfish/appclient/client/acc/config/ResponsePolicy
instanceKlass org/glassfish/appclient/client/acc/config/RequestPolicy
instanceKlass org/glassfish/appclient/client/acc/config/ProviderConfig
instanceKlass org/glassfish/appclient/client/acc/config/util/XML$Password
instanceKlass javax/xml/bind/annotation/XmlSeeAlso
instanceKlass java/util/Collections$1
instanceKlass org/glassfish/appclient/client/acc/config/CertDb
instanceKlass org/glassfish/appclient/client/acc/config/Ssl
instanceKlass sun/reflect/ClassDefiner$1
instanceKlass sun/reflect/ClassDefiner
instanceKlass sun/reflect/MethodAccessorGenerator$1
instanceKlass sun/reflect/Label$PatchInfo
instanceKlass sun/reflect/Label
instanceKlass sun/reflect/UTF8
instanceKlass sun/reflect/ClassFileAssembler
instanceKlass sun/reflect/ByteVectorImpl
instanceKlass sun/reflect/ByteVector
instanceKlass sun/reflect/ByteVectorFactory
instanceKlass sun/reflect/AccessorGenerator
instanceKlass sun/reflect/ClassFileConstants
instanceKlass org/glassfish/appclient/client/acc/config/Security
instanceKlass com/sun/xml/bind/v2/TODO
instanceKlass java/util/TimSort
instanceKlass java/util/Arrays$LegacyMergeSort
instanceKlass com/sun/xml/bind/v2/model/nav/ReflectionNavigator$10
instanceKlass com/sun/xml/bind/v2/model/annotation/MethodLocatable
instanceKlass java/util/TreeMap$PrivateEntryIterator
instanceKlass java/util/NavigableSet
instanceKlass java/util/SortedSet
instanceKlass sun/reflect/generics/tree/MethodTypeSignature
instanceKlass com/sun/xml/bind/v2/model/nav/ReflectionNavigator$5
instanceKlass org/glassfish/appclient/client/acc/config/Property
instanceKlass org/glassfish/appclient/client/acc/config/MessageSecurityConfig
instanceKlass com/sun/xml/bind/v2/model/nav/ParameterizedTypeImpl
instanceKlass java/lang/reflect/WildcardType
instanceKlass com/sun/xml/bind/v2/model/nav/ReflectionNavigator$BinderArg
instanceKlass javax/xml/bind/annotation/adapters/XmlJavaTypeAdapters
instanceKlass com/sun/xml/bind/v2/model/runtime/RuntimeTypeRef
instanceKlass com/sun/xml/bind/v2/model/impl/TypeRefImpl
instanceKlass com/sun/xml/bind/v2/model/core/TypeRef
instanceKlass sun/reflect/generics/tree/TypeVariableSignature
instanceKlass org/glassfish/appclient/client/acc/config/TargetServer
instanceKlass javax/xml/bind/annotation/XmlElement$DEFAULT
instanceKlass com/sun/xml/bind/annotation/XmlLocation
instanceKlass com/sun/xml/bind/v2/runtime/reflect/Utils$1
instanceKlass com/sun/xml/bind/v2/runtime/reflect/Utils
instanceKlass javax/xml/bind/annotation/XmlSchemaTypes
instanceKlass com/sun/xml/bind/v2/model/core/Adapter
instanceKlass sun/reflect/generics/reflectiveObjects/LazyReflectiveObjectGenerator
instanceKlass java/lang/reflect/TypeVariable
instanceKlass sun/reflect/generics/reflectiveObjects/ParameterizedTypeImpl
instanceKlass java/lang/reflect/ParameterizedType
instanceKlass sun/reflect/generics/tree/ClassSignature
instanceKlass sun/reflect/generics/tree/Signature
instanceKlass sun/reflect/generics/tree/FormalTypeParameter
instanceKlass com/sun/xml/bind/v2/model/impl/Util
instanceKlass com/sun/xml/bind/v2/model/impl/ClassInfoImpl$1
instanceKlass com/sun/xml/bind/v2/model/impl/FieldPropertySeed
instanceKlass com/sun/xml/bind/v2/model/impl/RuntimeClassInfoImpl$RuntimePropertySeed
instanceKlass java/lang/Short$ShortCache
instanceKlass java/lang/Long$LongCache
instanceKlass java/lang/Character$CharacterCache
instanceKlass java/lang/Byte$ByteCache
instanceKlass javax/xml/bind/annotation/adapters/XmlAdapter
instanceKlass javax/xml/bind/annotation/adapters/XmlJavaTypeAdapter$DEFAULT
instanceKlass java/util/AbstractList$Itr
instanceKlass org/glassfish/appclient/client/acc/config/LogService
instanceKlass org/glassfish/appclient/client/acc/config/ClientCredential
instanceKlass org/glassfish/appclient/client/acc/config/AuthRealm
instanceKlass com/sun/xml/bind/v2/model/nav/ReflectionNavigator$3
instanceKlass com/sun/xml/bind/v2/model/annotation/SecureLoader
instanceKlass com/sun/xml/bind/AccessorFactoryImpl
instanceKlass com/sun/xml/bind/InternalAccessorFactory
instanceKlass javax/xml/bind/annotation/XmlAccessorOrder
instanceKlass java/lang/Package$1PackageInfoProxy
instanceKlass com/sun/xml/bind/annotation/OverrideAnnotationOf
instanceKlass javax/xml/bind/annotation/XmlMixed
instanceKlass javax/xml/bind/annotation/XmlAnyElement
instanceKlass javax/xml/bind/annotation/XmlElements
instanceKlass javax/xml/bind/annotation/XmlAnyAttribute
instanceKlass javax/xml/bind/annotation/XmlList
instanceKlass javax/xml/bind/annotation/XmlElementWrapper
instanceKlass javax/xml/bind/annotation/XmlAttachmentRef
instanceKlass javax/xml/bind/annotation/XmlMimeType
instanceKlass javax/xml/bind/annotation/XmlInlineBinaryData
instanceKlass javax/xml/bind/annotation/XmlIDREF
instanceKlass javax/xml/bind/annotation/XmlID
instanceKlass javax/xml/bind/annotation/adapters/XmlJavaTypeAdapter
instanceKlass com/sun/xml/bind/AccessorFactory
instanceKlass com/sun/xml/bind/v2/model/runtime/RuntimeAttributePropertyInfo
instanceKlass com/sun/xml/bind/v2/model/core/AttributePropertyInfo
instanceKlass com/sun/xml/bind/v2/model/runtime/RuntimeReferencePropertyInfo
instanceKlass com/sun/xml/bind/v2/runtime/reflect/Accessor
instanceKlass com/sun/xml/bind/v2/runtime/unmarshaller/Receiver
instanceKlass com/sun/xml/bind/v2/model/runtime/RuntimeValuePropertyInfo
instanceKlass com/sun/xml/bind/v2/model/runtime/RuntimeNonElementRef
instanceKlass com/sun/xml/bind/v2/model/core/ValuePropertyInfo
instanceKlass com/sun/xml/bind/v2/model/core/NonElementRef
instanceKlass com/sun/xml/bind/v2/model/runtime/RuntimeMapPropertyInfo
instanceKlass com/sun/xml/bind/v2/model/core/MapPropertyInfo
instanceKlass com/sun/xml/bind/v2/model/runtime/RuntimeElementPropertyInfo
instanceKlass com/sun/xml/bind/v2/model/runtime/RuntimePropertyInfo
instanceKlass com/sun/xml/bind/v2/model/core/ElementPropertyInfo
instanceKlass com/sun/xml/bind/v2/model/impl/PropertySeed
instanceKlass com/sun/xml/bind/v2/model/impl/DummyPropertyInfo
instanceKlass com/sun/xml/bind/v2/model/core/ReferencePropertyInfo
instanceKlass com/sun/xml/bind/v2/model/impl/PropertyInfoImpl
instanceKlass com/sun/xml/bind/v2/model/core/PropertyInfo
instanceKlass com/sun/xml/bind/v2/model/annotation/AnnotationSource
instanceKlass javax/xml/bind/annotation/XmlValue
instanceKlass javax/xml/bind/annotation/XmlTransient
instanceKlass javax/xml/bind/annotation/XmlSchemaType
instanceKlass javax/xml/bind/annotation/XmlEnum
instanceKlass javax/xml/bind/annotation/XmlElementRefs
instanceKlass javax/xml/bind/annotation/XmlElementRef
instanceKlass javax/xml/bind/annotation/XmlElementDecl
instanceKlass javax/xml/bind/annotation/XmlElement
instanceKlass javax/xml/bind/annotation/XmlAttribute
instanceKlass com/sun/xml/bind/v2/model/annotation/Quick
instanceKlass com/sun/xml/bind/v2/model/annotation/Init
instanceKlass com/sun/xml/bind/v2/model/annotation/LocatableAnnotation
instanceKlass java/util/Collections$EmptyIterator
instanceKlass javax/xml/bind/annotation/XmlRootElement
instanceKlass javax/xml/bind/annotation/XmlType$DEFAULT
instanceKlass javax/xml/bind/annotation/XmlType
instanceKlass java/lang/annotation/Target
instanceKlass java/lang/reflect/WeakCache$Value
instanceKlass sun/misc/ProxyGenerator$ExceptionTableEntry
instanceKlass sun/misc/ProxyGenerator$PrimitiveTypeInfo
instanceKlass sun/misc/ProxyGenerator$FieldInfo
instanceKlass java/io/DataOutput
instanceKlass sun/misc/ProxyGenerator$ConstantPool$Entry
instanceKlass sun/misc/ProxyGenerator$MethodInfo
instanceKlass sun/misc/ProxyGenerator$ProxyMethod
instanceKlass sun/misc/ProxyGenerator$ConstantPool
instanceKlass sun/security/action/GetBooleanAction
instanceKlass sun/misc/ProxyGenerator
instanceKlass java/lang/reflect/WeakCache$Factory
instanceKlass java/util/function/Supplier
instanceKlass java/lang/reflect/Proxy$ProxyClassFactory
instanceKlass java/lang/reflect/Proxy$KeyFactory
instanceKlass java/util/function/BiFunction
instanceKlass java/lang/reflect/WeakCache
instanceKlass java/lang/reflect/Proxy
instanceKlass sun/reflect/annotation/AnnotationInvocationHandler
instanceKlass java/lang/reflect/InvocationHandler
instanceKlass sun/reflect/annotation/AnnotationParser$1
instanceKlass java/lang/annotation/Inherited
instanceKlass java/lang/annotation/Retention
instanceKlass sun/reflect/annotation/ExceptionProxy
instanceKlass java/lang/Class$4
instanceKlass sun/reflect/annotation/AnnotationType$1
instanceKlass java/lang/reflect/GenericArrayType
instanceKlass javax/xml/bind/annotation/XmlAccessorType
instanceKlass sun/reflect/generics/visitor/Reifier
instanceKlass sun/reflect/generics/visitor/TypeTreeVisitor
instanceKlass sun/reflect/generics/factory/CoreReflectionFactory
instanceKlass sun/reflect/generics/factory/GenericsFactory
instanceKlass sun/reflect/generics/scope/AbstractScope
instanceKlass sun/reflect/generics/scope/Scope
instanceKlass sun/reflect/generics/tree/ClassTypeSignature
instanceKlass sun/reflect/generics/tree/SimpleClassTypeSignature
instanceKlass sun/reflect/generics/tree/FieldTypeSignature
instanceKlass sun/reflect/generics/tree/BaseType
instanceKlass sun/reflect/generics/tree/TypeSignature
instanceKlass sun/reflect/generics/tree/ReturnType
instanceKlass sun/reflect/generics/tree/TypeArgument
instanceKlass sun/reflect/generics/tree/TypeTree
instanceKlass sun/reflect/generics/tree/Tree
instanceKlass sun/reflect/generics/parser/SignatureParser
instanceKlass sun/reflect/annotation/AnnotationParser
instanceKlass javax/xml/bind/annotation/XmlRegistry
instanceKlass com/sun/xml/bind/v2/model/core/Ref
instanceKlass com/sun/xml/bind/api/CompositeStructure
instanceKlass com/sun/xml/bind/v2/runtime/IllegalAnnotationsException$Builder
instanceKlass java/util/Collections$UnmodifiableMap$UnmodifiableEntrySet$UnmodifiableEntry
instanceKlass java/util/Collections$UnmodifiableMap$UnmodifiableEntrySet$1
instanceKlass com/sun/xml/bind/v2/runtime/RuntimeUtil
instanceKlass com/sun/xml/bind/v2/model/impl/AnyTypeImpl
instanceKlass com/sun/xml/bind/v2/model/impl/TypeInfoSetImpl$1
instanceKlass com/sun/xml/bind/v2/model/impl/RuntimeBuiltinLeafInfoImpl$28
instanceKlass java/util/UUID
instanceKlass java/lang/Void
instanceKlass javax/xml/datatype/Duration
instanceKlass javax/xml/namespace/NamespaceContext
instanceKlass javax/xml/datatype/XMLGregorianCalendar
instanceKlass javax/xml/transform/Result
instanceKlass javax/activation/DataHandler
instanceKlass java/awt/datatransfer/Transferable
instanceKlass javax/activation/DataSource
instanceKlass java/awt/Graphics
instanceKlass java/awt/Component
instanceKlass java/awt/MenuContainer
instanceKlass java/awt/image/ImageObserver
instanceKlass java/awt/Transparency
instanceKlass java/awt/image/WritableRenderedImage
instanceKlass java/awt/Image
instanceKlass com/sun/xml/bind/v2/runtime/output/Pcdata
instanceKlass javax/xml/bind/ValidationEvent
instanceKlass java/awt/image/RenderedImage
instanceKlass java/util/Date
instanceKlass javax/xml/datatype/DatatypeConstants$Field
instanceKlass javax/xml/datatype/DatatypeConstants
instanceKlass java/util/Calendar
instanceKlass javax/xml/namespace/QName$1
instanceKlass javax/xml/namespace/QName
instanceKlass com/sun/xml/bind/v2/model/impl/RuntimeBuiltinLeafInfoImpl$1
instanceKlass com/sun/xml/bind/v2/model/impl/LeafInfoImpl
instanceKlass com/sun/xml/bind/v2/model/runtime/RuntimeBuiltinLeafInfo
instanceKlass com/sun/xml/bind/v2/model/core/BuiltinLeafInfo
instanceKlass com/sun/xml/bind/v2/model/impl/ModelBuilder$1
instanceKlass com/sun/xml/bind/v2/model/impl/Utils$1
instanceKlass com/sun/xml/bind/v2/model/nav/TypeVisitor
instanceKlass com/sun/xml/bind/v2/model/nav/ReflectionNavigator
instanceKlass com/sun/xml/bind/v2/model/nav/Navigator
instanceKlass com/sun/xml/bind/v2/model/impl/Utils
instanceKlass com/sun/xml/bind/WhiteSpaceProcessor
instanceKlass javax/xml/bind/annotation/XmlSchema
instanceKlass com/sun/xml/bind/v2/model/runtime/RuntimeArrayInfo
instanceKlass com/sun/xml/bind/v2/runtime/Location
instanceKlass com/sun/xml/bind/v2/model/core/ArrayInfo
instanceKlass com/sun/xml/bind/v2/model/runtime/RuntimeClassInfo
instanceKlass com/sun/xml/bind/v2/model/core/ClassInfo
instanceKlass com/sun/xml/bind/v2/model/runtime/RuntimeTypeInfoSet
instanceKlass com/sun/xml/bind/v2/model/impl/TypeInfoSetImpl
instanceKlass com/sun/xml/bind/v2/model/runtime/RuntimeElementInfo
instanceKlass com/sun/xml/bind/v2/model/runtime/RuntimeElement
instanceKlass com/sun/xml/bind/v2/model/core/ElementInfo
instanceKlass com/sun/xml/bind/v2/runtime/Transducer
instanceKlass com/sun/xml/bind/v2/model/runtime/RuntimeEnumLeafInfo
instanceKlass com/sun/xml/bind/v2/model/impl/TypeInfoImpl
instanceKlass com/sun/xml/bind/v2/model/core/Element
instanceKlass com/sun/xml/bind/v2/model/core/EnumLeafInfo
instanceKlass com/sun/xml/bind/v2/model/core/RegistryInfo
instanceKlass com/sun/xml/bind/v2/model/impl/ModelBuilder
instanceKlass com/sun/xml/bind/v2/model/impl/ModelBuilderI
instanceKlass com/sun/xml/bind/v2/runtime/NameBuilder
instanceKlass com/sun/istack/Pool$Impl
instanceKlass com/sun/xml/bind/v2/util/QNameMap$Entry
instanceKlass com/sun/xml/bind/v2/util/QNameMap
instanceKlass com/sun/xml/bind/v2/runtime/JAXBContextImpl$6
instanceKlass com/sun/xml/bind/api/BridgeContext
instanceKlass com/sun/xml/bind/v2/model/core/TypeInfoSet
instanceKlass com/sun/xml/bind/api/RawAccessor
instanceKlass com/sun/xml/bind/api/ErrorListener
instanceKlass javax/xml/bind/JAXBIntrospector
instanceKlass javax/xml/bind/Binder
instanceKlass com/sun/xml/bind/unmarshaller/InfosetScanner
instanceKlass javax/xml/bind/Marshaller
instanceKlass com/sun/xml/bind/v2/model/core/ErrorHandler
instanceKlass com/sun/xml/bind/v2/runtime/AttributeAccessor
instanceKlass javax/xml/bind/Unmarshaller
instanceKlass com/sun/xml/bind/v2/runtime/JaxBeanInfo
instanceKlass com/sun/xml/bind/api/Bridge
instanceKlass com/sun/xml/bind/v2/model/runtime/RuntimeLeafInfo
instanceKlass com/sun/xml/bind/v2/model/runtime/RuntimeNonElement
instanceKlass com/sun/xml/bind/v2/model/runtime/RuntimeTypeInfo
instanceKlass com/sun/xml/bind/v2/model/core/LeafInfo
instanceKlass com/sun/xml/bind/v2/model/core/MaybeElement
instanceKlass com/sun/xml/bind/v2/model/core/NonElement
instanceKlass com/sun/xml/bind/v2/model/core/TypeInfo
instanceKlass com/sun/xml/bind/v2/model/annotation/Locatable
instanceKlass com/sun/istack/Pool
instanceKlass com/sun/xml/bind/v2/model/annotation/AbstractInlineAnnotationReaderImpl
instanceKlass com/sun/xml/bind/v2/runtime/JAXBContextImpl$JAXBContextBuilder
instanceKlass com/sun/xml/bind/v2/util/TypeCast
instanceKlass com/sun/xml/bind/Util
instanceKlass com/sun/xml/bind/v2/model/annotation/RuntimeAnnotationReader
instanceKlass com/sun/xml/bind/v2/model/annotation/AnnotationReader
instanceKlass java/lang/Class$MethodArray
instanceKlass javax/xml/bind/ModuleUtil
instanceKlass com/sun/xml/bind/v2/ContextFactory
instanceKlass javax/xml/bind/ServiceLoaderUtil
instanceKlass javax/xml/bind/JAXBContextFactory
instanceKlass javax/xml/bind/ServiceLoaderUtil$ExceptionHandler
instanceKlass javax/xml/bind/GetPropertyAction
instanceKlass javax/xml/bind/ContextFinder
instanceKlass javax/xml/bind/JAXBContext
instanceKlass org/glassfish/appclient/client/acc/config/ClientContainer
instanceKlass javax/xml/transform/sax/SAXSource
instanceKlass org/xml/sax/InputSource
instanceKlass com/sun/enterprise/universal/glassfish/GFLauncherUtils
instanceKlass com/sun/enterprise/universal/glassfish/TokenResolver$Token
instanceKlass com/sun/enterprise/universal/glassfish/TokenResolver
instanceKlass com/sun/org/apache/xerces/internal/impl/ExternalSubsetResolver
instanceKlass com/sun/org/apache/xerces/internal/util/EntityResolverWrapper
instanceKlass org/xml/sax/ext/EntityResolver2
instanceKlass org/xml/sax/helpers/NamespaceSupport$Context
instanceKlass java/util/Collections$3
instanceKlass org/xml/sax/helpers/NamespaceSupport
instanceKlass com/sun/enterprise/deployment/node/SaxParserHandler$MappingStuff
instanceKlass com/sun/org/apache/xerces/internal/util/ErrorHandlerWrapper
instanceKlass com/sun/org/apache/xerces/internal/xni/parser/XMLErrorHandler
instanceKlass org/xml/sax/helpers/DefaultHandler
instanceKlass org/xml/sax/ErrorHandler
instanceKlass org/xml/sax/ContentHandler
instanceKlass org/xml/sax/DTDHandler
instanceKlass com/sun/org/apache/xerces/internal/parsers/AbstractSAXParser$AttributesProxy
instanceKlass org/xml/sax/ext/Attributes2
instanceKlass org/xml/sax/Attributes
instanceKlass org/xml/sax/AttributeList
instanceKlass com/sun/org/apache/xerces/internal/util/PropertyState
instanceKlass com/sun/org/apache/xerces/internal/util/FeatureState
instanceKlass com/sun/org/apache/xerces/internal/impl/msg/XMLMessageFormatter
instanceKlass com/sun/org/apache/xerces/internal/util/MessageFormatter
instanceKlass com/sun/org/apache/xerces/internal/impl/XMLVersionDetector
instanceKlass com/sun/org/apache/xerces/internal/impl/validation/ValidationManager
instanceKlass com/sun/org/apache/xerces/internal/impl/dv/dtd/NMTOKENDatatypeValidator
instanceKlass com/sun/org/apache/xerces/internal/impl/dv/dtd/NOTATIONDatatypeValidator
instanceKlass com/sun/org/apache/xerces/internal/impl/dv/dtd/ENTITYDatatypeValidator
instanceKlass com/sun/org/apache/xerces/internal/impl/dv/dtd/ListDatatypeValidator
instanceKlass com/sun/org/apache/xerces/internal/impl/dv/dtd/IDREFDatatypeValidator
instanceKlass com/sun/org/apache/xerces/internal/impl/dv/dtd/IDDatatypeValidator
instanceKlass com/sun/org/apache/xerces/internal/impl/dv/dtd/StringDatatypeValidator
instanceKlass com/sun/org/apache/xerces/internal/impl/dv/DatatypeValidator
instanceKlass com/sun/org/apache/xerces/internal/impl/dv/DTDDVFactory
instanceKlass com/sun/org/apache/xerces/internal/impl/dtd/DTDGrammarBucket
instanceKlass com/sun/org/apache/xerces/internal/impl/dtd/XMLAttributeDecl
instanceKlass com/sun/org/apache/xerces/internal/impl/dtd/XMLSimpleType
instanceKlass com/sun/org/apache/xerces/internal/impl/dtd/XMLElementDecl
instanceKlass com/sun/org/apache/xerces/internal/impl/validation/ValidationState
instanceKlass com/sun/org/apache/xerces/internal/impl/dv/ValidationContext
instanceKlass com/sun/org/apache/xerces/internal/impl/dtd/XMLDTDValidator
instanceKlass com/sun/org/apache/xerces/internal/impl/RevalidationHandler
instanceKlass com/sun/org/apache/xerces/internal/impl/dtd/XMLDTDValidatorFilter
instanceKlass com/sun/org/apache/xerces/internal/xni/parser/XMLDocumentFilter
instanceKlass com/sun/org/apache/xerces/internal/impl/dtd/XMLEntityDecl
instanceKlass com/sun/org/apache/xerces/internal/impl/dtd/XMLDTDProcessor
instanceKlass com/sun/org/apache/xerces/internal/xni/parser/XMLDTDContentModelFilter
instanceKlass com/sun/org/apache/xerces/internal/xni/parser/XMLDTDFilter
instanceKlass com/sun/org/apache/xerces/internal/xni/parser/XMLDTDScanner
instanceKlass com/sun/org/apache/xerces/internal/xni/parser/XMLDTDContentModelSource
instanceKlass com/sun/org/apache/xerces/internal/xni/parser/XMLDTDSource
instanceKlass com/sun/org/apache/xerces/internal/xni/grammars/XMLDTDDescription
instanceKlass com/sun/org/apache/xerces/internal/xni/grammars/XMLGrammarDescription
instanceKlass com/sun/org/apache/xerces/internal/impl/XMLDocumentScannerImpl$TrailingMiscDriver
instanceKlass com/sun/org/apache/xerces/internal/impl/XMLDocumentScannerImpl$PrologDriver
instanceKlass com/sun/org/apache/xerces/internal/impl/XMLDocumentScannerImpl$XMLDeclDriver
instanceKlass com/sun/org/apache/xerces/internal/util/NamespaceSupport
instanceKlass com/sun/org/apache/xerces/internal/xni/NamespaceContext
instanceKlass com/sun/org/apache/xerces/internal/util/XMLAttributesImpl$Attribute
instanceKlass com/sun/org/apache/xerces/internal/util/XMLAttributesImpl
instanceKlass com/sun/org/apache/xerces/internal/xni/XMLAttributes
instanceKlass com/sun/org/apache/xerces/internal/impl/XMLDocumentFragmentScannerImpl$FragmentContentDriver
instanceKlass com/sun/org/apache/xerces/internal/impl/XMLDocumentFragmentScannerImpl$Driver
instanceKlass com/sun/org/apache/xerces/internal/impl/XMLDocumentFragmentScannerImpl$ElementStack2
instanceKlass com/sun/org/apache/xerces/internal/xni/QName
instanceKlass com/sun/org/apache/xerces/internal/impl/XMLDocumentFragmentScannerImpl$ElementStack
instanceKlass com/sun/org/apache/xerces/internal/xni/XMLString
instanceKlass com/sun/org/apache/xerces/internal/impl/XMLScanner
instanceKlass com/sun/xml/internal/stream/XMLBufferListener
instanceKlass com/sun/org/apache/xerces/internal/impl/XMLEntityHandler
instanceKlass com/sun/org/apache/xerces/internal/xni/parser/XMLDocumentScanner
instanceKlass com/sun/org/apache/xerces/internal/xni/parser/XMLDocumentSource
instanceKlass com/sun/org/apache/xerces/internal/impl/XMLErrorReporter
instanceKlass com/sun/org/apache/xerces/internal/impl/XMLEntityScanner
instanceKlass com/sun/org/apache/xerces/internal/xni/XMLLocator
instanceKlass com/sun/xml/internal/stream/XMLEntityStorage
instanceKlass com/sun/org/apache/xerces/internal/util/AugmentationsImpl$AugmentationsItemsContainer
instanceKlass com/sun/org/apache/xerces/internal/util/AugmentationsImpl
instanceKlass com/sun/org/apache/xerces/internal/xni/Augmentations
instanceKlass com/sun/org/apache/xerces/internal/util/XMLResourceIdentifierImpl
instanceKlass com/sun/org/apache/xerces/internal/xni/XMLResourceIdentifier
instanceKlass com/sun/org/apache/xerces/internal/impl/XMLEntityManager
instanceKlass com/sun/org/apache/xerces/internal/xni/parser/XMLEntityResolver
instanceKlass com/sun/org/apache/xerces/internal/xni/parser/XMLComponent
instanceKlass com/sun/org/apache/xerces/internal/util/SymbolTable$Entry
instanceKlass com/sun/org/apache/xerces/internal/util/SymbolTable
instanceKlass jdk/xml/internal/SecuritySupport$3
instanceKlass jdk/xml/internal/SecuritySupport$1
instanceKlass jdk/xml/internal/SecuritySupport
instanceKlass jdk/xml/internal/JdkXmlUtils
instanceKlass com/sun/org/apache/xerces/internal/util/ParserConfigurationSettings
instanceKlass com/sun/org/apache/xerces/internal/parsers/XML11Configurable
instanceKlass com/sun/org/apache/xerces/internal/xni/parser/XMLPullParserConfiguration
instanceKlass com/sun/org/apache/xerces/internal/xni/parser/XMLParserConfiguration
instanceKlass com/sun/org/apache/xerces/internal/xni/parser/XMLComponentManager
instanceKlass com/sun/org/apache/xerces/internal/parsers/XMLParser
instanceKlass com/sun/org/apache/xerces/internal/xni/XMLDTDContentModelHandler
instanceKlass com/sun/org/apache/xerces/internal/xni/XMLDTDHandler
instanceKlass com/sun/org/apache/xerces/internal/xni/XMLDocumentHandler
instanceKlass org/xml/sax/XMLReader
instanceKlass org/xml/sax/Parser
instanceKlass com/sun/org/apache/xerces/internal/utils/XMLSecurityPropertyManager
instanceKlass com/sun/org/apache/xerces/internal/utils/SecuritySupport$8
instanceKlass com/sun/org/apache/xerces/internal/utils/SecuritySupport$4
instanceKlass com/sun/org/apache/xerces/internal/utils/SecuritySupport
instanceKlass com/sun/org/apache/xerces/internal/utils/XMLSecurityManager
instanceKlass javax/xml/parsers/SAXParser
instanceKlass com/sun/org/apache/xerces/internal/xs/PSVIProvider
instanceKlass com/sun/org/apache/xerces/internal/jaxp/JAXPConstants
instanceKlass javax/xml/parsers/SecuritySupport$1
instanceKlass javax/xml/parsers/FactoryFinder$1
instanceKlass javax/xml/parsers/SecuritySupport$5
instanceKlass javax/xml/parsers/SecuritySupport$2
instanceKlass javax/xml/parsers/SecuritySupport
instanceKlass javax/xml/parsers/FactoryFinder
instanceKlass javax/xml/parsers/SAXParserFactory
instanceKlass org/glassfish/appclient/common/ClientClassLoaderDelegate
instanceKlass org/glassfish/appclient/client/acc/ACCClassLoader$1
instanceKlass org/glassfish/appclient/client/acc/CommandLaunchInfo
instanceKlass java/util/concurrent/atomic/AtomicBoolean
instanceKlass java/util/concurrent/atomic/AtomicReference
instanceKlass sun/net/www/protocol/jar/JarFileFactory
instanceKlass sun/net/www/protocol/jar/URLJarFile$URLJarFileCloseController
instanceKlass java/net/URLClassLoader$2
instanceKlass java/util/ResourceBundle$Control$1
instanceKlass java/util/ResourceBundle$CacheKeyReference
instanceKlass java/util/ResourceBundle$CacheKey
instanceKlass java/util/ResourceBundle$Control
instanceKlass java/net/URLClassLoader$3$1
instanceKlass sun/misc/CompoundEnumeration
instanceKlass java/net/URLClassLoader$3
instanceKlass sun/misc/URLClassPath$1
instanceKlass java/lang/ClassLoader$2
instanceKlass sun/misc/URLClassPath$2
instanceKlass sun/misc/Launcher$BootClassPathHolder$1
instanceKlass sun/misc/Launcher$BootClassPathHolder
instanceKlass java/util/LinkedHashMap$LinkedHashIterator
instanceKlass java/util/ServiceLoader$1
instanceKlass java/util/ServiceLoader$LazyIterator
instanceKlass java/util/ServiceLoader
instanceKlass java/util/spi/ResourceBundleControlProvider
instanceKlass java/util/ResourceBundle
instanceKlass com/sun/logging/LogDomains
instanceKlass org/glassfish/appclient/client/acc/AppclientCommandArguments
instanceKlass java/util/TreeMap$Entry
instanceKlass java/lang/ProcessEnvironment$CheckedEntry
instanceKlass java/lang/ProcessEnvironment$CheckedEntrySet$1
instanceKlass java/util/NavigableMap
instanceKlass java/util/SortedMap
instanceKlass java/util/Collections$UnmodifiableMap
instanceKlass java/lang/ProcessEnvironment$EntryComparator
instanceKlass java/lang/ProcessEnvironment$NameComparator
instanceKlass org/glassfish/appclient/client/CLIBootstrap$CommandLineElement
instanceKlass org/glassfish/appclient/client/CLIBootstrap
instanceKlass java/util/regex/Matcher
instanceKlass java/util/regex/MatchResult
instanceKlass java/util/regex/Pattern$TreeInfo
instanceKlass java/util/regex/Pattern$Node
instanceKlass java/util/regex/Pattern
instanceKlass org/glassfish/appclient/client/acc/AgentArguments
instanceKlass com/sun/enterprise/util/StringUtils
instanceKlass com/sun/enterprise/util/JDK
instanceKlass com/sun/enterprise/util/LocalStringManagerImpl
instanceKlass javax/xml/transform/Source
instanceKlass javax/xml/bind/ValidationEventHandler
instanceKlass org/xml/sax/EntityResolver
instanceKlass com/sun/enterprise/util/LocalStringManager
instanceKlass org/glassfish/appclient/client/AppClientFacade
instanceKlass sun/instrument/InstrumentationImpl$1
instanceKlass org/glassfish/appclient/client/acc/agent/AppClientContainerAgent
instanceKlass sun/instrument/TransformerManager$TransformerInfo
instanceKlass sun/instrument/TransformerManager
instanceKlass sun/instrument/InstrumentationImpl
instanceKlass java/lang/instrument/Instrumentation
instanceKlass org/glassfish/appclient/client/acc/agent/ACCAgentClassLoader$1
instanceKlass java/util/ArrayList$SubList$1
instanceKlass java/util/ListIterator
instanceKlass java/net/URI$Parser
instanceKlass java/net/URI
instanceKlass java/util/logging/LogManager$5
instanceKlass java/util/HashMap$HashIterator
instanceKlass sun/reflect/UnsafeFieldAccessorFactory
instanceKlass java/util/logging/LoggingProxyImpl
instanceKlass sun/util/logging/LoggingProxy
instanceKlass sun/util/logging/LoggingSupport$1
instanceKlass sun/util/logging/LoggingSupport
instanceKlass sun/util/logging/PlatformLogger$LoggerProxy
instanceKlass sun/util/logging/PlatformLogger$1
instanceKlass sun/util/logging/PlatformLogger
instanceKlass java/util/Properties$LineReader
instanceKlass java/util/logging/LogManager$LoggerContext$1
instanceKlass java/util/ArrayList$Itr
instanceKlass java/util/logging/LogManager$3
instanceKlass java/util/logging/LogManager$2
instanceKlass java/lang/Shutdown$Lock
instanceKlass java/lang/Shutdown
instanceKlass java/lang/ApplicationShutdownHooks$1
instanceKlass java/lang/ApplicationShutdownHooks
instanceKlass java/util/logging/LogManager$LogNode
instanceKlass java/util/logging/LogManager$LoggerContext
instanceKlass java/util/logging/LogManager$1
instanceKlass java/util/logging/LogManager
instanceKlass java/util/concurrent/locks/AbstractQueuedSynchronizer$Node
instanceKlass java/util/concurrent/locks/AbstractOwnableSynchronizer
instanceKlass java/util/concurrent/CopyOnWriteArrayList
instanceKlass java/util/logging/Logger$LoggerBundle
instanceKlass java/util/logging/Level$KnownLevel
instanceKlass java/util/logging/Level
instanceKlass java/util/logging/Handler
instanceKlass java/util/logging/Logger
instanceKlass java/util/LinkedList$Node
instanceKlass org/glassfish/appclient/client/acc/agent/AppClientContainerAgent
instanceKlass java/io/FilePermission$1
instanceKlass sun/net/www/MessageHeader
instanceKlass java/net/URLConnection
instanceKlass java/security/PermissionCollection
instanceKlass java/util/zip/CRC32
instanceKlass java/util/zip/Checksum
instanceKlass sun/nio/ByteBuffered
instanceKlass java/lang/Package
instanceKlass sun/security/util/ManifestEntryVerifier
instanceKlass sun/misc/Resource
instanceKlass sun/misc/ASCIICaseInsensitiveComparator
instanceKlass java/util/jar/Attributes$Name
instanceKlass java/util/jar/Attributes
instanceKlass java/util/jar/JarVerifier$3
instanceKlass java/security/CodeSigner
instanceKlass java/util/jar/JarVerifier
instanceKlass sun/misc/IOUtils
instanceKlass sun/security/action/GetIntegerAction
instanceKlass sun/security/util/SignatureFileVerifier
instanceKlass java/util/zip/ZStreamRef
instanceKlass java/util/zip/Inflater
instanceKlass java/util/zip/ZipEntry
instanceKlass sun/misc/ExtensionDependency
instanceKlass sun/misc/JarIndex
instanceKlass sun/nio/ch/DirectBuffer
instanceKlass sun/misc/PerfCounter$CoreCounters
instanceKlass sun/misc/Perf
instanceKlass sun/misc/Perf$GetPerfAction
instanceKlass sun/misc/PerfCounter
instanceKlass java/util/zip/ZipCoder
instanceKlass java/util/Deque
instanceKlass java/util/Queue
instanceKlass java/nio/charset/StandardCharsets
instanceKlass java/util/jar/JavaUtilJarAccessImpl
instanceKlass sun/misc/JavaUtilJarAccess
instanceKlass sun/misc/FileURLMapper
instanceKlass sun/misc/URLClassPath$JarLoader$1
instanceKlass sun/nio/cs/ThreadLocalCoders$Cache
instanceKlass sun/nio/cs/ThreadLocalCoders
instanceKlass java/util/zip/ZipFile$1
instanceKlass sun/misc/JavaUtilZipFileAccess
instanceKlass java/util/zip/ZipFile
instanceKlass java/util/zip/ZipConstants
instanceKlass sun/misc/URLClassPath$Loader
instanceKlass sun/misc/URLClassPath$3
instanceKlass sun/net/util/URLUtil
instanceKlass java/net/URLClassLoader$1
instanceKlass java/lang/SystemClassLoaderAction
instanceKlass sun/misc/Launcher$AppClassLoader$1
instanceKlass sun/misc/URLClassPath
instanceKlass java/security/Principal
instanceKlass java/security/ProtectionDomain$Key
instanceKlass java/security/ProtectionDomain$2
instanceKlass sun/misc/JavaSecurityProtectionDomainAccess
instanceKlass java/security/ProtectionDomain$JavaSecurityAccessImpl
instanceKlass sun/misc/JavaSecurityAccess
instanceKlass sun/net/util/IPAddressUtil
instanceKlass java/net/URLStreamHandler
instanceKlass java/net/Parts
instanceKlass java/util/BitSet
instanceKlass sun/net/www/ParseUtil
instanceKlass java/io/FileInputStream$1
instanceKlass java/lang/CharacterData
instanceKlass sun/util/locale/LocaleUtils
instanceKlass java/util/Locale$LocaleKey
instanceKlass sun/util/locale/BaseLocale$Key
instanceKlass sun/util/locale/BaseLocale
instanceKlass java/util/concurrent/ConcurrentHashMap$CollectionView
instanceKlass java/util/concurrent/ConcurrentHashMap$CounterCell
instanceKlass java/util/concurrent/ConcurrentHashMap$Node
instanceKlass java/util/concurrent/locks/ReentrantLock
instanceKlass java/util/concurrent/locks/Lock
instanceKlass java/util/concurrent/ConcurrentMap
instanceKlass sun/util/locale/LocaleObjectCache
instanceKlass java/util/Locale
instanceKlass java/lang/reflect/Array
instanceKlass java/nio/charset/CoderResult$Cache
instanceKlass java/nio/charset/CoderResult
instanceKlass java/io/Reader
instanceKlass java/lang/Readable
instanceKlass sun/misc/MetaIndex
instanceKlass java/util/StringTokenizer
instanceKlass sun/misc/Launcher$ExtClassLoader$1
instanceKlass java/net/URLClassLoader$7
instanceKlass sun/misc/JavaNetAccess
instanceKlass java/lang/ClassLoader$ParallelLoaders
instanceKlass sun/security/util/Debug
instanceKlass sun/misc/Launcher$Factory
instanceKlass java/net/URLStreamHandlerFactory
instanceKlass java/lang/Compiler$1
instanceKlass java/lang/Compiler
instanceKlass java/lang/System$2
instanceKlass sun/misc/JavaLangAccess
instanceKlass sun/io/Win32ErrorMode
instanceKlass sun/misc/OSEnvironment
instanceKlass java/lang/Integer$IntegerCache
instanceKlass sun/misc/NativeSignalHandler
instanceKlass sun/misc/Signal
instanceKlass java/lang/Terminator$1
instanceKlass sun/misc/SignalHandler
instanceKlass java/lang/Terminator
instanceKlass java/io/ExpiringCache$Entry
instanceKlass java/lang/ClassLoaderHelper
instanceKlass java/lang/ClassLoader$NativeLibrary
instanceKlass java/lang/ClassLoader$3
instanceKlass java/lang/StringCoding$StringEncoder
instanceKlass java/nio/file/Path
instanceKlass java/nio/file/Watchable
instanceKlass java/lang/Enum
instanceKlass java/io/ExpiringCache
instanceKlass java/io/FileSystem
instanceKlass java/io/DefaultFileSystem
instanceKlass java/nio/Bits$1
instanceKlass sun/misc/JavaNioAccess
instanceKlass java/nio/ByteOrder
instanceKlass java/nio/Bits
instanceKlass java/nio/charset/CharsetEncoder
instanceKlass sun/nio/cs/ArrayEncoder
instanceKlass sun/security/action/GetPropertyAction
instanceKlass java/io/Writer
instanceKlass sun/reflect/misc/ReflectUtil
instanceKlass java/util/concurrent/atomic/AtomicReferenceFieldUpdater$AtomicReferenceFieldUpdaterImpl$1
instanceKlass java/security/PrivilegedExceptionAction
instanceKlass java/util/concurrent/atomic/AtomicReferenceFieldUpdater
instanceKlass java/io/OutputStream
instanceKlass java/io/Flushable
instanceKlass java/io/FileDescriptor$1
instanceKlass sun/misc/JavaIOFileDescriptorAccess
instanceKlass java/io/FileDescriptor
instanceKlass sun/misc/Version
instanceKlass java/lang/Runtime
instanceKlass java/util/Hashtable$Enumerator
instanceKlass java/util/Iterator
instanceKlass java/util/Enumeration
instanceKlass java/util/Objects
instanceKlass java/util/Collections$SynchronizedCollection
instanceKlass java/nio/charset/CodingErrorAction
instanceKlass java/nio/charset/CharsetDecoder
instanceKlass sun/nio/cs/ArrayDecoder
instanceKlass java/lang/StringCoding$StringDecoder
instanceKlass java/lang/ThreadLocal$ThreadLocalMap
instanceKlass java/lang/StringCoding
instanceKlass sun/reflect/ReflectionFactory$1
instanceKlass java/lang/Class$1
instanceKlass sun/nio/cs/SingleByte
instanceKlass sun/nio/cs/HistoricallyNamedCharset
instanceKlass java/util/Arrays
instanceKlass java/lang/reflect/ReflectAccess
instanceKlass sun/reflect/LangReflectAccess
instanceKlass java/lang/reflect/Modifier
instanceKlass sun/reflect/annotation/AnnotationType
instanceKlass java/lang/Class$AnnotationData
instanceKlass sun/reflect/generics/repository/AbstractRepository
instanceKlass java/lang/Class$Atomic
instanceKlass java/lang/Class$ReflectionData
instanceKlass java/lang/Class$3
instanceKlass java/lang/ThreadLocal
instanceKlass java/nio/charset/spi/CharsetProvider
instanceKlass java/nio/charset/Charset
instanceKlass java/lang/Math
instanceKlass java/util/Hashtable$Entry
instanceKlass sun/misc/VM
instanceKlass java/util/HashMap$Node
instanceKlass java/util/Map$Entry
instanceKlass sun/reflect/Reflection
instanceKlass sun/misc/SharedSecrets
instanceKlass java/lang/ref/Reference$1
instanceKlass sun/misc/JavaLangRefAccess
instanceKlass java/lang/ref/ReferenceQueue$Lock
instanceKlass java/util/Collections$UnmodifiableCollection
instanceKlass java/util/AbstractMap
instanceKlass java/util/Set
instanceKlass java/util/Collections
instanceKlass java/lang/ref/Reference$Lock
instanceKlass sun/reflect/ReflectionFactory
instanceKlass java/util/AbstractCollection
instanceKlass java/util/RandomAccess
instanceKlass java/util/List
instanceKlass java/util/Collection
instanceKlass java/lang/Iterable
instanceKlass java/security/cert/Certificate
instanceKlass sun/reflect/ReflectionFactory$GetReflectionFactoryAction
instanceKlass java/security/PrivilegedAction
instanceKlass java/security/AccessController
instanceKlass java/security/Permission
instanceKlass java/security/Guard
instanceKlass java/lang/String$CaseInsensitiveComparator
instanceKlass java/util/Comparator
instanceKlass java/io/ObjectStreamField
instanceKlass java/lang/Number
instanceKlass java/lang/Character
instanceKlass java/lang/Boolean
instanceKlass java/nio/Buffer
instanceKlass java/lang/StackTraceElement
instanceKlass java/security/CodeSource
instanceKlass sun/misc/Launcher
instanceKlass java/util/jar/Manifest
instanceKlass java/net/URL
instanceKlass java/io/File
instanceKlass java/io/InputStream
instanceKlass java/io/Closeable
instanceKlass java/lang/AutoCloseable
instanceKlass sun/misc/Unsafe
instanceKlass java/lang/AbstractStringBuilder
instanceKlass java/lang/Appendable
instanceKlass java/lang/invoke/CallSite
instanceKlass java/lang/invoke/MethodType
instanceKlass java/lang/invoke/LambdaForm
instanceKlass java/lang/invoke/MethodHandleNatives
instanceKlass java/lang/invoke/MemberName
instanceKlass java/lang/invoke/MethodHandle
instanceKlass sun/reflect/CallerSensitive
instanceKlass java/lang/annotation/Annotation
instanceKlass sun/reflect/FieldAccessor
instanceKlass sun/reflect/ConstantPool
instanceKlass sun/reflect/ConstructorAccessor
instanceKlass sun/reflect/MethodAccessor
instanceKlass sun/reflect/MagicAccessorImpl
instanceKlass java/lang/reflect/Parameter
instanceKlass java/lang/reflect/Member
instanceKlass java/lang/reflect/AccessibleObject
instanceKlass java/util/Dictionary
instanceKlass java/util/Map
instanceKlass java/lang/ThreadGroup
instanceKlass java/lang/Thread$UncaughtExceptionHandler
instanceKlass java/lang/Thread
instanceKlass java/lang/Runnable
instanceKlass java/lang/ref/ReferenceQueue
instanceKlass java/lang/ref/Reference
instanceKlass java/security/AccessControlContext
instanceKlass java/security/ProtectionDomain
instanceKlass java/lang/SecurityManager
instanceKlass java/lang/Throwable
instanceKlass java/lang/System
instanceKlass java/lang/ClassLoader
instanceKlass java/lang/Cloneable
instanceKlass java/lang/Class
instanceKlass java/lang/reflect/Type
instanceKlass java/lang/reflect/GenericDeclaration
instanceKlass java/lang/reflect/AnnotatedElement
instanceKlass java/lang/String
instanceKlass java/lang/CharSequence
instanceKlass java/lang/Comparable
instanceKlass java/io/Serializable
ciInstanceKlass java/lang/Object 1 1 78 3 8 8 8 1 1 1 1 1 1 1 1 1 1 1 1 1 1 1 1 1 1 1 1 1 1 1 1 1 1 1 1 1 1 1 1 1 1 1 1 1 1 1 1 1 7 7 100 7 7 7 7 7 1 1 1 12 12 12 12 12 12 12 12 12 12 10 10 10 10 10 10 10 10 10 10 1
ciInstanceKlass java/io/Serializable 1 1 7 1 1 1 100 100 1
ciInstanceKlass java/lang/String 1 1 542 3 3 3 3 8 8 8 8 8 8 8 8 8 8 1 1 1 1 1 1 1 1 1 1 1 1 1 1 1 1 1 1 1 1 1 1 1 1 1 1 1 1 1 1 1 1 1 1 1 1 1 1 1 1 1 1 1 1 1 1 1 1 1 1 1 1 1 1 1 1 1 1 1 1 1 1 1 1 1 1 1 1 1 1 1 1 1 1 1 1 1 1 1 1 1 1 1 1 1 1 1 1 1 1 1 1 1 1 1 1 1 1 1 1 1 1 1 1 1 1 1 1 1 1 1 1 1 1 1 1 1 1 1 1 1 1 1 1 1 1 1 1 1 1 1 1 1 1 1 1 1 1 1 1 1 1 1 1 1 1 1 1 1 1 1 1 1 1 1 1 1 1 1 1 1 1 1 1 1 1 1 1 1 1 1 1 1 1 1 1 1 1 1 1 1 1 1 1 1 1 1 1 1 1 1 1 1 1 1 1 1 1 1 5 0 100 100 100 100 7 7 100 100 100 7 7 100 100 7 100 100 100 7 100 7 7 100 7 7 100 7 100 7 7 100 7 100 100 7 7 7 7 100 7 7 100 100 7 7 1 1 1 1 1 1 1 1 1 1 1 1 1 1 1 1 1 1 1 1 1 1 1 1 1 1 1 1 1 1 1 1 1 1 1 1 1 1 1 1 1 1 1 1 1 1 1 1 1 1 1 1 1 1 1 1 1 1 1 1 1 12 12 12 12 12 12 12 12 12 12 12 12 12 12 12 12 12 12 12 12 12 12 12 12 12 12 12 12 12 12 12 12 12 12 12 12 12 12 12 12 12 12 12 12 12 12 12 12 12 12 12 12 12 12 12 12 12 12 12 12 12 12 12 12 12 12 12 12 12 12 12 12 12 12 12 12 12 12 12 12 12 12 12 12 12 12 12 12 12 12 12 12 12 12 12 12 12 12 12 12 12 12 9 9 9 9 10 10 10 10 10 10 10 10 10 10 10 10 10 10 10 10 10 10 10 10 10 10 10 10 10 10 10 10 10 10 10 10 10 10 10 10 10 10 10 10 10 10 10 10 10 10 10 10 10 10 10 10 10 10 10 10 10 10 10 10 10 10 10 10 10 10 10 10 10 10 10 10 10 10 10 10 10 10 10 10 10 10 10 10 10 10 10 10 10 10 10 10 10 10 10 10 10 10 10 10 10 10 10 10 10 11 11 11 11 11 11 11 11 1 1
staticfield java/lang/String serialPersistentFields [Ljava/io/ObjectStreamField; 0 [Ljava/io/ObjectStreamField;
staticfield java/lang/String CASE_INSENSITIVE_ORDER Ljava/util/Comparator; java/lang/String$CaseInsensitiveComparator
ciInstanceKlass java/lang/reflect/AnnotatedElement 1 1 148 1 1 1 1 1 1 1 1 1 1 1 1 1 1 1 1 1 1 1 1 1 1 1 1 1 1 1 1 1 1 1 1 1 1 1 1 1 1 1 1 1 1 1 1 1 1 1 1 1 1 1 1 1 100 100 100 100 100 100 100 7 100 100 100 100 100 100 100 100 100 1 1 1 1 1 1 1 1 1 1 1 1 1 1 1 1 1 1 1 1 1 12 12 12 12 12 12 12 12 12 12 12 12 12 12 12 12 12 12 12 12 12 12 10 10 10 10 10 10 10 10 10 10 10 10 11 11 11 11 11 11 11 15 15 15 15 16 16 16 16 16 16 18 18 18 1 1
ciInstanceKlass java/lang/reflect/GenericDeclaration 1 0 30 1 1 1 1 1 1 100 100 100 1 1 1 1 100 1 8 1 1 12 10 1 1 1 8 1 1 1 8 1
ciInstanceKlass java/lang/reflect/Type 1 1 14 1 1 1 1 1 1 1 1 100 100 12 10 1
ciInstanceKlass java/lang/Class 1 1 1183 8 8 8 8 8 8 8 8 8 8 8 8 8 8 8 8 8 8 8 7 1 1 1 1 1 1 1 1 1 1 1 1 1 1 1 1 1 1 1 1 1 1 1 1 1 1 1 1 1 1 1 1 1 1 1 1 1 1 1 1 1 1 1 1 1 1 1 1 1 1 1 1 1 1 1 1 1 1 1 1 1 1 1 1 1 1 1 1 1 1 1 1 1 1 1 1 1 1 1 1 1 1 1 1 1 1 1 1 1 1 1 1 1 1 1 1 1 1 1 1 1 1 1 1 1 1 1 1 1 1 1 1 1 1 1 1 1 1 1 1 1 1 1 1 1 1 1 1 1 1 1 1 1 1 1 1 1 1 1 1 1 1 1 1 1 1 1 1 1 1 1 1 1 1 1 1 1 1 1 1 1 1 1 1 1 1 1 1 1 1 1 1 1 1 1 1 1 1 1 1 1 1 1 1 1 1 1 1 1 1 1 1 1 1 1 1 1 1 1 1 1 1 1 1 1 1 1 1 1 1 1 1 1 1 1 1 1 1 1 1 1 1 1 1 1 1 1 1 1 1 1 1 1 1 1 1 1 1 1 1 1 1 1 1 1 1 1 1 1 1 1 1 1 1 1 1 1 1 1 1 1 1 1 1 1 1 1 1 1 1 1 1 1 1 1 1 1 1 1 1 1 1 1 1 1 1 1 1 1 1 1 1 1 1 1 1 1 1 1 1 1 1 1 1 1 1 1 1 1 1 1 1 1 1 1 1 1 1 1 1 1 1 1 1 1 1 1 1 1 1 1 1 1 1 1 1 1 1 1 1 1 1 1 1 1 1 1 1 1 1 1 1 1 1 1 1 1 1 1 1 1 1 1 1 1 1 1 1 1 1 1 1 1 1 1 1 1 1 1 1 1 1 1 1 1 1 1 1 1 1 1 1 1 1 1 1 1 1 1 1 1 1 3 3 3 5 0 8 8 8 8 7 7 7 100 100 100 7 7 100 7 100 7 7 7 7 7 7 7 7 100 7 7 100 100 7 7 100 100 7 100 7 7 7 7 7 100 7 100 7 7 7 100 100 7 7 100 100 7 7 100 7 100 7 7 100 100 7 7 100 7 100 7 7 7 7 7 7 7 7 7 100 100 7 7 7 7 100 7 7 7 7 100 100 7 100 100 1 1 1 1 1 1 1 1 1 1 1 1 1 1 1 1 1 1 1 1 1 1 1 1 1 1 1 1 1 1 1 1 1 1 1 1 1 1 1 1 1 1 1 1 1 1 1 1 1 1 1 1 1 1 1 1 1 1 1 1 1 1 1 1 1 1 1 1 1 1 1 1 1 1 1 1 1 1 1 1 1 1 1 1 1 1 1 1 1 1 1 1 1 1 1 1 1 1 1 1 1 1 1 1 1 1 1 1 1 1 1 1 1 1 1 1 1 1 1 1 1 1 1 1 1 1 1 1 1 1 1 1 1 1 1 1 1 1 1 1 1 1 1 1 1 1 1 1 1 1 1 1 1 1 1 1 1 1 1 1 1 1 1 1 12 12 12 12 12 12 12 12 12 12 12 12 12 12 12 12 12 12 12 12 12 12 12 12 12 12 12 12 12 12 12 12 12 12 12 12 12 12 12 12 12 12 12 12 12 12 12 12 12 12 12 12 12 12 12 12 12 12 12 12 12 12 12 12 12 12 12 12 12 12 12 12 12 12 12 12 12 12 12 12 12 12 12 12 12 12 12 12 12 12 12 12 12 12 12 12 12 12 12 12 12 12 12 12 12 12 12 12 12 12 12 12 12 12 12 12 12 12 12 12 12 12 12 12 12 12 12 12 12 12 12 12 12 12 12 12 12 12 12 12 12 12 12 12 12 12 12 12 12 12 12 12 12 12 12 12 12 12 12 12 12 12 12 12 12 12 12 12 12 12 12 12 12 12 12 12 12 12 12 12 12 12 12 12 12 12 12 12 12 12 12 12 12 12 12 12 12 12 12 12 12 12 12 12 12 12 12 12 12 12 12 12 12 12 12 12 12 12 12 12 12 12 12 12 12 12 12 12 12 12 9 9 9 9 9 9 9 9 9 9 9 9 9 9 9 9 9 9 9 9 9 9 9 9 9 9 9 9 9 9 9 9 9 9 9 10 10 10 10 10 10 10 10 10 10 10 10 10 10 10 10 10 10 10 10 10 10 10 10 10 10 10 10 10 10 10 10 10 10 10 10 10 10 10 10 10 10 10 10 10 10 10 10 10 10 10 10 10 10 10 10 10 10 10 10 10 10 10 10 10 10 10 10 10 10 10 10 10 10 10 10 10 10 10 10 10 10 10 10 10 10 10 10 10 10 10 10 10 10 10 10 10 10 10 10 10 10 10 10 10 10 10 10 10 10 10 10 10 10 10 10 10 10 10 10 10 10 10 10 10 10 10 10 10 10 10 10 10 10 10 10 10 10 10 10 10 10 10 10 10 10 10 10 10 10 10 10 10 10 10 10 10 10 10 10 10 10 10 10 10 10 10 10 10 10 10 10 10 10 10 10 10 10 10 10 10 10 10 10 10 10 10 10 10 10 10 10 10 10 10 10 10 10 10 10 10 10 10 10 10 10 10 10 10 11 11 11 11 11 11 11 11 11 11 11 11 11 11 11 11 11 11 1 1 1 1 1 1 1 1 1
staticfield java/lang/Class serialPersistentFields [Ljava/io/ObjectStreamField; 0 [Ljava/io/ObjectStreamField;
ciInstanceKlass java/lang/Cloneable 1 0 7 1 1 1 100 100 1
instanceKlass org/eclipse/persistence/dynamic/DynamicClassLoader
instanceKlass java/util/ResourceBundle$RBClassLoader
instanceKlass com/sun/enterprise/v3/server/APIClassLoaderServiceImpl$APIClassLoader
instanceKlass org/glassfish/internal/api/DelegatingClassLoader
instanceKlass sun/reflect/DelegatingClassLoader
instanceKlass java/security/SecureClassLoader
ciInstanceKlass java/lang/ClassLoader 1 1 832 8 8 8 8 8 8 8 8 8 8 8 8 8 8 8 8 8 8 7 1 1 1 1 1 1 1 1 1 1 1 1 1 1 1 1 1 1 1 1 1 1 1 1 1 1 1 1 1 1 1 1 1 1 1 1 1 1 1 1 1 1 1 1 1 1 1 1 1 1 1 1 1 1 1 1 1 1 1 1 1 1 1 1 1 1 1 1 1 1 1 1 1 1 1 1 1 1 1 1 1 1 1 1 1 1 1 1 1 1 1 1 1 1 1 1 1 1 1 1 1 1 1 1 1 1 1 1 1 1 1 1 1 1 1 1 1 1 1 1 1 1 1 1 1 1 1 1 1 1 1 1 1 1 1 1 1 1 1 1 1 1 1 1 1 1 1 1 1 1 1 1 1 1 1 1 1 1 1 1 1 1 1 1 1 1 1 1 1 1 1 1 1 1 1 1 1 1 1 1 1 1 1 1 1 1 1 1 1 1 1 1 1 1 1 1 1 1 1 1 1 1 1 1 1 1 1 1 1 1 1 1 1 1 1 1 1 1 1 1 1 1 1 1 1 1 1 1 1 1 1 1 1 1 1 1 1 1 1 1 1 1 1 1 1 1 1 1 1 1 1 1 1 1 1 1 1 1 1 1 1 1 1 1 1 1 1 1 1 1 1 1 1 1 1 1 100 100 100 7 7 7 7 100 100 100 7 7 100 7 7 7 7 100 7 100 7 100 100 7 7 100 100 7 100 7 7 100 100 100 100 7 100 100 7 7 100 7 7 100 100 7 7 7 7 7 7 7 7 7 7 7 7 7 7 100 100 1 1 1 1 1 1 1 1 1 1 1 1 1 1 1 1 1 1 1 1 1 1 1 1 1 1 1 1 1 1 1 1 1 1 1 1 1 1 1 1 1 1 1 1 1 1 1 1 1 1 1 1 1 1 1 1 1 1 1 1 1 1 1 1 1 1 1 1 1 1 1 1 1 1 1 1 1 1 1 1 1 1 1 1 1 1 1 1 1 1 1 1 1 1 1 1 1 1 1 1 1 1 1 1 1 1 1 1 1 1 1 1 12 12 12 12 12 12 12 12 12 12 12 12 12 12 12 12 12 12 12 12 12 12 12 12 12 12 12 12 12 12 12 12 12 12 12 12 12 12 12 12 12 12 12 12 12 12 12 12 12 12 12 12 12 12 12 12 12 12 12 12 12 12 12 12 12 12 12 12 12 12 12 12 12 12 12 12 12 12 12 12 12 12 12 12 12 12 12 12 12 12 12 12 12 12 12 12 12 12 12 12 12 12 12 12 12 12 12 12 12 12 12 12 12 12 12 12 12 12 12 12 12 12 12 12 12 12 12 12 12 12 12 12 12 12 12 12 12 12 12 12 12 12 12 12 12 12 12 12 12 12 12 12 12 12 12 12 12 12 12 12 12 12 12 12 12 12 12 12 9 9 9 9 9 9 9 9 9 9 9 9 9 9 9 9 9 9 9 9 9 9 9 9 9 9 9 9 10 10 10 10 10 10 10 10 10 10 10 10 10 10 10 10 10 10 10 10 10 10 10 10 10 10 10 10 10 10 10 10 10 10 10 10 10 10 10 10 10 10 10 10 10 10 10 10 10 10 10 10 10 10 10 10 10 10 10 10 10 10 10 10 10 10 10 10 10 10 10 10 10 10 10 10 10 10 10 10 10 10 10 10 10 10 10 10 10 10 10 10 10 10 10 10 10 10 10 10 10 10 10 10 10 10 10 10 10 10 10 10 10 10 10 10 10 10 10 10 10 10 10 10 10 10 10 10 10 10 10 10 10 10 10 10 10 10 10 10 10 10 10 10 10 10 10 10 10 10 10 10 10 10 10 10 10 10 10 10 11 11 11 11 11 1 1
staticfield java/lang/ClassLoader nocerts [Ljava/security/cert/Certificate; 0 [Ljava/security/cert/Certificate;
ciInstanceKlass java/lang/System 1 1 369 8 8 8 8 8 8 8 8 8 8 8 8 8 7 1 1 1 1 1 1 1 1 1 1 1 1 1 1 1 1 1 1 1 1 1 1 1 1 1 1 1 1 1 1 1 1 1 1 1 1 1 1 1 1 1 1 1 1 1 1 1 1 1 1 1 1 1 1 1 1 1 1 1 1 1 1 1 1 1 1 1 1 1 1 1 1 1 1 1 1 1 1 1 1 1 1 1 1 1 1 1 1 1 1 1 1 1 1 1 1 1 1 1 1 1 1 1 1 1 1 1 1 1 1 1 1 1 1 1 1 1 1 1 1 1 1 1 1 1 1 1 1 1 1 1 1 1 1 1 1 1 7 7 7 7 7 100 7 100 100 100 100 100 100 7 7 100 100 7 100 100 7 7 7 7 100 100 100 7 100 100 7 7 7 7 1 1 1 1 1 1 1 1 1 1 1 1 1 1 1 1 1 1 1 1 1 1 1 1 1 1 1 1 1 1 1 1 1 1 1 1 1 1 1 1 12 12 12 12 12 12 12 12 12 12 12 12 12 12 12 12 12 12 12 12 12 12 12 12 12 12 12 12 12 12 12 12 12 12 12 12 12 12 12 12 12 12 12 12 12 12 12 12 12 12 12 12 12 12 12 12 12 12 12 12 12 12 12 12 12 12 12 12 9 9 9 9 9 9 9 9 9 9 10 10 10 10 10 10 10 10 10 10 10 10 10 10 10 10 10 10 10 10 10 10 10 10 10 10 10 10 10 10 10 10 10 10 10 10 10 10 10 10 10 10 10 10 10 10 10 10 10 10 10 10 10 10 10 10 10 10 10 10 10 10 10 11 1
staticfield java/lang/System in Ljava/io/InputStream; java/io/BufferedInputStream
staticfield java/lang/System out Ljava/io/PrintStream; java/io/PrintStream
staticfield java/lang/System err Ljava/io/PrintStream; java/io/PrintStream
instanceKlass org/glassfish/appclient/client/acc/UserError
instanceKlass org/glassfish/appclient/client/acc/UserError
instanceKlass java/lang/Exception
instanceKlass java/lang/Error
ciInstanceKlass java/lang/Throwable 1 1 353 8 8 8 8 8 8 8 8 8 8 8 8 8 8 8 8 8 8 8 7 1 1 1 1 1 1 1 1 1 1 1 1 1 1 1 1 1 1 1 1 1 1 1 1 1 1 1 1 1 1 1 1 1 1 1 1 1 1 1 1 1 1 1 1 1 1 1 1 1 1 1 1 1 1 1 1 1 1 1 1 1 1 1 1 1 1 1 1 1 1 1 1 1 1 1 1 1 1 1 1 1 1 1 1 1 1 1 1 1 1 1 1 1 1 1 1 1 1 1 1 1 1 1 1 1 1 1 1 1 1 1 1 1 1 1 1 1 1 1 1 1 1 1 1 1 1 1 1 1 1 1 1 1 1 1 1 1 1 5 0 7 100 7 100 100 100 100 100 7 100 7 100 100 100 100 7 100 7 100 7 100 100 100 100 100 100 100 7 7 100 100 100 100 100 1 1 1 1 1 1 1 1 1 1 1 1 1 1 1 1 1 1 1 1 1 1 1 1 1 1 1 1 1 1 1 12 12 12 12 12 12 12 12 12 12 12 12 12 12 12 12 12 12 12 12 12 12 12 12 12 12 12 12 12 12 12 12 12 12 12 12 12 12 12 12 12 12 12 12 12 12 12 12 12 12 12 12 12 12 12 12 12 9 9 9 9 9 9 9 9 9 9 9 9 10 10 10 10 10 10 10 10 10 10 10 10 10 10 10 10 10 10 10 10 10 10 10 10 10 10 10 10 10 10 10 10 10 10 10 10 10 10 10 10 10 10 10 10 10 11 11 11 11 11 11 11 11 1 1 1 1 1
staticfield java/lang/Throwable UNASSIGNED_STACK [Ljava/lang/StackTraceElement; 0 [Ljava/lang/StackTraceElement;
staticfield java/lang/Throwable SUPPRESSED_SENTINEL Ljava/util/List; java/util/Collections$UnmodifiableRandomAccessList
staticfield java/lang/Throwable EMPTY_THROWABLE_ARRAY [Ljava/lang/Throwable; 0 [Ljava/lang/Throwable;
staticfield java/lang/Throwable $assertionsDisabled Z 1
instanceKlass com/sun/corba/ee/impl/io/TypeMismatchException
instanceKlass java/util/ServiceConfigurationError
instanceKlass javax/xml/parsers/FactoryConfigurationError
instanceKlass java/lang/AssertionError
instanceKlass java/lang/VirtualMachineError
instanceKlass java/lang/LinkageError
instanceKlass java/lang/ThreadDeath
ciInstanceKlass java/lang/Error 1 1 30 1 1 1 1 1 1 1 1 1 1 1 1 5 0 100 7 1 1 12 12 12 12 12 10 10 10 10 10 1
ciInstanceKlass java/lang/ThreadDeath 0 0 18 1 1 1 1 1 1 1 1 1 1 5 0 100 100 12 10 1
instanceKlass com/sun/corba/ee/impl/presentation/rmi/IDLTypeException
instanceKlass com/sun/enterprise/iiop/security/SecurityMechanismException
instanceKlass com/sun/enterprise/iiop/security/InvalidIdentityTokenException
instanceKlass com/sun/enterprise/iiop/security/InvalidMechanismException
instanceKlass com/sun/corba/ee/impl/threadpool/WorkerThreadNotNeededException
instanceKlass javax/management/InvalidApplicationException
instanceKlass javax/management/BadAttributeValueExpException
instanceKlass javax/management/BadBinaryOpValueExpException
instanceKlass javax/management/BadStringOperationException
instanceKlass com/sun/corba/ee/spi/legacy/connection/GetEndPointInfoAgainException
instanceKlass com/sun/corba/ee/spi/threadpool/NoSuchWorkQueueException
instanceKlass com/sun/corba/ee/spi/threadpool/NoSuchThreadPoolException
instanceKlass org/omg/CORBA/portable/ApplicationException
instanceKlass com/sun/corba/ee/spi/oa/OADestroyed
instanceKlass java/util/TooManyListenersException
instanceKlass java/awt/datatransfer/MimeTypeParseException
instanceKlass java/awt/datatransfer/UnsupportedFlavorException
instanceKlass java/awt/FontFormatException
instanceKlass java/awt/geom/NoninvertibleTransformException
instanceKlass java/awt/AWTException
instanceKlass java/text/ParseException
instanceKlass org/omg/CORBA/portable/RemarshalException
instanceKlass org/glassfish/hk2/runlevel/internal/WouldBlockException
instanceKlass org/glassfish/hk2/runlevel/internal/WasCancelledException
instanceKlass org/glassfish/apf/AnnotationProcessorException
instanceKlass javax/security/auth/callback/UnsupportedCallbackException
instanceKlass org/apache/derby/client/am/SqlException
instanceKlass javax/management/JMException
instanceKlass javax/xml/xpath/XPathException
instanceKlass java/util/concurrent/TimeoutException
instanceKlass java/sql/SQLException
instanceKlass com/sun/corba/ee/spi/legacy/interceptor/UnknownType
instanceKlass sun/security/ec/ECOperations$IntermediateValueException
instanceKlass java/security/GeneralSecurityException
instanceKlass com/sun/appserv/connectors/internal/api/PoolingException
instanceKlass javax/transaction/HeuristicRollbackException
instanceKlass javax/transaction/HeuristicMixedException
instanceKlass javax/resource/ResourceException
instanceKlass javax/transaction/RollbackException
instanceKlass javax/transaction/xa/XAException
instanceKlass javax/transaction/SystemException
instanceKlass javax/transaction/NotSupportedException
instanceKlass com/sun/enterprise/container/common/spi/util/InjectionException
instanceKlass javax/naming/NamingException
instanceKlass org/omg/CORBA/UserException
instanceKlass com/sun/appserv/connectors/internal/api/ConnectorRuntimeException
instanceKlass org/glassfish/hk2/api/HK2Exception
instanceKlass java/util/concurrent/ExecutionException
instanceKlass javax/xml/stream/XMLStreamException
instanceKlass java/lang/CloneNotSupportedException
instanceKlass com/sun/xml/bind/v2/model/impl/ClassInfoImpl$ConflictException
instanceKlass com/sun/xml/bind/v2/model/impl/ClassInfoImpl$DuplicateException
instanceKlass javax/activation/MimeTypeParseException
instanceKlass com/sun/xml/bind/api/AccessorException
instanceKlass javax/xml/transform/TransformerException
instanceKlass javax/xml/parsers/ParserConfigurationException
instanceKlass javax/xml/bind/JAXBException
instanceKlass org/xml/sax/SAXException
instanceKlass java/lang/instrument/IllegalClassFormatException
instanceKlass java/security/PrivilegedActionException
instanceKlass java/io/IOException
instanceKlass java/net/URISyntaxException
instanceKlass java/lang/InterruptedException
instanceKlass java/lang/ReflectiveOperationException
instanceKlass java/lang/RuntimeException
ciInstanceKlass java/lang/Exception 1 1 30 1 1 1 1 1 1 1 1 1 1 1 1 5 0 100 7 1 1 12 12 12 12 12 10 10 10 10 10 1
instanceKlass com/sun/corba/ee/impl/protocol/RequestCanceledException
instanceKlass com/sun/corba/ee/spi/protocol/ForwardException
instanceKlass org/glassfish/pfl/dynamic/copyobject/spi/ReflectiveCopyException
instanceKlass com/sun/corba/ee/impl/protocol/AddressingDispositionException
instanceKlass java/awt/color/ProfileDataException
instanceKlass javax/management/JMRuntimeException
instanceKlass java/time/DateTimeException
instanceKlass java/lang/TypeNotPresentException
instanceKlass org/glassfish/gmbal/GmbalException
instanceKlass org/glassfish/hk2/runlevel/CurrentlyRunningException
instanceKlass org/glassfish/deployment/versioning/VersioningException
instanceKlass com/sun/org/apache/xerces/internal/xni/XNIException
instanceKlass com/mysql/cj/exceptions/CJException
instanceKlass javax/el/ELException
instanceKlass org/eclipse/persistence/jpa/jpql/Assert$AssertException
instanceKlass java/lang/IndexOutOfBoundsException
instanceKlass org/eclipse/persistence/internal/jpa/deployment/xml/parser/XMLException
instanceKlass org/eclipse/persistence/exceptions/EclipseLinkException
instanceKlass javax/persistence/PersistenceException
instanceKlass javax/validation/ValidationException
instanceKlass org/glassfish/deployment/common/DeploymentException
instanceKlass java/security/ProviderException
instanceKlass java/lang/invoke/WrongMethodTypeException
instanceKlass org/omg/CORBA/SystemException
instanceKlass org/glassfish/api/invocation/InvocationException
instanceKlass org/glassfish/hk2/utilities/cache/ComputationErrorException
instanceKlass org/glassfish/hk2/api/HK2RuntimeException
instanceKlass java/util/NoSuchElementException
instanceKlass java/lang/reflect/MalformedParameterizedTypeException
instanceKlass java/lang/reflect/UndeclaredThrowableException
instanceKlass java/lang/UnsupportedOperationException
instanceKlass java/lang/SecurityException
instanceKlass java/util/EmptyStackException
instanceKlass java/lang/IllegalStateException
instanceKlass java/util/MissingResourceException
instanceKlass java/lang/IllegalArgumentException
instanceKlass java/lang/ArithmeticException
instanceKlass java/lang/NullPointerException
instanceKlass java/lang/IllegalMonitorStateException
instanceKlass java/lang/ArrayStoreException
instanceKlass java/lang/ClassCastException
ciInstanceKlass java/lang/RuntimeException 1 1 30 1 1 1 1 1 1 1 1 1 1 1 1 5 0 7 100 1 1 12 12 12 12 12 10 10 10 10 10 1
instanceKlass javax/crypto/JceSecurityManager
instanceKlass java/rmi/RMISecurityManager
ciInstanceKlass java/lang/SecurityManager 1 1 375 8 8 8 8 8 8 8 8 8 8 8 8 8 8 8 8 8 8 8 8 8 8 8 8 8 8 8 8 8 8 8 8 8 8 8 8 7 1 1 1 1 1 1 1 1 1 1 1 1 1 1 1 1 1 1 1 1 1 1 1 1 1 1 1 1 1 1 1 1 1 1 1 1 1 1 1 1 1 1 1 1 1 1 1 1 1 1 1 1 1 1 1 1 1 1 1 1 1 1 1 1 1 1 1 1 1 1 1 1 1 1 1 1 1 1 1 1 1 1 1 1 1 1 1 1 1 1 1 1 1 1 1 1 1 1 1 1 1 1 1 1 1 1 1 1 1 1 1 1 1 1 1 1 1 1 1 1 1 1 1 1 1 1 1 1 1 1 1 1 1 1 1 1 1 1 1 1 1 1 1 1 1 1 1 1 1 1 1 1 1 1 1 1 1 1 1 1 1 1 1 1 100 100 100 100 100 100 100 7 100 100 100 100 100 100 7 7 7 100 100 100 100 100 100 100 100 100 100 100 1 1 1 1 1 1 1 1 1 1 1 1 1 1 1 1 1 1 1 1 1 1 1 1 1 1 1 1 1 1 1 12 12 12 12 12 12 12 12 12 12 12 12 12 12 12 12 12 12 12 12 12 12 12 12 12 12 12 12 12 12 12 12 12 12 12 12 12 12 12 12 12 12 12 12 12 12 12 12 12 12 12 9 9 9 9 9 9 9 9 9 9 9 9 9 9 9 9 9 10 10 10 10 10 10 10 10 10 10 10 10 10 10 10 10 10 10 10 10 10 10 10 10 10 10 10 10 10 10 10 10 10 10 10 10 10 10 10 10 10 10 10 10 10 1
staticfield java/lang/SecurityManager packageAccessLock Ljava/lang/Object; java/lang/Object
staticfield java/lang/SecurityManager packageDefinitionLock Ljava/lang/Object; java/lang/Object
ciInstanceKlass java/security/ProtectionDomain 1 1 272 8 8 8 8 8 8 8 8 8 8 1 1 1 1 1 1 1 1 1 1 1 1 1 1 1 1 1 1 1 1 1 1 1 1 1 1 1 1 1 1 1 1 1 1 1 1 1 1 1 1 1 1 1 1 1 1 1 1 1 1 1 1 1 1 1 1 1 1 1 1 1 1 1 1 1 1 1 1 1 1 1 1 1 1 1 1 1 1 1 1 1 1 1 1 1 1 1 1 1 1 1 1 1 1 1 1 1 1 1 100 100 100 7 100 100 100 100 100 100 100 100 100 7 7 100 7 7 100 7 7 7 100 100 100 7 7 100 1 1 1 1 1 1 1 1 1 1 1 1 1 1 1 1 1 1 1 1 1 1 1 1 1 1 1 1 1 12 12 12 12 12 12 12 12 12 12 12 12 12 12 12 12 12 12 12 12 12 12 12 12 12 12 12 12 12 12 12 12 12 12 12 12 12 12 12 12 12 12 12 12 12 12 12 12 9 9 9 9 9 9 9 9 9 9 9 10 10 10 10 10 10 10 10 10 10 10 10 10 10 10 10 10 10 10 10 10 10 10 10 10 10 10 10 10 10 10 10 10 10 10 10 10 11 11 11 11 11 11 11 1 1
staticfield java/security/ProtectionDomain debug Lsun/security/util/Debug; null
ciInstanceKlass java/security/AccessControlContext 1 1 305 8 8 8 8 8 8 8 8 8 8 8 8 8 7 1 1 1 1 1 1 1 1 1 1 1 1 1 1 1 1 1 1 1 1 1 1 1 1 1 1 1 1 1 1 1 1 1 1 1 1 1 1 1 1 1 1 1 1 1 1 1 1 1 1 1 1 1 1 1 1 1 1 1 1 1 1 1 1 1 1 1 1 1 1 1 1 1 1 1 1 1 1 1 1 1 1 1 1 1 1 1 1 1 1 1 1 1 1 1 1 1 1 1 1 1 1 1 1 1 1 1 1 1 100 100 100 100 7 100 100 7 100 100 7 100 7 7 100 100 7 100 7 100 100 100 100 1 1 1 1 1 1 1 1 1 1 1 1 1 1 1 1 1 1 1 1 1 1 1 1 1 1 1 1 1 1 1 1 1 1 12 12 12 12 12 12 12 12 12 12 12 12 12 12 12 12 12 12 12 12 12 12 12 12 12 12 12 12 12 12 12 12 12 12 12 12 12 12 12 12 12 12 12 12 12 12 12 12 12 12 12 12 12 12 12 12 12 12 9 9 9 9 9 9 9 9 9 9 9 9 9 9 10 10 10 10 10 10 10 10 10 10 10 10 10 10 10 10 10 10 10 10 10 10 10 10 10 10 10 10 10 10 10 10 10 10 10 10 10 10 10 10 10 10 10 10 10 11 11 11 11 11 11 1
instanceKlass java/net/URLClassLoader
ciInstanceKlass java/security/SecureClassLoader 1 1 130 8 8 8 8 1 1 1 1 1 1 1 1 1 1 1 1 1 1 1 1 1 1 1 1 1 1 1 1 1 1 1 1 1 1 1 1 1 1 1 1 1 1 1 1 1 1 1 1 1 1 7 100 100 100 100 7 100 7 7 7 7 7 1 1 1 1 1 1 1 1 1 1 1 1 1 1 1 1 1 1 12 12 12 12 12 12 12 12 12 12 12 12 12 12 12 12 12 12 12 12 12 12 12 9 9 9 10 10 10 10 10 10 10 10 10 10 10 10 10 10 10 10 10 10 10 10 10 10 1
staticfield java/security/SecureClassLoader debug Lsun/security/util/Debug; null
instanceKlass java/lang/InstantiationException
instanceKlass java/lang/NoSuchFieldException
instanceKlass java/lang/NoSuchMethodException
instanceKlass java/lang/reflect/InvocationTargetException
instanceKlass java/lang/IllegalAccessException
instanceKlass java/lang/ClassNotFoundException
ciInstanceKlass java/lang/ReflectiveOperationException 1 1 27 1 1 1 1 1 1 1 1 1 1 1 1 5 0 7 100 1 12 12 12 12 10 10 10 10 1
ciInstanceKlass java/lang/ClassNotFoundException 1 1 32 1 1 1 1 1 1 1 1 1 1 1 1 1 1 1 1 5 0 100 7 100 1 1 1 12 12 12 9 10 10 1
instanceKlass java/lang/ClassFormatError
instanceKlass java/lang/UnsatisfiedLinkError
instanceKlass com/sun/enterprise/module/ResolveError
instanceKlass java/lang/ExceptionInInitializerError
instanceKlass java/lang/IncompatibleClassChangeError
instanceKlass java/lang/BootstrapMethodError
instanceKlass java/lang/NoClassDefFoundError
ciInstanceKlass java/lang/LinkageError 1 1 24 1 1 1 1 1 1 1 1 1 1 1 5 0 7 100 1 12 12 12 10 10 10 1
ciInstanceKlass java/lang/NoClassDefFoundError 0 0 21 1 1 1 1 1 1 1 1 1 1 1 5 0 100 100 12 12 10 10 1
ciInstanceKlass java/lang/ClassCastException 1 1 21 1 1 1 1 1 1 1 1 1 1 1 5 0 100 100 12 12 10 10 1
ciInstanceKlass java/lang/ArrayStoreException 1 1 21 1 1 1 1 1 1 1 1 1 1 1 5 0 100 100 12 12 10 10 1
instanceKlass java/lang/InternalError
instanceKlass java/lang/StackOverflowError
instanceKlass java/lang/OutOfMemoryError
ciInstanceKlass java/lang/VirtualMachineError 1 1 27 1 1 1 1 1 1 1 1 1 1 1 1 5 0 7 100 1 12 12 12 12 10 10 10 10 1
ciInstanceKlass java/lang/OutOfMemoryError 1 1 21 1 1 1 1 1 1 1 1 1 1 1 5 0 100 100 12 12 10 10 1
ciInstanceKlass java/lang/StackOverflowError 1 1 21 1 1 1 1 1 1 1 1 1 1 1 5 0 100 100 12 12 10 10 1
ciInstanceKlass java/lang/IllegalMonitorStateException 1 1 21 1 1 1 1 1 1 1 1 1 1 1 5 0 100 100 12 12 10 10 1
instanceKlass java/lang/ref/PhantomReference
instanceKlass java/lang/ref/FinalReference
instanceKlass java/lang/ref/WeakReference
instanceKlass java/lang/ref/SoftReference
ciInstanceKlass java/lang/ref/Reference 1 1 139 8 1 1 1 1 1 1 1 1 1 1 1 1 1 1 1 1 1 1 1 1 1 1 1 1 1 1 1 1 1 1 1 1 1 1 1 1 1 1 1 1 1 1 1 1 1 1 1 1 1 1 1 1 1 1 1 1 1 1 7 100 7 100 7 7 100 7 7 7 7 7 7 7 1 1 1 1 1 1 1 1 1 1 1 1 1 1 1 1 12 12 12 12 12 12 12 12 12 12 12 12 12 12 12 12 12 12 12 12 12 12 9 9 9 9 9 9 9 10 10 10 10 10 10 10 10 10 10 10 10 10 10 10 10 10 1 1 1
instanceKlass org/glassfish/pfl/basic/concurrent/SoftCache$ValueCell
instanceKlass sun/util/locale/provider/LocaleResources$ResourceReference
instanceKlass javax/persistence/spi/PersistenceProviderResolverHolder$DefaultPersistenceProviderResolver$PersistenceProviderReference
instanceKlass java/lang/invoke/LambdaFormEditor$Transform
instanceKlass sun/security/util/MemoryCache$SoftCacheEntry
instanceKlass java/util/ResourceBundle$BundleReference
instanceKlass sun/util/locale/LocaleObjectCache$CacheEntry
ciInstanceKlass java/lang/ref/SoftReference 1 1 35 1 1 1 1 1 1 1 1 1 1 1 1 1 1 1 1 100 7 7 1 1 1 1 12 12 12 12 12 9 9 10 10 10 1
instanceKlass org/glassfish/pfl/basic/concurrent/WeakHashMapSafeReadLock$Entry
instanceKlass com/sun/jmx/mbeanserver/WeakIdentityHashMap$IdentityWeakReference
instanceKlass javax/persistence/spi/PersistenceProviderResolverHolder$DefaultPersistenceProviderResolver$LoaderReference
instanceKlass java/lang/invoke/MethodType$ConcurrentWeakInternSet$WeakEntry
instanceKlass java/lang/ClassValue$Entry
instanceKlass java/lang/reflect/Proxy$Key2
instanceKlass java/lang/reflect/WeakCache$CacheValue
instanceKlass java/lang/reflect/Proxy$Key1
instanceKlass java/lang/reflect/WeakCache$CacheKey
instanceKlass java/util/ResourceBundle$LoaderReference
instanceKlass java/util/logging/LogManager$LoggerWeakRef
instanceKlass java/util/WeakHashMap$Entry
instanceKlass java/lang/ThreadLocal$ThreadLocalMap$Entry
ciInstanceKlass java/lang/ref/WeakReference 1 1 20 1 1 1 1 1 1 1 1 7 100 1 1 1 1 12 12 10 10 1
instanceKlass java/lang/ref/Finalizer
ciInstanceKlass java/lang/ref/FinalReference 1 1 25 8 1 1 1 1 1 1 1 1 1 1 1 1 100 100 7 1 1 1 12 12 10 10 1
instanceKlass com/mysql/cj/jdbc/AbandonedConnectionCleanupThread$ConnectionFinalizerPhantomReference
instanceKlass sun/misc/Cleaner
ciInstanceKlass java/lang/ref/PhantomReference 1 1 19 1 1 1 1 1 1 1 1 1 1 100 7 1 1 1 12 10 1
ciInstanceKlass java/lang/ref/Finalizer 1 1 140 1 1 1 1 1 1 1 1 1 1 1 1 1 1 1 1 1 1 1 1 1 1 1 1 1 1 1 1 1 1 1 1 1 1 1 1 1 1 1 1 1 1 1 1 1 1 1 1 1 1 1 1 1 1 7 7 7 7 100 7 7 100 100 7 7 100 7 100 1 1 1 1 1 1 1 1 1 1 1 1 1 1 1 12 12 12 12 12 12 12 12 12 12 12 12 12 12 12 12 12 12 12 12 12 12 12 12 12 12 9 9 9 9 9 10 10 10 10 10 10 10 10 10 10 10 10 10 10 10 10 10 10 10 10 10 10 11 1 1
staticfield java/lang/ref/Finalizer lock Ljava/lang/Object; java/lang/Object
instanceKlass java/lang/ref/ReferenceQueue$Null
ciInstanceKlass java/lang/ref/ReferenceQueue 1 1 130 8 7 1 1 1 1 1 1 1 1 1 1 1 1 1 1 1 1 1 1 1 1 1 1 1 1 1 1 1 1 1 1 1 1 1 1 1 1 1 1 1 1 1 1 1 1 1 1 1 1 1 1 1 1 1 5 0 100 7 7 7 7 7 100 7 7 100 7 7 100 7 1 1 1 1 1 1 1 1 1 1 1 1 1 1 1 1 12 12 12 12 12 12 12 12 12 12 12 12 12 12 12 12 12 12 12 9 9 9 9 9 9 9 9 10 10 10 10 10 10 10 10 10 10 10 10 11 1 1
staticfield java/lang/ref/ReferenceQueue $assertionsDisabled Z 1
instanceKlass com/sun/corba/ee/impl/threadpool/ThreadPoolImpl$WorkerThread
instanceKlass com/sun/corba/ee/impl/transport/SelectorImpl
instanceKlass java/awt/EventDispatchThread
instanceKlass org/glassfish/hk2/runlevel/internal/AsyncRunLevelContext$RunLevelControllerThread
instanceKlass java/util/TimerThread
instanceKlass java/util/logging/LogManager$Cleaner
instanceKlass java/lang/ref/Finalizer$FinalizerThread
instanceKlass java/lang/ref/Reference$ReferenceHandler
ciInstanceKlass java/lang/Thread 1 1 550 3 3 8 8 8 8 8 8 8 8 8 8 8 8 7 1 1 1 1 1 1 1 1 1 1 1 1 1 1 1 1 1 1 1 1 1 1 1 1 1 1 1 1 1 1 1 1 1 1 1 1 1 1 1 1 1 1 1 1 1 1 1 1 1 1 1 1 1 1 1 1 1 1 1 1 1 1 1 1 1 1 1 1 1 1 1 1 1 1 1 1 1 1 1 1 1 1 1 1 1 1 1 1 1 1 1 1 1 1 1 1 1 1 1 1 1 1 1 1 1 1 1 1 1 1 1 1 1 1 1 1 1 1 1 1 1 1 1 1 1 1 1 1 1 1 1 1 1 1 1 1 1 1 1 1 1 1 1 1 1 1 1 1 1 1 1 1 1 1 1 1 1 1 1 1 1 1 1 1 1 1 1 1 1 1 1 1 1 1 1 1 1 1 1 1 1 1 1 1 1 1 1 1 1 1 1 1 1 1 1 1 1 1 1 1 1 1 1 1 1 1 1 1 1 1 1 1 3 3 3 100 100 100 100 100 7 100 100 100 7 100 100 7 7 7 100 7 100 7 7 100 100 100 100 100 100 7 7 100 100 100 100 100 100 7 100 100 100 100 100 100 100 100 1 1 1 1 1 1 1 1 1 1 1 1 1 1 1 1 1 1 1 1 1 1 1 1 1 1 1 1 1 1 1 1 1 1 1 1 1 1 1 1 1 1 1 1 1 1 1 1 1 1 1 1 1 1 1 1 1 1 1 12 12 12 12 12 12 12 12 12 12 12 12 12 12 12 12 12 12 12 12 12 12 12 12 12 12 12 12 12 12 12 12 12 12 12 12 12 12 12 12 12 12 12 12 12 12 12 12 12 12 12 12 12 12 12 12 12 12 12 12 12 12 12 12 12 12 12 12 12 12 12 12 12 12 12 12 12 12 12 12 12 12 12 12 12 12 12 12 12 12 12 12 12 12 12 12 12 12 12 9 9 9 9 9 9 9 9 9 9 9 9 9 9 9 9 9 9 9 9 9 9 9 9 9 9 9 10 10 10 10 10 10 10 10 10 10 10 10 10 10 10 10 10 10 10 10 10 10 10 10 10 10 10 10 10 10 10 10 10 10 10 10 10 10 10 10 10 10 10 10 10 10 10 10 10 10 10 10 10 10 10 10 10 10 10 10 10 10 10 10 10 10 10 10 10 10 10 10 10 10 10 10 10 10 10 11 11 11 11 11 11 11 1 1 1 1 1
staticfield java/lang/Thread EMPTY_STACK_TRACE [Ljava/lang/StackTraceElement; 0 [Ljava/lang/StackTraceElement;
staticfield java/lang/Thread SUBCLASS_IMPLEMENTATION_PERMISSION Ljava/lang/RuntimePermission; java/lang/RuntimePermission
ciInstanceKlass java/lang/ThreadGroup 1 1 268 8 8 8 8 8 8 8 1 1 1 1 1 1 1 1 1 1 1 1 1 1 1 1 1 1 1 1 1 1 1 1 1 1 1 1 1 1 1 1 1 1 1 1 1 1 1 1 1 1 1 1 1 1 1 1 1 1 1 1 1 1 1 1 1 1 1 1 1 1 1 1 1 1 1 1 1 1 1 1 1 1 1 1 1 1 1 1 1 1 1 1 1 1 1 1 1 1 1 1 1 1 1 1 1 1 1 1 1 7 100 100 100 100 100 7 100 100 7 7 100 100 7 100 7 100 1 1 1 1 1 1 1 1 1 1 1 1 1 1 1 1 1 1 1 1 1 1 1 1 1 1 1 12 12 12 12 12 12 12 12 12 12 12 12 12 12 12 12 12 12 12 12 12 12 12 12 12 12 12 12 12 12 12 12 12 12 12 12 12 12 12 12 12 12 12 12 12 12 12 12 12 12 12 12 12 9 9 9 9 9 9 9 9 9 9 9 9 9 10 10 10 10 10 10 10 10 10 10 10 10 10 10 10 10 10 10 10 10 10 10 10 10 10 10 10 10 10 10 10 10 10 10 10 10 10 10 10 10 10 10 10 10 10 10 11 1 1
ciInstanceKlass java/util/Map 1 1 132 1 1 1 1 1 1 1 1 1 1 1 1 1 1 1 1 1 1 1 1 1 1 1 1 1 1 1 1 1 1 1 1 1 1 1 1 1 1 1 1 1 1 1 1 1 1 1 1 1 1 1 1 1 1 1 1 1 1 1 1 1 100 100 100 100 7 7 100 100 100 100 100 1 1 1 1 1 1 1 1 1 1 1 1 1 1 1 1 1 1 1 1 1 1 1 1 12 12 12 12 12 12 12 12 12 12 12 12 12 12 12 12 12 10 10 10 11 11 11 11 11 11 11 11 11 11 11 11 11 11 1
instanceKlass java/util/Hashtable
ciInstanceKlass java/util/Dictionary 1 1 31 1 1 1 1 1 1 1 1 1 1 1 1 1 1 1 1 1 1 1 7 100 1 1 1 1 1 1 12 10 1
instanceKlass com/sun/corba/ee/impl/util/RepositoryIdCache
instanceKlass org/eclipse/persistence/indirection/IndirectMap
instanceKlass java/util/Properties
ciInstanceKlass java/util/Hashtable 1 1 437 3 3 4 4 4 4 8 8 8 8 8 8 8 8 100 1 1 1 1 1 1 1 1 1 1 1 1 1 1 1 1 1 1 1 1 1 1 1 1 1 1 1 1 1 1 1 1 1 1 1 1 1 1 1 1 1 1 1 1 1 1 1 1 1 1 1 1 1 1 1 1 1 1 1 1 1 1 1 1 1 1 1 1 1 1 1 1 1 1 1 1 1 1 1 1 1 1 1 1 1 1 1 1 1 1 1 1 1 1 1 1 1 1 1 1 1 1 1 1 1 1 1 1 1 1 1 1 1 1 1 1 1 1 1 1 1 1 1 1 1 1 1 1 1 1 1 1 1 1 1 1 1 1 1 1 1 1 1 1 1 1 1 1 1 1 1 1 1 1 1 1 1 1 1 1 3 3 3 5 0 100 7 7 100 100 100 7 100 7 100 100 7 100 100 7 100 7 100 100 100 7 100 7 7 100 7 7 7 7 100 100 7 7 7 7 7 100 100 100 100 100 1 1 1 1 1 1 1 1 1 1 1 1 1 1 1 1 1 1 1 1 1 1 1 1 1 1 1 1 1 1 1 1 1 1 1 1 1 1 1 1 1 1 1 1 1 1 1 1 1 1 1 1 1 1 1 1 1 1 1 12 12 12 12 12 12 12 12 12 12 12 12 12 12 12 12 12 12 12 12 12 12 12 12 12 12 12 12 12 12 12 12 12 12 12 12 12 12 12 12 12 12 12 12 12 12 12 12 12 12 12 12 12 12 12 12 12 12 12 12 12 12 12 12 12 12 12 12 9 9 9 9 9 9 9 9 9 9 9 9 10 10 10 10 10 10 10 10 10 10 10 10 10 10 10 10 10 10 10 10 10 10 10 10 10 10 10 10 10 10 10 10 10 10 10 10 10 10 10 10 10 10 10 10 10 10 10 10 10 10 10 10 10 10 10 10 11 11 11 11 11 11 11 11 11 11 11 11 11 1 1 1 1 1 1 1
instanceKlass org/apache/derby/iapi/services/io/FormatableProperties
instanceKlass org/eclipse/persistence/internal/helper/NonSynchronizedProperties
instanceKlass java/security/Provider
ciInstanceKlass java/util/Properties 1 1 263 3 8 8 8 8 8 8 8 1 1 1 1 1 1 1 1 1 1 1 1 1 1 1 1 1 1 1 1 1 1 1 1 1 1 1 1 1 1 1 1 1 1 1 1 1 1 1 1 1 1 1 1 1 1 1 1 1 1 1 1 1 1 1 1 1 1 1 1 1 1 1 1 1 1 1 1 1 1 1 1 1 1 1 1 1 1 1 1 1 1 1 1 1 1 1 1 1 1 1 1 1 1 1 1 1 5 0 100 100 7 100 100 100 100 100 100 100 100 7 100 100 100 100 7 7 7 100 7 7 100 1 1 1 1 1 1 1 1 1 1 1 1 1 1 1 1 1 1 1 1 1 1 1 1 1 1 1 1 1 1 1 12 12 12 12 12 12 12 12 12 12 12 12 12 12 12 12 12 12 12 12 12 12 12 12 12 12 12 12 12 12 12 12 12 12 12 12 12 12 12 12 12 12 12 12 12 9 9 9 10 10 10 10 10 10 10 10 10 10 10 10 10 10 10 10 10 10 10 10 10 10 10 10 10 10 10 10 10 10 10 10 10 10 10 10 10 10 10 10 10 10 10 10 10 10 10 10 11 11 1 1 1
staticfield java/util/Properties hexDigit [C 16
instanceKlass java/lang/reflect/Executable
instanceKlass java/lang/reflect/Field
ciInstanceKlass java/lang/reflect/AccessibleObject 1 1 144 8 8 8 7 1 1 1 1 1 1 1 1 1 1 1 1 1 1 1 1 1 1 1 1 1 1 1 1 1 1 1 1 1 1 1 1 1 1 1 1 1 1 1 1 1 1 1 1 1 1 1 1 1 1 1 1 1 1 1 1 1 1 1 100 100 7 7 7 100 7 7 7 7 100 7 7 7 7 7 1 1 1 1 1 1 1 1 1 1 1 1 1 1 1 1 1 1 1 1 12 12 12 12 12 12 12 12 12 12 12 12 12 12 12 12 12 12 12 12 9 9 9 9 10 10 10 10 10 10 10 10 10 10 10 10 10 10 10 10 10 11 1 1
staticfield java/lang/reflect/AccessibleObject ACCESS_PERMISSION Ljava/security/Permission; java/lang/reflect/ReflectPermission
staticfield java/lang/reflect/AccessibleObject reflectionFactory Lsun/reflect/ReflectionFactory; sun/reflect/ReflectionFactory
ciInstanceKlass java/lang/reflect/Field 1 1 362 8 8 8 8 1 1 1 1 1 1 1 1 1 1 1 1 1 1 1 1 1 1 1 1 1 1 1 1 1 1 1 1 1 1 1 1 1 1 1 1 1 1 1 1 1 1 1 1 1 1 1 1 1 1 1 1 1 1 1 1 1 1 1 1 1 1 1 1 1 1 1 1 1 1 1 1 1 1 1 1 1 1 1 1 1 1 1 1 1 1 1 1 1 1 1 1 1 1 1 1 1 1 1 1 1 1 1 1 1 1 1 1 1 1 1 1 1 1 1 1 1 1 1 1 1 1 1 1 1 1 1 1 7 7 7 7 100 7 7 7 100 100 100 7 7 7 7 7 7 7 7 100 100 100 100 7 7 7 1 1 1 1 1 1 1 1 1 1 1 1 1 1 1 1 1 1 1 1 1 1 1 1 1 1 1 1 1 1 1 1 1 1 1 1 1 1 1 1 1 1 1 1 1 1 1 1 1 1 1 1 1 1 12 12 12 12 12 12 12 12 12 12 12 12 12 12 12 12 12 12 12 12 12 12 12 12 12 12 12 12 12 12 12 12 12 12 12 12 12 12 12 12 12 12 12 12 12 12 12 12 12 12 12 12 12 12 12 12 12 12 12 12 12 12 12 12 12 12 12 12 12 12 12 9 9 9 9 9 9 9 9 9 9 9 9 9 9 9 10 10 10 10 10 10 10 10 10 10 10 10 10 10 10 10 10 10 10 10 10 10 10 10 10 10 10 10 10 10 10 10 10 10 10 10 10 10 10 10 11 11 11 11 11 11 11 11 11 11 11 11 11 11 11 11 11 11 11 11 11 1 1
ciInstanceKlass java/lang/reflect/Parameter 1 0 210 8 8 8 8 1 1 1 1 1 1 1 1 1 1 1 1 1 1 1 1 1 1 1 1 1 1 1 1 1 1 1 1 1 1 1 1 1 1 1 1 1 1 1 1 1 1 1 1 1 1 1 1 1 1 1 1 1 1 1 1 1 1 1 1 1 1 1 1 1 1 1 1 1 1 1 1 1 1 1 1 1 1 1 100 100 100 100 100 100 100 100 100 100 100 100 100 100 100 1 1 1 1 1 1 1 1 1 1 1 1 1 1 1 1 1 1 1 1 1 1 1 1 1 1 1 1 12 12 12 12 12 12 12 12 12 12 12 12 12 12 12 12 12 12 12 12 12 12 12 12 12 12 12 12 12 12 12 12 12 12 12 12 12 12 12 9 9 9 9 9 9 9 10 10 10 10 10 10 10 10 10 10 10 10 10 10 10 10 10 10 10 10 10 10 10 10 10 10 10 10 10 10 10 10 11 11 11 11 1
instanceKlass java/lang/reflect/Constructor
instanceKlass java/lang/reflect/Method
ciInstanceKlass java/lang/reflect/Executable 1 1 378 3 8 8 8 8 8 8 8 8 8 8 8 8 8 8 1 1 1 1 1 1 1 1 1 1 1 1 1 1 1 1 1 1 1 1 1 1 1 1 1 1 1 1 1 1 1 1 1 1 1 1 1 1 1 1 1 1 1 1 1 1 1 1 1 1 1 1 1 1 1 1 1 1 1 1 1 1 1 1 1 1 1 1 1 1 1 1 1 1 1 1 1 1 1 1 1 1 1 1 1 1 1 1 1 1 1 1 1 1 1 1 1 1 1 1 1 1 1 1 1 1 1 1 1 1 1 1 1 1 1 1 1 1 1 1 1 1 1 1 1 1 1 1 1 1 1 1 1 1 1 1 100 100 100 100 7 100 7 100 100 100 100 100 7 7 7 100 100 100 7 100 100 100 7 7 7 7 7 100 100 100 100 7 1 1 1 1 1 1 1 1 1 1 1 1 1 1 1 1 1 1 1 1 1 1 1 1 1 1 1 1 1 1 1 1 1 1 1 1 1 1 1 1 1 1 1 1 1 1 1 1 1 1 1 12 12 12 12 12 12 12 12 12 12 12 12 12 12 12 12 12 12 12 12 12 12 12 12 12 12 12 12 12 12 12 12 12 12 12 12 12 12 12 12 12 12 12 12 12 12 12 12 12 12 12 12 12 12 12 12 12 12 12 12 12 12 12 12 12 12 12 12 9 9 9 9 9 9 9 10 10 10 10 10 10 10 10 10 10 10 10 10 10 10 10 10 10 10 10 10 10 10 10 10 10 10 10 10 10 10 10 10 10 10 10 10 10 10 10 10 10 10 10 10 10 10 10 10 10 10 10 10 10 10 10 10 10 10 10 10 10 10 11 11 11 1 1
ciInstanceKlass java/lang/reflect/Method 1 1 346 8 8 8 1 1 1 1 1 1 1 1 1 1 1 1 1 1 1 1 1 1 1 1 1 1 1 1 1 1 1 1 1 1 1 1 1 1 1 1 1 1 1 1 1 1 1 1 1 1 1 1 1 1 1 1 1 1 1 1 1 1 1 1 1 1 1 1 1 1 1 1 1 1 1 1 1 1 1 1 1 1 1 1 1 1 1 1 1 1 1 1 1 1 1 1 1 1 1 1 1 1 1 1 1 1 1 1 1 1 1 1 1 1 1 1 1 1 1 1 1 1 1 1 1 1 1 1 1 1 1 1 7 7 7 7 7 7 7 100 100 7 7 7 100 100 100 7 7 7 7 7 7 7 7 7 7 7 7 1 1 1 1 1 1 1 1 1 1 1 1 1 1 1 1 1 1 1 1 1 1 1 1 1 1 1 1 1 1 1 1 1 1 1 1 1 1 1 1 1 1 1 1 1 1 1 1 12 12 12 12 12 12 12 12 12 12 12 12 12 12 12 12 12 12 12 12 12 12 12 12 12 12 12 12 12 12 12 12 12 12 12 12 12 12 12 12 12 12 12 12 12 12 12 12 12 12 12 12 12 12 12 12 12 12 12 12 12 12 12 12 12 12 12 9 9 9 9 9 9 9 9 9 9 9 9 9 9 9 9 10 10 10 10 10 10 10 10 10 10 10 10 10 10 10 10 10 10 10 10 10 10 10 10 10 10 10 10 10 10 10 10 10 10 10 10 10 10 10 10 10 10 10 10 10 10 10 10 10 10 10 10 11 11 11 1
ciInstanceKlass java/lang/reflect/Constructor 1 1 330 8 8 8 1 1 1 1 1 1 1 1 1 1 1 1 1 1 1 1 1 1 1 1 1 1 1 1 1 1 1 1 1 1 1 1 1 1 1 1 1 1 1 1 1 1 1 1 1 1 1 1 1 1 1 1 1 1 1 1 1 1 1 1 1 1 1 1 1 1 1 1 1 1 1 1 1 1 1 1 1 1 1 1 1 1 1 1 1 1 1 1 1 1 1 1 1 1 1 1 1 1 1 1 1 1 1 1 1 1 1 1 1 1 1 1 1 1 1 1 1 1 1 1 1 1 1 1 1 1 7 100 7 7 7 7 7 100 100 7 7 7 100 100 100 100 7 7 7 100 100 100 7 7 7 1 1 1 1 1 1 1 1 1 1 1 1 1 1 1 1 1 1 1 1 1 1 1 1 1 1 1 1 1 1 1 1 1 1 1 1 1 1 1 1 1 1 1 1 1 1 1 1 12 12 12 12 12 12 12 12 12 12 12 12 12 12 12 12 12 12 12 12 12 12 12 12 12 12 12 12 12 12 12 12 12 12 12 12 12 12 12 12 12 12 12 12 12 12 12 12 12 12 12 12 12 12 12 12 12 12 12 12 12 12 9 9 9 9 9 9 9 9 9 9 9 9 9 9 10 10 10 10 10 10 10 10 10 10 10 10 10 10 10 10 10 10 10 10 10 10 10 10 10 10 10 10 10 10 10 10 10 10 10 10 10 10 10 10 10 10 10 10 10 10 10 11 11 1 1
instanceKlass sun/reflect/FieldAccessorImpl
instanceKlass sun/reflect/ConstructorAccessorImpl
instanceKlass sun/reflect/MethodAccessorImpl
ciInstanceKlass sun/reflect/MagicAccessorImpl 1 1 13 1 1 1 1 1 1 1 7 100 12 10 1
instanceKlass sun/reflect/GeneratedMethodAccessor4
instanceKlass sun/reflect/GeneratedMethodAccessor3
instanceKlass sun/reflect/GeneratedMethodAccessor2
instanceKlass sun/reflect/GeneratedMethodAccessor1
instanceKlass sun/reflect/DelegatingMethodAccessorImpl
instanceKlass sun/reflect/NativeMethodAccessorImpl
ciInstanceKlass sun/reflect/MethodAccessorImpl 1 1 22 1 1 1 1 1 1 1 1 1 1 1 1 1 100 100 7 100 100 12 10 1
instanceKlass sun/reflect/SerializationConstructorAccessorImpl
instanceKlass sun/reflect/GeneratedConstructorAccessor35
instanceKlass sun/reflect/GeneratedConstructorAccessor34
instanceKlass sun/reflect/GeneratedConstructorAccessor33
instanceKlass sun/reflect/GeneratedConstructorAccessor32
instanceKlass sun/reflect/GeneratedConstructorAccessor31
instanceKlass sun/reflect/GeneratedConstructorAccessor30
instanceKlass sun/reflect/GeneratedConstructorAccessor29
instanceKlass sun/reflect/GeneratedConstructorAccessor28
instanceKlass sun/reflect/GeneratedConstructorAccessor27
instanceKlass sun/reflect/GeneratedConstructorAccessor26
instanceKlass sun/reflect/GeneratedConstructorAccessor25
instanceKlass sun/reflect/GeneratedConstructorAccessor24
instanceKlass sun/reflect/GeneratedConstructorAccessor23
instanceKlass sun/reflect/GeneratedConstructorAccessor22
instanceKlass sun/reflect/GeneratedConstructorAccessor21
instanceKlass sun/reflect/GeneratedConstructorAccessor20
instanceKlass sun/reflect/GeneratedConstructorAccessor19
instanceKlass sun/reflect/GeneratedConstructorAccessor18
instanceKlass sun/reflect/GeneratedConstructorAccessor17
instanceKlass sun/reflect/GeneratedConstructorAccessor16
instanceKlass sun/reflect/GeneratedConstructorAccessor15
instanceKlass sun/reflect/GeneratedConstructorAccessor14
instanceKlass sun/reflect/GeneratedConstructorAccessor13
instanceKlass sun/reflect/GeneratedConstructorAccessor12
instanceKlass sun/reflect/GeneratedConstructorAccessor11
instanceKlass sun/reflect/GeneratedConstructorAccessor10
instanceKlass sun/reflect/GeneratedConstructorAccessor9
instanceKlass sun/reflect/GeneratedConstructorAccessor8
instanceKlass sun/reflect/GeneratedConstructorAccessor7
instanceKlass sun/reflect/GeneratedConstructorAccessor6
instanceKlass sun/reflect/GeneratedConstructorAccessor5
instanceKlass sun/reflect/GeneratedConstructorAccessor4
instanceKlass sun/reflect/GeneratedConstructorAccessor3
instanceKlass sun/reflect/GeneratedConstructorAccessor2
instanceKlass sun/reflect/BootstrapConstructorAccessorImpl
instanceKlass sun/reflect/GeneratedConstructorAccessor1
instanceKlass sun/reflect/DelegatingConstructorAccessorImpl
instanceKlass sun/reflect/NativeConstructorAccessorImpl
ciInstanceKlass sun/reflect/ConstructorAccessorImpl 1 1 24 1 1 1 1 1 1 1 1 1 1 1 1 1 1 100 100 100 100 100 7 12 10 1
ciInstanceKlass sun/reflect/DelegatingClassLoader 1 1 13 1 1 1 1 1 1 1 7 100 1 12 10
ciInstanceKlass sun/reflect/ConstantPool 1 1 106 8 7 1 1 1 1 1 1 1 1 1 1 1 1 1 1 1 1 1 1 1 1 1 1 1 1 1 1 1 1 1 1 1 1 1 1 1 1 1 1 1 1 1 1 1 1 1 1 1 1 100 7 7 1 1 1 1 1 1 1 1 1 1 1 1 1 1 1 1 1 12 12 12 12 12 12 12 12 12 12 12 12 12 12 12 12 12 9 10 10 10 10 10 10 10 10 10 10 10 10 10 10 10 10 1
instanceKlass sun/reflect/UnsafeFieldAccessorImpl
ciInstanceKlass sun/reflect/FieldAccessorImpl 1 1 56 1 1 1 1 1 1 1 1 1 1 1 1 1 1 1 1 1 1 1 1 1 1 1 1 1 1 1 1 1 1 1 1 1 1 100 100 100 100 7 1 1 1 1 1 1 1 1 1 1 1 1 1 12 10 1
instanceKlass sun/reflect/UnsafeLongFieldAccessorImpl
instanceKlass sun/reflect/UnsafeShortFieldAccessorImpl
instanceKlass sun/reflect/UnsafeBooleanFieldAccessorImpl
instanceKlass sun/reflect/UnsafeIntegerFieldAccessorImpl
instanceKlass sun/reflect/UnsafeObjectFieldAccessorImpl
instanceKlass sun/reflect/UnsafeQualifiedFieldAccessorImpl
instanceKlass sun/reflect/UnsafeStaticFieldAccessorImpl
ciInstanceKlass sun/reflect/UnsafeFieldAccessorImpl 1 1 230 8 8 8 8 8 8 8 8 8 8 8 8 8 8 8 8 8 8 8 8 8 8 1 1 1 1 1 1 1 1 1 1 1 1 1 1 1 1 1 1 1 1 1 1 1 1 1 1 1 1 1 1 1 1 1 1 1 1 1 1 1 1 1 1 1 1 1 1 1 1 1 1 1 1 1 1 1 1 1 1 1 1 1 1 1 1 1 1 1 1 1 1 1 1 1 1 1 1 1 1 1 1 1 1 1 1 1 1 1 1 1 1 1 1 1 1 1 1 1 1 100 100 100 7 100 100 100 100 100 100 7 100 100 100 7 7 7 7 7 1 1 1 1 1 1 1 1 1 1 1 1 1 1 1 1 1 1 12 12 12 12 12 12 12 12 12 12 12 12 12 12 12 12 12 12 12 12 12 12 12 12 12 12 12 12 12 12 12 12 12 12 9 9 9 9 10 10 10 10 10 10 10 10 10 10 10 10 10 10 10 10 10 10 10 10 10 10 10 10 10 10 10 10 10 10 10 10 10 1
staticfield sun/reflect/UnsafeFieldAccessorImpl unsafe Lsun/misc/Unsafe; sun/misc/Unsafe
instanceKlass sun/reflect/UnsafeStaticObjectFieldAccessorImpl
instanceKlass sun/reflect/UnsafeQualifiedStaticFieldAccessorImpl
ciInstanceKlass sun/reflect/UnsafeStaticFieldAccessorImpl 1 1 38 8 7 1 1 1 1 1 1 1 1 1 1 1 1 1 1 1 1 7 7 7 7 1 1 1 1 12 12 12 12 12 9 9 10 10 10 1
ciInstanceKlass java/lang/annotation/Annotation 1 1 17 1 1 1 1 1 1 1 1 1 1 1 100 100 1 1 1
ciInstanceKlass sun/reflect/CallerSensitive 1 1 17 1 1 1 1 1 1 1 1 100 100 100 1 1 1 1 1
instanceKlass java/lang/invoke/DelegatingMethodHandle
instanceKlass java/lang/invoke/BoundMethodHandle
instanceKlass java/lang/invoke/DirectMethodHandle
ciInstanceKlass java/lang/invoke/MethodHandle 1 1 438 8 8 8 8 8 8 8 8 8 8 8 8 8 7 1 1 1 1 1 1 1 1 1 1 1 1 1 1 1 1 1 1 1 1 1 1 1 1 1 1 1 1 1 1 1 1 1 1 1 1 1 1 1 1 1 1 1 1 1 1 1 1 1 1 1 1 1 1 1 1 1 1 1 1 1 1 1 1 1 1 1 1 1 1 1 1 1 1 1 1 1 1 1 1 1 1 1 1 1 1 1 1 1 1 1 1 1 1 1 1 1 1 1 1 1 1 1 1 1 1 1 1 1 1 1 1 1 1 1 1 1 1 1 1 1 1 1 1 1 1 1 1 1 1 1 1 1 1 1 1 1 1 1 1 1 1 1 1 1 1 1 1 1 1 1 1 1 1 1 1 1 100 7 100 7 100 100 7 100 100 7 7 100 100 7 7 7 100 7 7 7 7 100 100 100 7 1 1 1 1 1 1 1 1 1 1 1 1 1 1 1 1 1 1 1 1 1 1 1 1 1 1 1 1 1 1 1 1 1 1 1 1 1 1 1 1 1 1 1 1 1 1 1 1 1 1 1 1 1 1 1 1 1 1 1 1 1 1 1 1 1 1 1 12 12 12 12 12 12 12 12 12 12 12 12 12 12 12 12 12 12 12 12 12 12 12 12 12 12 12 12 12 12 12 12 12 12 12 12 12 12 12 12 12 12 12 12 12 12 12 12 12 12 12 12 12 12 12 12 12 12 12 12 12 12 12 12 12 12 12 12 12 12 12 12 12 12 12 12 12 12 12 12 12 12 12 9 9 9 9 9 9 9 9 9 9 9 9 10 10 10 10 10 10 10 10 10 10 10 10 10 10 10 10 10 10 10 10 10 10 10 10 10 10 10 10 10 10 10 10 10 10 10 10 10 10 10 10 10 10 10 10 10 10 10 10 10 10 10 10 10 10 10 10 10 10 10 10 10 10 10 10 10 10 10 10 10 10 10 10 10 10 10 11 1 1 1
staticfield java/lang/invoke/MethodHandle FORM_OFFSET J 20
staticfield java/lang/invoke/MethodHandle $assertionsDisabled Z 1
instanceKlass java/lang/invoke/DirectMethodHandle$Constructor
instanceKlass java/lang/invoke/DirectMethodHandle$Special
instanceKlass java/lang/invoke/DirectMethodHandle$Accessor
instanceKlass java/lang/invoke/DirectMethodHandle$Interface
ciInstanceKlass java/lang/invoke/DirectMethodHandle 1 1 701 8 8 8 8 8 8 8 8 8 8 8 8 8 8 8 8 8 8 8 8 8 7 7 7 7 7 7 7 7 7 7 7 1 1 1 1 1 1 1 1 1 1 1 1 1 1 1 1 1 1 1 1 1 1 1 1 1 1 1 1 1 1 1 1 1 1 1 1 1 1 1 1 1 1 1 1 1 1 1 1 1 1 1 1 1 1 1 1 1 1 1 1 1 1 1 1 1 1 1 1 1 1 1 1 1 1 1 1 1 1 1 1 1 1 1 1 1 1 1 1 1 1 1 1 1 1 1 1 1 1 1 1 1 1 1 1 1 1 1 1 1 1 1 1 1 1 1 1 1 1 1 1 1 1 1 1 1 1 1 1 1 1 1 1 1 1 1 1 1 1 1 1 1 1 1 1 1 1 1 1 1 1 1 1 1 1 1 1 1 1 1 1 1 1 1 1 1 1 1 1 1 1 1 1 1 1 1 1 1 1 1 1 1 1 1 1 1 1 1 1 1 1 1 1 1 1 1 1 1 1 1 1 1 1 1 1 1 1 1 1 1 1 1 1 1 1 1 1 1 1 1 1 1 1 1 1 1 1 1 1 1 1 1 100 100 7 7 7 100 7 100 7 7 100 7 7 100 7 7 7 7 7 7 100 7 7 100 7 7 100 7 7 7 100 100 100 7 7 7 7 1 1 1 1 1 1 1 1 1 1 1 1 1 1 1 1 1 1 1 1 1 1 1 1 1 1 1 1 1 1 1 1 1 1 1 1 1 1 1 1 1 1 1 1 1 1 1 1 1 1 1 1 1 1 1 1 1 1 1 1 1 1 1 1 1 1 1 1 1 1 1 1 1 1 1 1 1 1 1 12 12 12 12 12 12 12 12 12 12 12 12 12 12 12 12 12 12 12 12 12 12 12 12 12 12 12 12 12 12 12 12 12 12 12 12 12 12 12 12 12 12 12 12 12 12 12 12 12 12 12 12 12 12 12 12 12 12 12 12 12 12 12 12 12 12 12 12 12 12 12 12 12 12 12 12 12 12 12 12 12 12 12 12 12 12 12 12 12 12 12 12 12 12 12 12 12 12 12 12 12 12 12 12 12 12 12 12 12 12 12 12 12 12 12 12 12 12 12 12 12 12 12 12 12 12 12 12 12 12 12 12 12 12 12 12 12 12 12 12 12 12 12 12 12 12 12 12 12 12 12 12 9 9 9 9 9 9 9 9 9 9 9 9 9 9 9 9 9 9 9 9 9 9 9 9 9 9 9 9 9 9 9 9 9 9 9 9 10 10 10 10 10 10 10 10 10 10 10 10 10 10 10 10 10 10 10 10 10 10 10 10 10 10 10 10 10 10 10 10 10 10 10 10 10 10 10 10 10 10 10 10 10 10 10 10 10 10 10 10 10 10 10 10 10 10 10 10 10 10 10 10 10 10 10 10 10 10 10 10 10 10 10 10 10 10 10 10 10 10 10 10 10 10 10 10 10 10 10 10 10 10 10 10 10 10 10 10 10 10 10 10 10 10 10 10 10 10 10 10 10 10 10 10 10 10 10 10 10 10 10 1 1 1 1 1 1 1 1 1 1
staticfield java/lang/invoke/DirectMethodHandle IMPL_NAMES Ljava/lang/invoke/MemberName$Factory; java/lang/invoke/MemberName$Factory
staticfield java/lang/invoke/DirectMethodHandle ACCESSOR_FORMS [Ljava/lang/invoke/LambdaForm; 132 [Ljava/lang/invoke/LambdaForm;
staticfield java/lang/invoke/DirectMethodHandle $assertionsDisabled Z 1
ciInstanceKlass java/lang/invoke/MemberName 1 1 642 3 3 3 3 3 3 3 3 3 3 3 8 8 8 8 8 8 8 8 8 8 8 8 8 8 8 8 8 8 8 8 8 8 8 8 8 8 8 8 8 8 8 7 7 7 100 1 1 1 1 1 1 1 1 1 1 1 1 1 1 1 1 1 1 1 1 1 1 1 1 1 1 1 1 1 1 1 1 1 1 1 1 1 1 1 1 1 1 1 1 1 1 1 1 1 1 1 1 1 1 1 1 1 1 1 1 1 1 1 1 1 1 1 1 1 1 1 1 1 1 1 1 1 1 1 1 1 1 1 1 1 1 1 1 1 1 1 1 1 1 1 1 1 1 1 1 1 1 1 1 1 1 1 1 1 1 1 1 1 1 1 1 1 1 1 1 1 1 1 1 1 1 1 1 1 1 1 1 1 1 1 1 1 1 1 1 1 1 1 1 1 1 1 1 1 1 1 1 1 1 1 1 1 1 1 1 1 1 1 1 1 1 1 1 1 1 1 1 1 1 1 1 1 1 1 1 1 1 1 1 1 1 1 1 1 1 1 1 1 1 1 1 1 1 1 1 1 1 1 1 1 1 1 1 1 1 1 1 1 1 1 1 1 1 1 1 1 1 1 1 1 1 1 1 1 1 1 3 3 3 3 3 3 3 3 7 7 100 100 100 7 7 7 100 100 100 100 100 100 100 100 7 100 7 7 7 7 7 100 7 7 100 100 100 100 7 100 100 100 7 7 7 100 7 1 1 1 1 1 1 1 1 1 1 1 1 1 1 1 1 1 1 1 1 1 1 1 1 1 1 1 1 1 1 1 1 1 1 1 1 1 1 1 1 1 1 1 1 1 1 1 1 1 1 1 1 1 1 1 1 1 1 1 1 1 1 1 1 12 12 12 12 12 12 12 12 12 12 12 12 12 12 12 12 12 12 12 12 12 12 12 12 12 12 12 12 12 12 12 12 12 12 12 12 12 12 12 12 12 12 12 12 12 12 12 12 12 12 12 12 12 12 12 12 12 12 12 12 12 12 12 12 12 12 12 12 12 12 12 12 12 12 12 12 12 12 12 12 12 12 12 12 12 12 12 12 12 12 12 12 12 12 12 12 12 12 12 12 12 12 12 12 12 12 12 12 12 12 12 12 12 9 9 9 9 9 9 9 9 9 9 10 10 10 10 10 10 10 10 10 10 10 10 10 10 10 10 10 10 10 10 10 10 10 10 10 10 10 10 10 10 10 10 10 10 10 10 10 10 10 10 10 10 10 10 10 10 10 10 10 10 10 10 10 10 10 10 10 10 10 10 10 10 10 10 10 10 10 10 10 10 10 10 10 10 10 10 10 10 10 10 10 10 10 10 10 10 10 10 10 10 10 10 10 10 10 10 10 10 10 10 10 10 10 10 10 10 10 10 10 10 10 10 10 10 10 10 10 10 10 10 10 10 10 10 10 10 1 1 1 1
staticfield java/lang/invoke/MemberName $assertionsDisabled Z 1
ciInstanceKlass java/lang/invoke/MethodHandleNatives 1 1 427 8 8 8 8 8 8 8 8 8 8 8 8 8 8 8 8 8 8 8 8 8 8 8 8 8 8 8 8 100 100 7 7 100 1 1 1 1 1 1 1 1 1 1 1 1 1 1 1 1 1 1 1 1 1 1 1 1 1 1 1 1 1 1 1 1 1 1 1 1 1 1 1 1 1 1 1 1 1 1 1 1 1 1 1 1 1 1 1 1 1 1 1 1 1 1 1 1 1 1 1 1 1 1 1 1 1 1 1 1 1 1 1 1 1 1 1 1 1 1 1 1 1 1 1 1 1 1 1 1 1 1 1 1 1 1 1 1 1 1 1 1 1 1 1 1 1 1 1 1 1 1 1 1 1 1 1 1 1 1 1 1 1 1 1 1 1 1 1 1 1 1 1 1 1 1 1 1 1 1 1 1 1 1 1 1 1 1 1 1 1 1 1 1 1 1 1 1 1 1 1 100 100 100 100 7 100 100 100 100 100 100 100 100 100 100 100 100 100 7 100 7 100 100 100 7 7 7 7 7 7 100 7 7 100 100 1 1 1 1 1 1 1 1 1 1 1 1 1 1 1 1 1 1 1 1 1 1 1 1 1 1 1 1 1 1 1 1 1 1 1 1 1 1 1 1 1 1 1 1 1 1 1 12 12 12 12 12 12 12 12 12 12 12 12 12 12 12 12 12 12 12 12 12 12 12 12 12 12 12 12 12 12 12 12 12 12 12 12 12 12 12 12 12 12 12 12 12 12 12 12 12 12 12 12 12 12 12 12 12 12 12 12 12 12 12 12 9 9 9 9 9 9 10 10 10 10 10 10 10 10 10 10 10 10 10 10 10 10 10 10 10 10 10 10 10 10 10 10 10 10 10 10 10 10 10 10 10 10 10 10 10 10 10 10 10 10 10 10 10 10 10 10 10 10 10 10 10 10 10 10 10 10 10 10 10 10 10 10 10 10 10 10 10 1 1 1
staticfield java/lang/invoke/MethodHandleNatives COUNT_GWT Z 1
staticfield java/lang/invoke/MethodHandleNatives $assertionsDisabled Z 1
ciInstanceKlass java/lang/invoke/LambdaForm 1 1 967 8 8 8 8 8 8 8 8 8 8 8 8 8 8 8 8 8 8 8 8 8 8 8 8 8 8 8 8 8 8 8 8 8 8 8 8 8 8 8 8 8 8 8 8 8 8 8 8 8 8 8 8 8 8 100 7 7 1 1 1 1 1 1 1 1 1 1 1 1 1 1 1 1 1 1 1 1 1 1 1 1 1 1 1 1 1 1 1 1 1 1 1 1 1 1 1 1 1 1 1 1 1 1 1 1 1 1 1 1 1 1 1 1 1 1 1 1 1 1 1 1 1 1 1 1 1 1 1 1 1 1 1 1 1 1 1 1 1 1 1 1 1 1 1 1 1 1 1 1 1 1 1 1 1 1 1 1 1 1 1 1 1 1 1 1 1 1 1 1 1 1 1 1 1 1 1 1 1 1 1 1 1 1 1 1 1 1 1 1 1 1 1 1 1 1 1 1 1 1 1 1 1 1 1 1 1 1 1 1 1 1 1 1 1 1 1 1 1 1 1 1 1 1 1 1 1 1 1 1 1 1 1 1 1 1 1 1 1 1 1 1 1 1 1 1 1 1 1 1 1 1 1 1 1 1 1 1 1 1 1 1 1 1 1 1 1 1 1 1 1 1 1 1 1 1 1 1 1 1 1 1 1 1 1 1 1 1 1 1 1 1 1 1 1 1 1 1 1 1 1 1 1 1 1 1 1 1 1 1 1 1 1 1 1 1 1 1 1 1 1 1 1 1 1 1 1 1 1 1 1 1 1 1 1 1 1 1 1 1 1 1 1 1 1 1 1 1 1 1 1 1 1 1 1 1 1 1 1 1 1 1 1 1 1 1 1 1 1 1 1 1 1 1 1 1 1 1 1 1 1 1 1 1 1 1 1 1 1 1 1 1 1 1 1 1 1 1 3 3 3 3 8 100 100 100 100 7 7 100 100 100 7 100 100 100 100 100 100 100 100 7 7 7 100 7 7 100 7 100 7 100 7 100 100 7 7 7 7 7 100 100 7 7 7 7 100 100 7 7 7 1 1 1 1 1 1 1 1 1 1 1 1 1 1 1 1 1 1 1 1 1 1 1 1 1 1 1 1 1 1 1 1 1 1 1 1 1 1 1 1 1 1 1 1 1 1 1 1 1 1 1 1 1 1 1 1 1 1 1 1 1 1 1 1 1 1 1 1 1 1 1 1 1 1 1 1 1 1 1 1 1 1 1 1 1 1 1 1 1 1 1 1 1 1 1 1 1 1 1 1 1 1 1 1 1 1 1 1 1 1 1 1 1 1 12 12 12 12 12 12 12 12 12 12 12 12 12 12 12 12 12 12 12 12 12 12 12 12 12 12 12 12 12 12 12 12 12 12 12 12 12 12 12 12 12 12 12 12 12 12 12 12 12 12 12 12 12 12 12 12 12 12 12 12 12 12 12 12 12 12 12 12 12 12 12 12 12 12 12 12 12 12 12 12 12 12 12 12 12 12 12 12 12 12 12 12 12 12 12 12 12 12 12 12 12 12 12 12 12 12 12 12 12 12 12 12 12 12 12 12 12 12 12 12 12 12 12 12 12 12 12 12 12 12 12 12 12 12 12 12 12 12 12 12 12 12 12 12 12 12 12 12 12 12 12 12 12 12 12 12 12 12 12 12 12 12 12 12 12 12 12 12 12 12 12 12 12 12 12 12 12 12 12 12 12 12 12 12 12 12 12 12 12 12 12 9 9 9 9 9 9 9 9 9 9 9 9 9 9 9 9 9 9 9 9 9 9 9 9 9 9 9 9 9 9 9 9 9 9 9 9 9 9 9 9 10 10 10 10 10 10 10 10 10 10 10 10 10 10 10 10 10 10 10 10 10 10 10 10 10 10 10 10 10 10 10 10 10 10 10 10 10 10 10 10 10 10 10 10 10 10 10 10 10 10 10 10 10 10 10 10 10 10 10 10 10 10 10 10 10 10 10 10 10 10 10 10 10 10 10 10 10 10 10 10 10 10 10 10 10 10 10 10 10 10 10 10 10 10 10 10 10 10 10 10 10 10 10 10 10 10 10 10 10 10 10 10 10 10 10 10 10 10 10 10 10 10 10 10 10 10 10 10 10 10 10 10 10 10 10 10 10 10 10 10 10 10 10 10 10 10 10 10 10 10 10 10 10 10 10 10 10 10 10 10 11 11 11 11 11 1 1 1 1 1 1
staticfield java/lang/invoke/LambdaForm COMPILE_THRESHOLD I 0
staticfield java/lang/invoke/LambdaForm INTERNED_ARGUMENTS [[Ljava/lang/invoke/LambdaForm$Name; 5 [[Ljava/lang/invoke/LambdaForm$Name;
staticfield java/lang/invoke/LambdaForm IMPL_NAMES Ljava/lang/invoke/MemberName$Factory; java/lang/invoke/MemberName$Factory
staticfield java/lang/invoke/LambdaForm LF_identityForm [Ljava/lang/invoke/LambdaForm; 6 [Ljava/lang/invoke/LambdaForm;
staticfield java/lang/invoke/LambdaForm LF_zeroForm [Ljava/lang/invoke/LambdaForm; 6 [Ljava/lang/invoke/LambdaForm;
staticfield java/lang/invoke/LambdaForm NF_identity [Ljava/lang/invoke/LambdaForm$NamedFunction; 6 [Ljava/lang/invoke/LambdaForm$NamedFunction;
staticfield java/lang/invoke/LambdaForm NF_zero [Ljava/lang/invoke/LambdaForm$NamedFunction; 6 [Ljava/lang/invoke/LambdaForm$NamedFunction;
staticfield java/lang/invoke/LambdaForm DEBUG_NAME_COUNTERS Ljava/util/HashMap; null
staticfield java/lang/invoke/LambdaForm TRACE_INTERPRETER Z 0
staticfield java/lang/invoke/LambdaForm $assertionsDisabled Z 1
ciInstanceKlass java/lang/invoke/MethodType 1 1 588 8 8 8 8 8 8 8 8 8 8 8 8 7 7 7 7 1 1 1 1 1 1 1 1 1 1 1 1 1 1 1 1 1 1 1 1 1 1 1 1 1 1 1 1 1 1 1 1 1 1 1 1 1 1 1 1 1 1 1 1 1 1 1 1 1 1 1 1 1 1 1 1 1 1 1 1 1 1 1 1 1 1 1 1 1 1 1 1 1 1 1 1 1 1 1 1 1 1 1 1 1 1 1 1 1 1 1 1 1 1 1 1 1 1 1 1 1 1 1 1 1 1 1 1 1 1 1 1 1 1 1 1 1 1 1 1 1 1 1 1 1 1 1 1 1 1 1 1 1 1 1 1 1 1 1 1 1 1 1 1 1 1 1 1 1 1 1 1 1 1 1 1 1 1 1 1 1 1 1 1 1 1 1 1 1 1 1 1 1 1 1 1 1 1 1 1 1 1 1 1 1 1 1 1 1 1 1 1 1 1 1 1 1 1 3 3 3 5 0 7 100 7 100 100 7 100 100 7 7 7 100 100 7 100 100 7 7 7 7 7 7 7 7 7 7 7 7 7 7 7 100 100 7 1 1 1 1 1 1 1 1 1 1 1 1 1 1 1 1 1 1 1 1 1 1 1 1 1 1 1 1 1 1 1 1 1 1 1 1 1 1 1 1 1 1 1 1 1 1 1 1 1 1 1 1 1 1 1 1 1 1 1 1 1 1 1 1 1 1 1 1 1 1 1 1 1 1 1 1 1 1 1 1 1 1 1 1 1 1 1 1 1 1 1 1 1 1 1 1 1 1 1 1 1 1 12 12 12 12 12 12 12 12 12 12 12 12 12 12 12 12 12 12 12 12 12 12 12 12 12 12 12 12 12 12 12 12 12 12 12 12 12 12 12 12 12 12 12 12 12 12 12 12 12 12 12 12 12 12 12 12 12 12 12 12 12 12 12 12 12 12 12 12 12 12 12 12 12 12 12 12 12 12 12 12 12 12 12 12 12 12 12 12 12 12 12 12 12 12 12 12 12 12 12 12 12 12 12 12 12 12 12 12 12 12 12 9 9 9 9 9 9 9 9 9 9 9 9 9 9 9 9 9 9 10 10 10 10 10 10 10 10 10 10 10 10 10 10 10 10 10 10 10 10 10 10 10 10 10 10 10 10 10 10 10 10 10 10 10 10 10 10 10 10 10 10 10 10 10 10 10 10 10 10 10 10 10 10 10 10 10 10 10 10 10 10 10 10 10 10 10 10 10 10 10 10 10 10 10 10 10 10 10 10 10 10 10 10 10 10 10 10 10 10 10 10 10 10 10 10 10 11 11 11 11 1 1
staticfield java/lang/invoke/MethodType internTable Ljava/lang/invoke/MethodType$ConcurrentWeakInternSet; java/lang/invoke/MethodType$ConcurrentWeakInternSet
staticfield java/lang/invoke/MethodType NO_PTYPES [Ljava/lang/Class; 0 [Ljava/lang/Class;
staticfield java/lang/invoke/MethodType objectOnlyTypes [Ljava/lang/invoke/MethodType; 20 [Ljava/lang/invoke/MethodType;
staticfield java/lang/invoke/MethodType serialPersistentFields [Ljava/io/ObjectStreamField; 0 [Ljava/io/ObjectStreamField;
staticfield java/lang/invoke/MethodType rtypeOffset J 12
staticfield java/lang/invoke/MethodType ptypesOffset J 16
staticfield java/lang/invoke/MethodType $assertionsDisabled Z 1
ciInstanceKlass java/lang/BootstrapMethodError 0 0 38 1 1 1 1 1 1 1 1 1 1 1 1 1 1 1 1 1 1 5 0 100 100 100 100 1 1 12 12 12 12 12 10 10 10 10 10 1
instanceKlass java/lang/invoke/VolatileCallSite
instanceKlass java/lang/invoke/MutableCallSite
instanceKlass java/lang/invoke/ConstantCallSite
ciInstanceKlass java/lang/invoke/CallSite 1 1 311 8 8 8 8 8 8 8 8 7 7 7 7 1 1 1 1 1 1 1 1 1 1 1 1 1 1 1 1 1 1 1 1 1 1 1 1 1 1 1 1 1 1 1 1 1 1 1 1 1 1 1 1 1 1 1 1 1 1 1 1 1 1 1 1 1 1 1 1 1 1 1 1 1 1 1 1 1 1 1 1 1 1 1 1 1 1 1 1 1 1 1 1 1 1 1 1 1 1 1 1 1 1 1 1 1 1 1 1 1 1 1 1 1 1 1 1 1 1 100 7 100 100 100 100 7 100 100 100 100 100 100 7 100 7 100 7 7 100 100 7 1 1 1 1 1 1 1 1 1 1 1 1 1 1 1 1 1 1 1 1 1 1 1 1 1 1 1 1 1 1 1 1 1 1 1 1 1 1 1 1 1 1 1 12 12 12 12 12 12 12 12 12 12 12 12 12 12 12 12 12 12 12 12 12 12 12 12 12 12 12 12 12 12 12 12 12 12 12 12 12 12 12 12 12 12 12 12 12 12 12 12 12 12 12 12 12 12 12 12 12 12 12 12 9 9 9 9 9 9 10 10 10 10 10 10 10 10 10 10 10 10 10 10 10 10 10 10 10 10 10 10 10 10 10 10 10 10 10 10 10 10 10 10 10 10 10 10 10 10 10 10 10 10 10 10 10 10 10 10 10 10 10 10 10 10 10 10 10 1 1
staticfield java/lang/invoke/CallSite GET_TARGET Ljava/lang/invoke/MethodHandle; java/lang/invoke/DirectMethodHandle
staticfield java/lang/invoke/CallSite THROW_UCS Ljava/lang/invoke/MethodHandle; java/lang/invoke/MethodHandleImpl$AsVarargsCollector
staticfield java/lang/invoke/CallSite TARGET_OFFSET J 12
ciInstanceKlass java/lang/invoke/ConstantCallSite 1 1 42 1 1 1 1 1 1 1 1 1 1 1 1 1 1 1 1 1 1 1 1 100 100 100 7 7 1 1 12 12 12 12 12 12 9 9 10 10 10 10 10 1
ciInstanceKlass java/lang/invoke/MutableCallSite 0 0 57 1 1 1 1 1 1 1 1 1 1 1 1 1 1 1 1 1 1 1 1 1 1 1 1 1 100 100 100 100 1 1 1 1 1 1 12 12 12 12 12 12 12 12 12 12 9 9 10 10 10 10 10 10 10 10 1
ciInstanceKlass java/lang/invoke/VolatileCallSite 0 0 33 1 1 1 1 1 1 1 1 1 1 1 1 1 1 100 100 1 1 1 12 12 12 12 12 12 10 10 10 10 10 10 1
instanceKlass java/lang/StringBuilder
instanceKlass java/lang/StringBuffer
ciInstanceKlass java/lang/AbstractStringBuilder 1 1 318 3 3 3 8 8 8 8 8 8 8 8 8 8 8 8 8 1 1 1 1 1 1 1 1 1 1 1 1 1 1 1 1 1 1 1 1 1 1 1 1 1 1 1 1 1 1 1 1 1 1 1 1 1 1 1 1 1 1 1 1 1 1 1 1 1 1 1 1 1 1 1 1 1 1 1 1 1 1 1 1 1 1 1 1 1 1 1 1 1 1 1 1 1 1 1 1 1 1 1 1 1 1 1 1 1 1 1 1 1 1 1 1 1 1 1 1 1 1 1 1 1 1 1 1 1 1 1 1 1 1 1 1 5 0 7 7 100 7 100 100 100 7 7 7 100 7 100 100 100 7 7 100 1 1 1 1 1 1 1 1 1 1 1 1 1 1 1 1 1 1 1 1 1 1 1 1 1 1 1 1 1 1 1 1 1 1 1 1 1 1 1 1 1 1 1 12 12 12 12 12 12 12 12 12 12 12 12 12 12 12 12 12 12 12 12 12 12 12 12 12 12 12 12 12 12 12 12 12 12 12 12 12 12 12 12 12 12 12 12 12 12 12 12 12 12 12 12 12 12 12 9 9 10 10 10 10 10 10 10 10 10 10 10 10 10 10 10 10 10 10 10 10 10 10 10 10 10 10 10 10 10 10 10 10 10 10 10 10 10 10 10 10 10 10 10 10 10 10 10 10 10 10 10 10 10 10 10 10 10 10 10 10 10 10 11 11 1
ciInstanceKlass java/lang/StringBuffer 1 1 377 8 8 8 8 7 1 1 1 1 1 1 1 1 1 1 1 1 1 1 1 1 1 1 1 1 1 1 1 1 1 1 1 1 1 1 1 1 1 1 1 1 1 1 1 1 1 1 1 1 1 1 1 1 1 1 1 1 1 1 1 1 1 1 1 1 1 1 1 1 1 1 1 1 1 1 1 1 1 1 1 1 1 1 1 1 1 1 1 1 1 1 1 1 1 1 1 5 0 7 100 100 100 100 7 100 100 7 7 100 7 7 7 7 100 7 1 1 1 1 1 1 1 1 1 1 1 1 1 1 1 1 1 1 1 1 1 1 1 1 1 1 1 1 1 1 1 1 1 1 1 1 1 1 1 1 1 1 1 1 1 1 1 1 1 1 1 1 1 1 1 1 1 1 1 1 1 1 1 1 1 1 1 1 12 12 12 12 12 12 12 12 12 12 12 12 12 12 12 12 12 12 12 12 12 12 12 12 12 12 12 12 12 12 12 12 12 12 12 12 12 12 12 12 12 12 12 12 12 12 12 12 12 12 12 12 12 12 12 12 12 12 12 12 12 12 12 12 12 12 12 12 12 12 12 12 12 12 12 12 12 12 12 12 12 12 12 12 12 12 12 12 12 12 12 12 9 9 9 9 9 9 10 10 10 10 10 10 10 10 10 10 10 10 10 10 10 10 10 10 10 10 10 10 10 10 10 10 10 10 10 10 10 10 10 10 10 10 10 10 10 10 10 10 10 10 10 10 10 10 10 10 10 10 10 10 10 10 10 10 10 10 10 10 10 10 10 10 10 10 10 10 10 10 10 10 10 10 10 10 10 10 10 10 10 10 10 10 10 10 10 10 10 11 1 1 1
staticfield java/lang/StringBuffer serialPersistentFields [Ljava/io/ObjectStreamField; 3 [Ljava/io/ObjectStreamField;
ciInstanceKlass java/lang/StringBuilder 1 1 333 8 1 1 1 1 1 1 1 1 1 1 1 1 1 1 1 1 1 1 1 1 1 1 1 1 1 1 1 1 1 1 1 1 1 1 1 1 1 1 1 1 1 1 1 1 1 1 1 1 1 1 1 1 1 1 1 1 1 1 1 1 1 1 1 1 1 1 1 1 1 1 1 1 5 0 100 7 100 100 100 100 7 100 7 7 7 1 1 1 1 1 1 1 1 1 1 1 1 1 1 1 1 1 1 1 1 1 1 1 1 1 1 1 1 1 1 1 1 1 1 1 1 1 1 1 1 1 1 1 1 1 1 1 1 1 1 1 1 1 1 1 1 1 1 1 1 1 1 12 12 12 12 12 12 12 12 12 12 12 12 12 12 12 12 12 12 12 12 12 12 12 12 12 12 12 12 12 12 12 12 12 12 12 12 12 12 12 12 12 12 12 12 12 12 12 12 12 12 12 12 12 12 12 12 12 12 12 12 12 12 12 12 12 12 12 12 12 12 12 12 12 12 12 12 12 12 12 12 12 12 12 12 12 12 12 12 12 12 9 9 10 10 10 10 10 10 10 10 10 10 10 10 10 10 10 10 10 10 10 10 10 10 10 10 10 10 10 10 10 10 10 10 10 10 10 10 10 10 10 10 10 10 10 10 10 10 10 10 10 10 10 10 10 10 10 10 10 10 10 10 10 10 10 10 10 10 10 10 10 10 10 10 10 10 10 10 10 10 10 10 10 10 10 10 10 10 10 10 10 10 11 1
ciInstanceKlass sun/misc/Unsafe 1 1 389 8 8 7 7 7 7 7 7 7 7 7 7 1 1 1 1 1 1 1 1 1 1 1 1 1 1 1 1 1 1 1 1 1 1 1 1 1 1 1 1 1 1 1 1 1 1 1 1 1 1 1 1 1 1 1 1 1 1 1 1 1 1 1 1 1 1 1 1 1 1 1 1 1 1 1 1 1 1 1 1 1 1 1 1 1 1 1 1 1 1 1 1 1 1 1 1 1 1 1 1 1 1 1 1 1 1 1 1 1 1 1 1 1 1 1 1 1 1 1 1 1 1 1 1 1 1 1 1 1 1 1 1 1 1 1 1 1 1 1 1 1 1 1 1 1 1 1 1 1 1 1 1 1 1 1 1 1 1 1 1 1 1 1 1 1 1 1 1 1 1 1 1 1 1 1 1 1 1 1 1 3 100 7 100 100 7 100 7 100 100 7 7 1 1 1 1 1 1 1 1 1 1 1 1 1 1 1 1 1 1 1 1 1 1 1 1 1 1 1 1 1 1 1 1 1 1 1 1 1 1 1 1 1 1 1 1 1 1 1 1 1 1 1 1 1 1 1 1 1 1 1 1 1 1 1 1 1 1 1 1 1 12 12 12 12 12 12 12 12 12 12 12 12 12 12 12 12 12 12 12 12 12 12 12 12 12 12 12 12 12 12 12 12 12 12 12 12 12 12 12 12 12 12 12 12 12 12 12 12 12 12 12 12 12 12 12 12 12 12 12 12 12 12 9 9 9 9 9 9 9 9 9 9 9 9 9 9 9 9 9 9 9 9 10 10 10 10 10 10 10 10 10 10 10 10 10 10 10 10 10 10 10 10 10 10 10 10 10 10 10 10 10 10 10 10 10 10 10 10 10 10 10 10 10 10 10 10 1
staticfield sun/misc/Unsafe theUnsafe Lsun/misc/Unsafe; sun/misc/Unsafe
staticfield sun/misc/Unsafe ARRAY_BOOLEAN_BASE_OFFSET I 16
staticfield sun/misc/Unsafe ARRAY_BYTE_BASE_OFFSET I 16
staticfield sun/misc/Unsafe ARRAY_SHORT_BASE_OFFSET I 16
staticfield sun/misc/Unsafe ARRAY_CHAR_BASE_OFFSET I 16
staticfield sun/misc/Unsafe ARRAY_INT_BASE_OFFSET I 16
staticfield sun/misc/Unsafe ARRAY_LONG_BASE_OFFSET I 16
staticfield sun/misc/Unsafe ARRAY_FLOAT_BASE_OFFSET I 16
staticfield sun/misc/Unsafe ARRAY_DOUBLE_BASE_OFFSET I 16
staticfield sun/misc/Unsafe ARRAY_OBJECT_BASE_OFFSET I 16
staticfield sun/misc/Unsafe ARRAY_BOOLEAN_INDEX_SCALE I 1
staticfield sun/misc/Unsafe ARRAY_BYTE_INDEX_SCALE I 1
staticfield sun/misc/Unsafe ARRAY_SHORT_INDEX_SCALE I 2
staticfield sun/misc/Unsafe ARRAY_CHAR_INDEX_SCALE I 2
staticfield sun/misc/Unsafe ARRAY_INT_INDEX_SCALE I 4
staticfield sun/misc/Unsafe ARRAY_LONG_INDEX_SCALE I 8
staticfield sun/misc/Unsafe ARRAY_FLOAT_INDEX_SCALE I 4
staticfield sun/misc/Unsafe ARRAY_DOUBLE_INDEX_SCALE I 8
staticfield sun/misc/Unsafe ARRAY_OBJECT_INDEX_SCALE I 4
staticfield sun/misc/Unsafe ADDRESS_SIZE I 8
instanceKlass com/sun/corba/ee/impl/encoding/CDRInputStreamBase
instanceKlass sun/java2d/cmm/ProfileDeferralInfo
instanceKlass java/io/ObjectInputStream$PeekInputStream
instanceKlass java/io/ObjectInputStream$BlockDataInputStream
instanceKlass org/omg/CORBA/portable/InputStream
instanceKlass java/io/ObjectInputStream
instanceKlass com/mysql/cj/protocol/a/CompressedInputStream
instanceKlass com/mysql/cj/protocol/ReadAheadInputStream
instanceKlass java/util/jar/JarVerifier$VerifierStream
instanceKlass com/sun/org/apache/xerces/internal/impl/XMLEntityManager$RewindableInputStream
instanceKlass java/util/zip/ZipFile$ZipFileInputStream
instanceKlass java/io/FilterInputStream
instanceKlass java/io/FileInputStream
instanceKlass java/io/ByteArrayInputStream
ciInstanceKlass java/io/InputStream 1 1 61 8 1 1 1 1 1 1 1 1 1 1 1 1 1 1 1 1 1 1 1 1 1 1 1 1 1 1 1 1 1 1 1 1 1 1 1 3 5 0 100 100 7 7 100 100 100 7 12 12 12 12 12 10 10 10 10 10 10 10 1
instanceKlass sun/security/util/DerInputBuffer
ciInstanceKlass java/io/ByteArrayInputStream 1 1 62 1 1 1 1 1 1 1 1 1 1 1 1 1 1 1 1 1 1 1 1 1 1 1 1 1 1 1 1 1 1 1 1 1 1 1 1 7 100 7 100 7 100 7 1 12 12 12 12 12 12 12 9 9 9 9 10 10 10 10 10 1
ciInstanceKlass java/io/File 1 1 582 8 8 8 8 8 8 8 8 8 8 8 8 8 8 8 8 8 8 8 7 1 1 1 1 1 1 1 1 1 1 1 1 1 1 1 1 1 1 1 1 1 1 1 1 1 1 1 1 1 1 1 1 1 1 1 1 1 1 1 1 1 1 1 1 1 1 1 1 1 1 1 1 1 1 1 1 1 1 1 1 1 1 1 1 1 1 1 1 1 1 1 1 1 1 1 1 1 1 1 1 1 1 1 1 1 1 1 1 1 1 1 1 1 1 1 1 1 1 1 1 1 1 1 1 1 1 1 1 1 1 1 1 1 1 1 1 1 1 1 1 1 1 1 1 1 1 1 1 1 1 1 1 1 1 1 1 1 1 1 1 1 1 1 1 1 1 1 1 1 1 1 1 1 1 1 1 1 1 1 1 1 1 1 1 1 1 1 1 1 1 1 1 1 1 1 1 1 1 1 1 1 1 1 1 1 1 1 1 1 1 1 1 1 1 1 1 1 1 1 1 1 1 1 1 1 1 1 1 1 1 1 1 1 1 1 1 1 1 5 0 7 100 7 100 7 100 100 7 7 7 100 100 100 100 100 7 7 100 100 100 100 7 100 100 100 100 7 7 7 100 7 7 100 7 7 7 100 7 100 7 1 1 1 1 1 1 1 1 1 1 1 1 1 1 1 1 1 1 1 1 1 1 1 1 1 1 1 1 1 1 1 1 1 1 1 1 1 1 1 1 1 1 1 1 1 1 1 1 1 1 1 1 1 1 1 12 12 12 12 12 12 12 12 12 12 12 12 12 12 12 12 12 12 12 12 12 12 12 12 12 12 12 12 12 12 12 12 12 12 12 12 12 12 12 12 12 12 12 12 12 12 12 12 12 12 12 12 12 12 12 12 12 12 12 12 12 12 12 12 12 12 12 12 12 12 12 12 12 12 12 12 12 12 12 12 12 12 12 12 12 12 12 12 12 12 12 12 12 12 12 12 12 12 12 12 12 12 12 12 12 12 12 12 12 12 12 12 12 12 12 9 9 9 9 9 9 9 9 9 9 9 9 9 9 9 10 10 10 10 10 10 10 10 10 10 10 10 10 10 10 10 10 10 10 10 10 10 10 10 10 10 10 10 10 10 10 10 10 10 10 10 10 10 10 10 10 10 10 10 10 10 10 10 10 10 10 10 10 10 10 10 10 10 10 10 10 10 10 10 10 10 10 10 10 10 10 10 10 10 10 10 10 10 10 10 10 10 10 10 10 10 10 10 10 10 10 10 10 10 10 10 10 10 10 10 10 10 10 10 10 10 10 11 11 11 11 11 1 1 1 1
staticfield java/io/File fs Ljava/io/FileSystem; java/io/WinNTFileSystem
staticfield java/io/File separatorChar C 92
staticfield java/io/File separator Ljava/lang/String; "\"
staticfield java/io/File pathSeparatorChar C 59
staticfield java/io/File pathSeparator Ljava/lang/String; ";"
staticfield java/io/File PATH_OFFSET J 16
staticfield java/io/File PREFIX_LENGTH_OFFSET J 12
staticfield java/io/File UNSAFE Lsun/misc/Unsafe; sun/misc/Unsafe
staticfield java/io/File $assertionsDisabled Z 1
instanceKlass org/eclipse/persistence/internal/jpa/deployment/JavaSECMPInitializer$TempEntityLoader
instanceKlass com/sun/enterprise/loader/ASURLClassLoader
instanceKlass com/sun/enterprise/module/impl/ClassLoaderProxy
instanceKlass org/glassfish/appclient/client/acc/ACCClassLoader
instanceKlass org/glassfish/appclient/client/acc/agent/ACCAgentClassLoader
instanceKlass sun/misc/Launcher$ExtClassLoader
instanceKlass sun/misc/Launcher$AppClassLoader
ciInstanceKlass java/net/URLClassLoader 1 1 524 8 8 8 8 8 8 8 8 8 8 8 8 1 1 1 1 1 1 1 1 1 1 1 1 1 1 1 1 1 1 1 1 1 1 1 1 1 1 1 1 1 1 1 1 1 1 1 1 1 1 1 1 1 1 1 1 1 1 1 1 1 1 1 1 1 1 1 1 1 1 1 1 1 1 1 1 1 1 1 1 1 1 1 1 1 1 1 1 1 1 1 1 1 1 1 1 1 1 1 1 1 1 1 1 1 1 1 1 1 1 1 1 1 1 1 1 1 1 1 1 1 1 1 1 1 1 1 1 1 1 1 1 1 1 1 1 1 1 1 1 1 1 1 1 1 1 1 1 1 1 1 1 1 1 1 1 1 1 1 1 1 1 1 1 1 1 1 1 1 1 1 1 1 1 1 1 1 1 1 1 1 1 1 1 1 1 1 1 1 1 1 1 1 100 100 7 7 100 100 100 7 7 7 100 100 7 100 100 100 7 100 7 100 7 100 7 7 7 7 7 100 100 100 7 7 100 100 100 7 7 7 7 100 7 100 100 100 7 7 7 100 7 7 7 7 7 7 100 100 1 1 1 1 1 1 1 1 1 1 1 1 1 1 1 1 1 1 1 1 1 1 1 1 1 1 1 1 1 1 1 1 1 1 1 1 1 1 1 1 1 1 1 1 1 1 1 1 1 1 1 1 1 1 1 1 1 1 1 1 1 1 1 1 1 1 1 1 1 1 12 12 12 12 12 12 12 12 12 12 12 12 12 12 12 12 12 12 12 12 12 12 12 12 12 12 12 12 12 12 12 12 12 12 12 12 12 12 12 12 12 12 12 12 12 12 12 12 12 12 12 12 12 12 12 12 12 12 12 12 12 12 12 12 12 12 12 12 12 12 12 12 12 12 12 12 12 12 12 12 12 12 12 12 12 12 12 12 12 12 12 12 12 12 12 12 12 9 9 9 9 9 9 9 9 9 9 9 9 10 10 10 10 10 10 10 10 10 10 10 10 10 10 10 10 10 10 10 10 10 10 10 10 10 10 10 10 10 10 10 10 10 10 10 10 10 10 10 10 10 10 10 10 10 10 10 10 10 10 10 10 10 10 10 10 10 10 10 10 10 10 10 10 10 10 10 10 10 10 10 10 10 10 10 10 10 10 10 10 10 10 10 10 10 10 11 11 11 11 11 11 11 11 11
ciInstanceKlass java/net/URL 1 1 584 8 8 8 8 8 8 8 8 8 8 8 8 8 8 8 8 8 8 8 8 8 8 8 8 8 8 7 1 1 1 1 1 1 1 1 1 1 1 1 1 1 1 1 1 1 1 1 1 1 1 1 1 1 1 1 1 1 1 1 1 1 1 1 1 1 1 1 1 1 1 1 1 1 1 1 1 1 1 1 1 1 1 1 1 1 1 1 1 1 1 1 1 1 1 1 1 1 1 1 1 1 1 1 1 1 1 1 1 1 1 1 1 1 1 1 1 1 1 1 1 1 1 1 1 1 1 1 1 1 1 1 1 1 1 1 1 1 1 1 1 1 1 1 1 1 1 1 1 1 1 1 1 1 1 1 1 1 1 1 1 1 1 1 1 1 1 1 1 1 1 1 1 1 1 1 1 1 1 1 1 1 1 1 1 1 1 1 1 1 1 1 1 1 1 1 1 1 1 1 1 1 1 1 1 1 1 1 1 1 1 1 1 1 1 1 1 1 1 1 1 1 1 1 1 1 1 1 1 1 1 1 1 1 1 1 1 5 0 7 7 100 100 100 7 7 100 7 7 100 7 100 100 100 7 7 100 100 7 7 100 100 100 7 7 100 100 7 7 7 7 7 7 100 100 7 7 7 100 7 7 7 100 1 1 1 1 1 1 1 1 1 1 1 1 1 1 1 1 1 1 1 1 1 1 1 1 1 1 1 1 1 1 1 1 1 1 1 1 1 1 1 1 1 1 1 1 1 1 1 1 1 1 1 1 1 1 1 12 12 12 12 12 12 12 12 12 12 12 12 12 12 12 12 12 12 12 12 12 12 12 12 12 12 12 12 12 12 12 12 12 12 12 12 12 12 12 12 12 12 12 12 12 12 12 12 12 12 12 12 12 12 12 12 12 12 12 12 12 12 12 12 12 12 12 12 12 12 12 12 12 12 12 12 12 12 12 12 12 12 12 12 12 12 12 12 12 12 12 12 12 12 12 12 12 12 12 12 12 12 12 12 12 12 12 12 12 12 12 12 12 12 12 9 9 9 9 9 9 9 9 9 9 9 9 9 9 9 9 9 9 9 9 9 10 10 10 10 10 10 10 10 10 10 10 10 10 10 10 10 10 10 10 10 10 10 10 10 10 10 10 10 10 10 10 10 10 10 10 10 10 10 10 10 10 10 10 10 10 10 10 10 10 10 10 10 10 10 10 10 10 10 10 10 10 10 10 10 10 10 10 10 10 10 10 10 10 10 10 10 10 10 10 10 10 10 10 10 10 10 10 10 10 10 10 10 10 10 10 10 10 10 10 10 10 10 10 10 10 10 10 10 11 1
staticfield java/net/URL serialPersistentFields [Ljava/io/ObjectStreamField; 7 [Ljava/io/ObjectStreamField;
instanceKlass com/sun/enterprise/module/single/ManifestProxy
ciInstanceKlass java/util/jar/Manifest 1 1 256 8 8 8 8 8 8 8 1 1 1 1 1 1 1 1 1 1 1 1 1 1 1 1 1 1 1 1 1 1 1 1 1 1 1 1 1 1 1 1 1 1 1 1 1 1 1 1 1 1 1 1 1 1 1 1 1 1 1 1 1 1 1 1 1 1 1 1 1 1 1 1 1 1 1 1 1 1 1 1 1 1 1 1 1 1 1 1 1 1 1 1 1 1 1 1 1 1 1 1 1 100 100 7 100 100 100 7 7 100 7 100 100 7 7 100 7 100 100 7 7 7 7 1 1 1 1 1 1 1 1 1 1 1 1 1 1 1 1 1 1 1 1 1 1 1 1 1 12 12 12 12 12 12 12 12 12 12 12 12 12 12 12 12 12 12 12 12 12 12 12 12 12 12 12 12 12 12 12 12 12 12 12 12 12 12 12 12 12 12 12 12 12 12 12 12 9 9 9 10 10 10 10 10 10 10 10 10 10 10 10 10 10 10 10 10 10 10 10 10 10 10 10 10 10 10 10 10 10 10 10 10 10 10 10 10 10 10 10 10 10 10 11 11 11 11 11 11 11 11 11 11 11 11 1 1
ciInstanceKlass sun/misc/Launcher 1 1 222 8 8 8 8 8 8 8 8 8 8 1 1 1 1 1 1 1 1 1 1 1 1 1 1 1 1 1 1 1 1 1 1 1 1 1 1 1 1 1 1 1 1 1 1 1 1 1 1 1 1 1 1 1 1 1 1 1 1 1 1 1 1 1 1 1 1 1 1 1 1 1 1 1 1 1 1 1 1 1 1 1 1 1 1 1 1 1 1 1 1 1 1 1 1 1 1 1 1 1 1 100 100 7 100 100 100 100 100 100 100 100 7 100 7 100 7 7 100 7 7 100 7 7 7 7 7 1 1 1 1 1 1 1 1 1 1 1 1 1 1 1 1 1 1 1 1 1 1 1 12 12 12 12 12 12 12 12 12 12 12 12 12 12 12 12 12 12 12 12 12 12 12 12 12 12 12 12 12 12 12 12 9 9 9 9 9 9 10 10 10 10 10 10 10 10 10 10 10 10 10 10 10 10 10 10 10 10 10 10 10 10 10 10 10 10 10 10 1 1 1 1
ciInstanceKlass sun/misc/Launcher$AppClassLoader 1 1 220 8 8 8 7 1 1 1 1 1 1 1 1 1 1 1 1 1 1 1 1 1 1 1 1 1 1 1 1 1 1 1 1 1 1 1 1 1 1 1 1 1 1 1 1 1 1 1 1 1 1 1 1 1 1 1 1 1 1 1 1 1 1 1 1 1 1 1 1 1 1 1 1 1 1 1 1 1 1 1 1 1 1 1 1 1 1 1 1 100 100 100 100 100 7 7 100 7 100 7 7 100 100 7 100 7 100 7 100 100 7 7 7 100 7 7 1 1 1 1 1 1 1 1 1 1 1 1 1 1 1 1 1 1 1 1 1 1 1 1 1 1 1 12 12 12 12 12 12 12 12 12 12 12 12 12 12 12 12 12 12 12 12 12 12 12 12 12 12 12 12 12 12 12 12 12 12 12 12 12 9 9 10 10 10 10 10 10 10 10 10 10 10 10 10 10 10 10 10 10 10 10 10 10 10 10 10 10 10 10 10 10 10 10 10 10 10 10 11 1
staticfield sun/misc/Launcher$AppClassLoader $assertionsDisabled Z 1
ciInstanceKlass sun/misc/Launcher$ExtClassLoader 1 1 243 8 8 8 7 1 1 1 1 1 1 1 1 1 1 1 1 1 1 1 1 1 1 1 1 1 1 1 1 1 1 1 1 1 1 1 1 1 1 1 1 1 1 1 1 1 1 1 1 1 1 1 1 1 1 1 1 1 1 1 1 1 1 1 1 1 1 1 1 1 1 1 1 1 1 1 1 1 1 1 1 1 1 1 1 1 1 1 1 1 1 1 1 1 1 1 100 100 100 100 7 100 7 100 7 7 100 7 100 7 7 100 100 100 7 100 100 100 7 7 7 7 7 100 7 7 7 1 1 1 1 1 1 1 1 1 1 1 1 1 1 1 1 1 1 1 1 1 1 1 1 1 1 1 12 12 12 12 12 12 12 12 12 12 12 12 12 12 12 12 12 12 12 12 12 12 12 12 12 12 12 12 12 12 12 12 12 12 12 12 12 12 12 12 12 12 12 9 9 10 10 10 10 10 10 10 10 10 10 10 10 10 10 10 10 10 10 10 10 10 10 10 10 10 10 10 10 10 10 10 10 10 10 10 10 10 10 10 10 10 11 11 1
ciInstanceKlass java/security/CodeSource 1 1 324 8 8 8 8 8 8 8 8 8 8 8 8 8 8 1 1 1 1 1 1 1 1 1 1 1 1 1 1 1 1 1 1 1 1 1 1 1 1 1 1 1 1 1 1 1 1 1 1 1 1 1 1 1 1 1 1 1 1 1 1 1 1 1 1 1 1 1 1 1 1 1 1 1 1 1 1 1 1 1 1 1 1 1 1 1 1 1 1 1 1 1 1 1 1 1 1 1 1 1 1 1 1 1 1 1 1 1 1 1 1 1 1 1 1 1 1 1 1 1 1 1 1 1 1 1 1 1 1 1 1 1 1 1 1 1 1 5 0 100 7 7 100 7 100 100 100 7 7 100 100 100 7 7 7 7 7 100 100 100 100 7 100 100 100 1 1 1 1 1 1 1 1 1 1 1 1 1 1 1 1 1 1 1 1 1 1 1 1 1 12 12 12 12 12 12 12 12 12 12 12 12 12 12 12 12 12 12 12 12 12 12 12 12 12 12 12 12 12 12 12 12 12 12 12 12 12 12 12 12 12 12 12 12 12 12 12 12 12 12 12 12 12 12 12 12 12 12 12 12 12 9 9 9 9 9 10 10 10 10 10 10 10 10 10 10 10 10 10 10 10 10 10 10 10 10 10 10 10 10 10 10 10 10 10 10 10 10 10 10 10 10 10 10 10 10 10 10 10 10 10 10 10 10 10 10 10 10 10 10 10 10 10 10 10 10 10 10 10 11 11 11 11 1
ciInstanceKlass java/lang/StackTraceElement 1 1 98 8 8 8 8 8 8 8 8 1 1 1 1 1 1 1 1 1 1 1 1 1 1 1 1 1 1 1 1 1 1 1 1 1 1 1 1 1 1 1 1 1 1 1 1 1 1 1 1 1 1 1 5 0 100 100 7 100 100 100 1 1 1 1 1 1 12 12 12 12 12 12 12 12 12 12 12 12 12 12 12 9 9 9 9 10 10 10 10 10 10 10 10 10 10 10 10 1
instanceKlass java/nio/ShortBuffer
instanceKlass java/nio/IntBuffer
instanceKlass java/nio/FloatBuffer
instanceKlass java/nio/DoubleBuffer
instanceKlass java/nio/LongBuffer
instanceKlass java/nio/CharBuffer
instanceKlass java/nio/ByteBuffer
ciInstanceKlass java/nio/Buffer 1 1 132 8 8 8 8 8 8 8 8 7 1 1 1 1 1 1 1 1 1 1 1 1 1 1 1 1 1 1 1 1 1 1 1 1 1 1 1 1 1 1 1 1 1 1 1 1 1 1 1 1 1 1 1 1 1 1 1 1 1 1 1 1 1 1 1 1 1 1 1 1 1 1 1 1 1 1 1 1 3 100 7 100 100 7 100 100 100 100 100 1 1 1 1 1 1 12 12 12 12 12 12 12 12 12 12 12 12 12 12 12 9 9 9 9 9 10 10 10 10 10 10 10 10 10 10 10 10 10 10 10 10 1
staticfield java/nio/Buffer $assertionsDisabled Z 1
ciInstanceKlass java/lang/Boolean 1 1 110 8 8 8 1 1 1 1 1 1 1 1 1 1 1 1 1 1 1 1 1 1 1 1 1 1 1 1 1 1 1 1 1 1 1 1 1 1 1 1 1 1 1 1 1 1 1 1 1 1 1 1 1 1 1 1 1 1 1 1 1 5 0 100 7 7 100 100 100 7 100 7 7 1 1 1 1 1 1 1 1 12 12 12 12 12 12 12 12 12 12 12 12 12 12 9 9 9 9 10 10 10 10 10 10 10 10 10 10 1
staticfield java/lang/Boolean TRUE Ljava/lang/Boolean; java/lang/Boolean
staticfield java/lang/Boolean FALSE Ljava/lang/Boolean; java/lang/Boolean
staticfield java/lang/Boolean TYPE Ljava/lang/Class; java/lang/Class
ciInstanceKlass java/lang/Character 1 1 459 3 3 3 3 3 3 3 3 8 8 7 1 1 1 1 1 1 1 1 1 1 1 1 1 1 1 1 1 1 1 1 1 1 1 1 1 1 1 1 1 1 1 1 1 1 1 1 1 1 1 1 1 1 1 1 1 1 1 1 1 1 1 1 1 1 1 1 1 1 1 1 1 1 1 1 1 1 1 1 1 1 1 1 1 1 1 1 1 1 1 1 1 1 1 1 1 1 1 1 1 1 1 1 1 1 1 1 1 1 1 1 1 1 1 1 1 1 1 1 1 1 1 1 1 1 1 1 1 1 1 1 1 1 1 1 1 1 1 1 1 1 1 1 1 1 1 1 1 1 1 1 1 1 1 1 1 1 1 1 1 1 1 1 1 1 1 1 1 1 1 1 1 1 1 1 1 1 1 1 1 1 1 1 1 1 1 1 1 1 1 1 1 1 1 1 1 1 1 1 1 1 1 1 1 1 1 1 1 1 1 1 1 1 1 1 1 1 1 1 1 1 1 1 1 3 3 3 3 3 3 3 3 3 3 3 3 3 3 3 3 3 3 3 3 3 3 3 3 3 3 3 3 3 3 3 3 3 3 3 3 3 5 0 5 0 100 100 7 7 100 100 100 7 100 7 100 100 100 100 7 100 100 100 1 1 1 1 1 1 1 1 1 1 1 1 1 1 1 12 12 12 12 12 12 12 12 12 12 12 12 12 12 12 12 12 12 12 12 12 12 12 12 12 12 12 12 12 12 12 12 12 12 12 12 12 12 12 12 12 12 12 12 12 12 12 12 12 12 12 12 12 12 12 12 12 12 12 12 12 12 12 12 12 12 12 12 9 9 9 9 9 10 10 10 10 10 10 10 10 10 10 10 10 10 10 10 10 10 10 10 10 10 10 10 10 10 10 10 10 10 10 10 10 10 10 10 10 10 10 10 10 10 10 10 10 10 10 10 10 10 10 10 10 10 10 10 10 10 10 10 10 10 10 10 10 10 10 10 10 10 10 10 10 10 10 10 10 10 10 10 10 11 11 1 1 1 1 1
staticfield java/lang/Character TYPE Ljava/lang/Class; java/lang/Class
staticfield java/lang/Character $assertionsDisabled Z 1
instanceKlass java/math/BigDecimal
instanceKlass java/math/BigInteger
instanceKlass java/util/concurrent/atomic/AtomicLong
instanceKlass java/util/concurrent/atomic/AtomicInteger
instanceKlass java/lang/Long
instanceKlass java/lang/Integer
instanceKlass java/lang/Short
instanceKlass java/lang/Byte
instanceKlass java/lang/Double
instanceKlass java/lang/Float
ciInstanceKlass java/lang/Number 1 1 34 1 1 1 1 1 1 1 1 1 1 1 1 1 1 1 1 1 1 1 1 1 1 1 5 0 100 100 7 12 12 10 10 1
ciInstanceKlass java/lang/Float 1 1 169 3 3 3 4 4 4 4 8 8 8 1 1 1 1 1 1 1 1 1 1 1 1 1 1 1 1 1 1 1 1 1 1 1 1 1 1 1 1 1 1 1 1 1 1 1 1 1 1 1 1 1 1 1 1 1 1 1 1 1 1 1 1 1 1 1 1 1 1 1 1 1 1 1 1 1 1 1 1 1 1 1 1 1 1 1 1 1 1 1 1 1 1 1 1 1 1 1 1 3 3 3 3 4 4 5 0 7 100 100 7 100 7 100 100 7 1 1 1 1 1 1 1 1 1 12 12 12 12 12 12 12 12 12 12 12 12 12 12 12 12 12 12 12 12 12 9 9 10 10 10 10 10 10 10 10 10 10 10 10 10 10 10 10 10 10 10 10 1
staticfield java/lang/Float TYPE Ljava/lang/Class; java/lang/Class
ciInstanceKlass java/lang/Double 1 1 223 8 8 8 8 8 8 8 8 8 8 1 1 1 1 1 1 1 1 1 1 1 1 1 1 1 1 1 1 1 1 1 1 1 1 1 1 1 1 1 1 1 1 1 1 1 1 1 1 1 1 1 1 1 1 1 1 1 1 1 1 1 1 1 1 1 1 1 1 1 1 1 1 1 1 1 1 1 1 1 1 1 1 1 1 1 1 1 1 1 1 1 1 1 1 1 1 1 1 1 1 1 1 1 1 1 1 1 1 1 1 1 3 3 3 3 5 0 5 0 5 0 5 0 5 0 6 0 6 0 6 0 6 0 6 0 6 0 6 0 7 100 7 100 100 7 100 100 100 7 1 1 1 1 1 1 1 1 1 1 1 12 12 12 12 12 12 12 12 12 12 12 12 12 12 12 12 12 12 12 12 12 12 12 12 12 12 12 12 12 12 9 9 10 10 10 10 10 10 10 10 10 10 10 10 10 10 10 10 10 10 10 10 10 10 10 10 10 10 10 10 10 1
staticfield java/lang/Double TYPE Ljava/lang/Class; java/lang/Class
ciInstanceKlass java/lang/Byte 1 1 153 8 8 8 8 8 1 1 1 1 1 1 1 1 1 1 1 1 1 1 1 1 1 1 1 1 1 1 1 1 1 1 1 1 1 1 1 1 1 1 1 1 1 1 1 1 1 1 1 1 1 1 1 1 1 1 1 1 1 1 1 1 1 1 1 1 1 1 1 1 1 1 1 1 1 1 1 1 3 3 3 3 5 0 5 0 7 7 7 100 100 7 100 100 1 1 1 1 1 1 1 1 1 1 1 1 1 1 12 12 12 12 12 12 12 12 12 12 12 12 12 12 12 12 12 12 12 12 12 9 9 9 10 10 10 10 10 10 10 10 10 10 10 10 10 10 10 10 10 10 10 1 1
staticfield java/lang/Byte TYPE Ljava/lang/Class; java/lang/Class
ciInstanceKlass java/lang/Short 1 1 159 3 3 8 8 8 8 8 1 1 1 1 1 1 1 1 1 1 1 1 1 1 1 1 1 1 1 1 1 1 1 1 1 1 1 1 1 1 1 1 1 1 1 1 1 1 1 1 1 1 1 1 1 1 1 1 1 1 1 1 1 1 1 1 1 1 1 1 1 1 1 1 1 1 1 1 1 1 1 1 1 1 3 3 3 3 5 0 5 0 7 100 100 7 100 7 7 100 1 1 1 1 1 1 1 1 1 1 1 1 1 1 12 12 12 12 12 12 12 12 12 12 12 12 12 12 12 12 12 12 12 12 12 12 9 9 9 10 10 10 10 10 10 10 10 10 10 10 10 10 10 10 10 10 10 10 10 1 1
staticfield java/lang/Short TYPE Ljava/lang/Class; java/lang/Class
ciInstanceKlass java/lang/Integer 1 1 313 3 3 3 3 3 3 3 3 3 3 3 3 3 3 3 8 8 8 8 8 8 8 8 8 8 8 8 8 8 8 8 1 1 1 1 1 1 1 1 1 1 1 1 1 1 1 1 1 1 1 1 1 1 1 1 1 1 1 1 1 1 1 1 1 1 1 1 1 1 1 1 1 1 1 1 1 1 1 1 1 1 1 1 1 1 1 1 1 1 1 1 1 1 1 1 1 1 1 1 1 1 1 1 1 1 1 1 1 1 1 1 1 1 1 1 1 1 1 1 1 1 1 1 1 1 1 1 1 1 1 1 1 1 1 1 1 1 1 1 1 1 1 1 1 1 1 1 1 1 1 1 1 1 1 1 1 1 1 1 1 1 1 1 1 1 1 1 1 1 1 1 3 3 5 0 5 0 5 0 100 7 7 100 100 7 7 100 7 100 7 100 100 100 7 100 7 1 1 1 1 1 1 1 1 1 1 1 1 1 1 1 1 1 12 12 12 12 12 12 12 12 12 12 12 12 12 12 12 12 12 12 12 12 12 12 12 12 12 12 12 12 12 12 12 12 12 12 12 12 12 12 12 12 12 12 12 12 12 12 12 12 9 9 9 9 9 9 9 9 10 10 10 10 10 10 10 10 10 10 10 10 10 10 10 10 10 10 10 10 10 10 10 10 10 10 10 10 10 10 10 10 10 10 10 10 10 10 10 10 10 1 1
staticfield java/lang/Integer TYPE Ljava/lang/Class; java/lang/Class
staticfield java/lang/Integer digits [C 36
staticfield java/lang/Integer DigitTens [C 100
staticfield java/lang/Integer DigitOnes [C 100
staticfield java/lang/Integer sizeTable [I 10
ciInstanceKlass java/lang/Long 1 1 360 3 3 8 8 8 8 8 8 8 8 8 8 8 8 8 8 8 8 8 1 1 1 1 1 1 1 1 1 1 1 1 1 1 1 1 1 1 1 1 1 1 1 1 1 1 1 1 1 1 1 1 1 1 1 1 1 1 1 1 1 1 1 1 1 1 1 1 1 1 1 1 1 1 1 1 1 1 1 1 1 1 1 1 1 1 1 1 1 1 1 1 1 1 1 1 1 1 1 1 1 1 1 1 1 1 1 1 1 1 1 1 1 1 1 1 1 1 1 1 1 1 1 1 1 1 1 1 1 1 1 1 1 1 1 1 1 1 1 1 1 1 1 1 1 1 1 1 1 1 1 1 1 1 1 1 1 1 1 1 1 1 1 1 1 1 3 3 5 0 5 0 5 0 5 0 5 0 5 0 5 0 5 0 5 0 5 0 5 0 5 0 5 0 5 0 5 0 100 7 7 100 100 7 7 7 7 100 7 100 100 100 7 100 100 100 1 1 1 1 1 1 1 1 1 1 1 1 1 1 1 1 1 1 1 1 1 1 12 12 12 12 12 12 12 12 12 12 12 12 12 12 12 12 12 12 12 12 12 12 12 12 12 12 12 12 12 12 12 12 12 12 12 12 12 12 12 12 12 12 12 12 12 12 12 12 12 12 12 12 12 12 12 12 12 12 12 9 9 9 9 9 9 10 10 10 10 10 10 10 10 10 10 10 10 10 10 10 10 10 10 10 10 10 10 10 10 10 10 10 10 10 10 10 10 10 10 10 10 10 10 10 10 10 10 10 10 10 10 10 10 10 10 10 10 10 10 10 1 1
staticfield java/lang/Long TYPE Ljava/lang/Class; java/lang/Class
ciInstanceKlass java/lang/NullPointerException 1 1 21 1 1 1 1 1 1 1 1 1 1 1 5 0 100 7 12 12 10 10 1
ciInstanceKlass java/lang/ArithmeticException 1 1 21 1 1 1 1 1 1 1 1 1 1 1 5 0 100 100 12 12 10 10 1
ciInstanceKlass java/security/AccessController 1 1 187 8 8 8 8 8 8 8 8 1 1 1 1 1 1 1 1 1 1 1 1 1 1 1 1 1 1 1 1 1 1 1 1 1 1 1 1 1 1 1 1 1 1 1 1 1 1 1 1 1 1 1 1 1 1 1 1 1 1 1 1 1 1 1 1 1 1 1 1 1 1 100 100 100 100 100 100 7 100 7 7 100 100 100 7 7 100 1 1 1 1 1 1 1 1 1 1 1 1 1 1 1 1 1 1 1 1 1 1 1 1 1 1 1 1 1 1 1 1 12 12 12 12 12 12 12 12 12 12 12 12 12 12 12 12 12 12 12 12 12 12 12 12 12 12 12 12 12 12 12 12 12 10 10 10 10 10 10 10 10 10 10 10 10 10 10 10 10 10 10 10 10 10 10 10 10 10 10 10 10 10 10 10 10 10 10 1
ciInstanceKlass java/security/PrivilegedAction 1 0 12 1 1 1 1 1 1 1 100 100 1 1
ciInstanceKlass java/util/Collection 1 1 87 1 1 1 1 1 1 1 1 1 1 1 1 1 1 1 1 1 1 1 1 1 1 1 1 1 1 1 1 1 1 1 1 1 1 1 1 1 1 1 1 1 1 100 100 7 100 100 100 100 7 1 1 1 1 1 1 1 1 1 1 1 1 1 1 1 1 1 12 12 12 12 12 12 12 12 12 10 10 10 11 11 11 11 11 11 1
ciInstanceKlass java/util/List 1 1 112 1 1 1 1 1 1 1 1 1 1 1 1 1 1 1 1 1 1 1 1 1 1 1 1 1 1 1 1 1 1 1 1 1 1 1 1 1 1 1 1 1 1 1 1 1 1 1 1 1 1 1 1 100 100 100 100 100 100 100 100 100 100 1 1 1 1 1 1 1 1 1 1 1 1 1 1 1 1 1 1 1 1 1 1 1 1 1 1 1 1 1 1 12 12 12 12 12 12 12 12 12 10 10 10 11 11 11 11 11 11 1
instanceKlass java/util/TreeMap$Values
instanceKlass java/util/AbstractQueue
instanceKlass java/util/LinkedHashMap$LinkedValues
instanceKlass java/util/HashMap$Values
instanceKlass java/util/ArrayDeque
instanceKlass java/util/AbstractSet
instanceKlass java/util/AbstractList
ciInstanceKlass java/util/AbstractCollection 1 1 143 3 3 8 8 8 1 1 1 1 1 1 1 1 1 1 1 1 1 1 1 1 1 1 1 1 1 1 1 1 1 1 1 1 1 1 1 1 1 1 1 1 1 1 1 1 1 1 1 1 1 1 1 1 1 1 1 1 1 1 1 1 1 1 1 1 7 7 7 100 100 100 100 7 7 100 7 7 7 1 1 1 1 1 1 1 1 1 1 1 1 1 1 1 1 1 12 12 12 12 12 12 12 12 12 12 12 12 12 12 12 12 12 12 12 12 12 10 10 10 10 10 10 10 10 10 10 10 10 10 10 10 10 10 10 10 10 11 11 11 11 11 1
instanceKlass com/sun/corba/ee/impl/ior/FreezableList
instanceKlass sun/awt/util/IdentityArrayList
instanceKlass com/sun/org/apache/xerces/internal/impl/xs/util/XSObjectListImpl
instanceKlass com/sun/org/apache/xerces/internal/impl/xs/util/ShortListImpl
instanceKlass com/sun/org/apache/xerces/internal/impl/dv/xs/ListDV$ListData
instanceKlass java/util/SubList
instanceKlass sun/security/jca/ProviderList$ServiceList
instanceKlass sun/security/jca/ProviderList$3
instanceKlass java/util/Collections$SingletonList
instanceKlass com/sun/xml/bind/v2/model/impl/ElementPropertyInfoImpl$1
instanceKlass java/util/Arrays$ArrayList
instanceKlass java/util/ArrayList$SubList
instanceKlass java/util/AbstractSequentialList
instanceKlass java/util/Collections$EmptyList
instanceKlass java/util/ArrayList
instanceKlass java/util/Vector
ciInstanceKlass java/util/AbstractList 1 1 167 8 8 1 1 1 1 1 1 1 1 1 1 1 1 1 1 1 1 1 1 1 1 1 1 1 1 1 1 1 1 1 1 1 1 1 1 1 1 1 1 1 1 1 1 1 1 1 1 1 1 1 1 1 1 1 1 1 1 1 1 1 1 1 1 1 1 1 1 1 100 7 100 100 7 7 100 7 7 100 7 7 7 7 7 100 1 1 1 1 1 1 1 1 1 1 1 1 1 1 1 1 1 1 1 1 12 12 12 12 12 12 12 12 12 12 12 12 12 12 12 12 12 12 12 12 12 12 12 12 12 12 9 10 10 10 10 10 10 10 10 10 10 10 10 10 10 10 10 10 10 10 10 10 11 11 11 11 11 11 11 11 11 11 11 1 1
instanceKlass org/glassfish/api/invocation/InvocationManagerImpl$InvocationArray
instanceKlass javax/management/AttributeList
instanceKlass org/eclipse/persistence/platform/server/ServerPlatformUtils$1
instanceKlass com/sun/istack/FinalArrayList
ciInstanceKlass java/util/ArrayList 1 1 356 3 3 8 8 8 8 8 8 8 8 7 7 1 1 1 1 1 1 1 1 1 1 1 1 1 1 1 1 1 1 1 1 1 1 1 1 1 1 1 1 1 1 1 1 1 1 1 1 1 1 1 1 1 1 1 1 1 1 1 1 1 1 1 1 1 1 1 1 1 1 1 1 1 1 1 1 1 1 1 1 1 1 1 1 1 1 1 1 1 1 1 1 1 1 1 1 1 1 1 1 1 1 1 1 1 1 1 1 1 1 1 1 1 1 1 1 1 1 1 1 1 1 1 1 1 1 1 1 1 1 1 1 1 1 1 1 1 1 1 1 1 1 1 1 1 1 1 1 1 1 1 1 1 3 5 0 7 100 100 100 7 100 100 100 100 100 7 7 100 100 7 100 7 7 7 7 7 7 100 7 100 100 7 100 100 100 100 100 100 1 1 1 1 1 1 1 1 1 1 1 1 1 1 1 1 1 1 1 1 1 1 1 1 1 1 1 1 1 1 1 1 1 1 1 1 1 1 1 1 1 1 1 1 1 1 1 1 1 1 1 12 12 12 12 12 12 12 12 12 12 12 12 12 12 12 12 12 12 12 12 12 12 12 12 12 12 12 12 12 12 12 12 12 12 12 12 12 12 12 12 12 12 12 12 12 12 12 12 12 12 12 12 12 9 9 9 9 9 10 10 10 10 10 10 10 10 10 10 10 10 10 10 10 10 10 10 10 10 10 10 10 10 10 10 10 10 10 10 10 10 10 10 10 10 10 10 10 10 10 10 10 10 10 10 11 11 11 11 11 11 1 1 1 1 1
staticfield java/util/ArrayList EMPTY_ELEMENTDATA [Ljava/lang/Object; 0 [Ljava/lang/Object;
staticfield java/util/ArrayList DEFAULTCAPACITY_EMPTY_ELEMENTDATA [Ljava/lang/Object; 0 [Ljava/lang/Object;
instanceKlass org/glassfish/pfl/basic/concurrent/SoftCache
instanceKlass com/sun/corba/ee/spi/orb/ParserImplTableBase$FieldMap
instanceKlass org/glassfish/pfl/basic/concurrent/WeakHashMapSafeReadLock
instanceKlass org/hibernate/validator/internal/util/ConcurrentReferenceHashMap
instanceKlass java/util/EnumMap
instanceKlass java/util/Collections$SingletonMap
instanceKlass java/util/TreeMap
instanceKlass java/util/IdentityHashMap
instanceKlass java/util/concurrent/ConcurrentHashMap
instanceKlass java/util/WeakHashMap
instanceKlass sun/util/PreHashedMap
instanceKlass java/util/HashMap
instanceKlass java/util/Collections$EmptyMap
ciInstanceKlass java/util/AbstractMap 1 1 152 8 8 1 1 1 1 1 1 1 1 1 1 1 1 1 1 1 1 1 1 1 1 1 1 1 1 1 1 1 1 1 1 1 1 1 1 1 1 1 1 1 1 1 1 1 1 1 1 1 1 1 1 1 1 1 1 1 1 1 1 1 100 100 100 7 100 100 7 100 100 100 100 100 7 7 7 7 1 1 1 1 1 1 1 1 1 1 1 1 1 1 1 1 1 1 1 12 12 12 12 12 12 12 12 12 12 12 12 12 12 12 12 12 12 12 12 12 12 12 9 9 10 10 10 10 10 10 10 10 10 10 10 10 10 10 11 11 11 11 11 11 11 11 11 11 11 11 11 1 1 1
instanceKlass org/glassfish/pfl/dynamic/codegen/impl/ASMUtil$LineNumberTable
instanceKlass sun/nio/ch/WindowsSelectorImpl$FdMap
instanceKlass com/sun/enterprise/security/acl/RoleMapper$DefaultRoleToSubjectMapping
instanceKlass org/eclipse/persistence/internal/jpa/EntityManagerImpl$1
instanceKlass com/sun/enterprise/universal/glassfish/ASenvPropertyReader$ASenvMap
instanceKlass com/sun/xml/bind/v2/model/impl/ClassInfoImpl$PropertySorter
instanceKlass java/lang/ProcessEnvironment
instanceKlass java/util/LinkedHashMap
ciInstanceKlass java/util/HashMap 1 1 497 3 3 4 4 4 4 4 8 8 8 8 100 7 100 1 1 1 1 1 1 1 1 1 1 1 1 1 1 1 1 1 1 1 1 1 1 1 1 1 1 1 1 1 1 1 1 1 1 1 1 1 1 1 1 1 1 1 1 1 1 1 1 1 1 1 1 1 1 1 1 1 1 1 1 1 1 1 1 1 1 1 1 1 1 1 1 1 1 1 1 1 1 1 1 1 1 1 1 1 1 1 1 1 1 1 1 1 1 1 1 1 1 1 1 1 1 1 1 1 1 1 1 1 1 1 1 1 1 1 1 1 1 1 1 1 1 1 1 1 1 1 1 1 1 1 1 1 1 1 1 1 1 1 1 1 1 1 1 1 1 1 1 1 1 1 1 1 1 1 1 1 1 1 1 1 1 1 1 1 1 1 1 1 1 1 1 1 1 1 1 1 1 1 1 3 3 3 3 5 0 100 7 100 100 100 100 100 100 100 100 100 100 7 100 100 100 100 7 100 100 100 7 100 100 7 100 7 100 100 100 100 7 100 7 7 100 100 100 7 7 7 7 7 100 100 100 100 100 1 1 1 1 1 1 1 1 1 1 1 1 1 1 1 1 1 1 1 1 1 1 1 1 1 1 1 1 1 1 1 1 1 1 1 1 1 1 1 1 1 1 1 1 1 1 1 1 1 1 1 1 1 1 1 1 1 1 1 1 1 1 1 1 1 1 1 1 1 1 1 1 1 1 1 12 12 12 12 12 12 12 12 12 12 12 12 12 12 12 12 12 12 12 12 12 12 12 12 12 12 12 12 12 12 12 12 12 12 12 12 12 12 12 12 12 12 12 12 12 12 12 12 12 12 12 12 12 12 12 12 12 12 12 12 12 12 12 12 12 12 12 12 12 12 12 12 12 12 12 9 9 9 9 9 9 9 9 9 9 9 9 9 9 10 10 10 10 10 10 10 10 10 10 10 10 10 10 10 10 10 10 10 10 10 10 10 10 10 10 10 10 10 10 10 10 10 10 10 10 10 10 10 10 10 10 10 10 10 10 10 10 10 10 10 10 10 10 10 11 11 11 11 11 11 11 11 11 11 11 11 11 11 1 1 1 1 1 1 1 1 1 1 1 1 1 1 1
instanceKlass java/util/LinkedHashMap$Entry
ciInstanceKlass java/util/HashMap$Node 1 1 85 8 1 1 1 1 1 1 1 1 1 1 1 1 1 1 1 1 1 1 1 1 1 1 1 1 1 1 1 1 1 1 1 1 1 1 1 1 1 1 1 1 1 7 100 100 7 100 100 100 1 1 1 1 1 1 1 1 1 12 12 12 12 12 12 12 12 12 12 12 12 9 9 9 9 10 10 10 10 10 10 10 11 11 1
ciInstanceKlass java/lang/Math 1 1 281 3 3 3 3 3 3 4 4 4 4 4 8 8 7 1 1 1 1 1 1 1 1 1 1 1 1 1 1 1 1 1 1 1 1 1 1 1 1 1 1 1 1 1 1 1 1 1 1 1 1 1 1 1 1 1 1 1 1 1 1 1 1 1 1 1 1 1 1 1 1 1 1 1 1 1 1 1 1 1 1 1 1 1 1 1 1 1 1 1 1 1 1 1 1 1 1 1 1 1 1 1 1 1 1 1 1 1 1 1 1 1 1 1 1 1 1 1 1 1 1 1 1 1 1 1 5 0 5 0 5 0 5 0 5 0 5 0 5 0 5 0 5 0 5 0 6 0 6 0 6 0 6 0 6 0 6 0 6 0 6 0 6 0 100 100 7 7 7 100 100 100 100 1 12 12 12 12 12 12 12 12 12 12 12 12 12 12 12 12 12 12 12 12 12 12 12 12 12 12 12 12 12 12 12 12 12 12 12 12 12 12 12 12 12 12 12 12 12 12 12 12 12 12 12 12 9 9 9 9 9 9 10 10 10 10 10 10 10 10 10 10 10 10 10 10 10 10 10 10 10 10 10 10 10 10 10 10 10 10 10 10 10 10 10 10 10 10 10 10 10 10 10 10 10 10 10 10 10 1 1
staticfield java/lang/Math $assertionsDisabled Z 1
instanceKlass sun/reflect/generics/repository/FieldRepository
instanceKlass sun/reflect/generics/repository/GenericDeclRepository
ciInstanceKlass sun/reflect/generics/repository/AbstractRepository 1 1 45 1 1 1 1 1 1 1 1 1 1 1 1 1 1 1 1 1 1 7 7 7 1 1 1 1 1 1 1 1 1 1 12 12 12 12 12 12 9 9 10 10 10 10 1
instanceKlass sun/reflect/generics/repository/ConstructorRepository
instanceKlass sun/reflect/generics/repository/ClassRepository
ciInstanceKlass sun/reflect/generics/repository/GenericDeclRepository 1 1 59 1 1 1 1 1 1 1 1 1 1 1 1 1 1 1 1 1 1 1 1 1 1 1 7 100 7 7 7 7 7 7 1 1 1 1 1 1 1 1 1 1 12 12 12 12 12 12 12 12 9 10 10 10 10 10 10 11 1
ciInstanceKlass sun/reflect/generics/repository/ClassRepository 1 1 93 8 1 1 1 1 1 1 1 1 1 1 1 1 1 1 1 1 1 1 1 1 1 1 1 1 1 1 1 1 1 1 1 1 1 7 100 7 7 7 7 7 7 7 7 1 1 1 1 1 1 1 1 1 1 1 1 1 1 1 12 12 12 12 12 12 12 12 12 12 12 12 12 12 12 9 9 9 10 10 10 10 10 10 10 10 10 10 10 10 10 11 1
staticfield sun/reflect/generics/repository/ClassRepository NONE Lsun/reflect/generics/repository/ClassRepository; sun/reflect/generics/repository/ClassRepository
ciInstanceKlass java/util/Arrays 1 1 800 3 8 8 8 8 8 8 8 8 100 100 100 100 100 100 7 100 100 7 1 1 1 1 1 1 1 1 1 1 1 1 1 1 1 1 1 1 1 1 1 1 1 1 1 1 1 1 1 1 1 1 1 1 1 1 1 1 1 1 1 1 1 1 1 1 1 1 1 1 1 1 1 1 1 1 1 1 1 1 1 1 1 1 1 1 1 1 1 1 1 1 1 1 1 1 1 1 1 1 1 1 1 1 1 1 1 1 1 1 1 1 1 1 1 1 1 1 1 1 1 1 1 1 1 1 1 1 1 1 1 1 1 1 1 1 1 1 1 1 1 1 1 1 1 1 1 1 1 1 1 1 1 1 1 1 1 1 1 1 1 1 1 1 1 1 1 1 1 1 1 1 1 1 1 1 1 1 1 1 1 1 1 1 1 1 1 1 1 1 1 1 1 1 1 1 1 1 1 1 1 1 1 1 1 1 1 1 1 1 1 1 1 1 1 1 1 1 1 1 1 1 1 1 1 1 1 1 1 1 1 1 1 1 1 1 1 1 1 1 1 1 1 1 1 1 1 1 1 1 1 1 1 1 1 1 1 1 1 1 1 1 1 1 1 1 1 1 1 1 1 1 1 1 1 1 3 3 100 100 100 7 7 100 100 100 7 7 7 7 7 100 100 100 7 100 100 100 100 100 7 7 100 100 100 100 100 100 100 100 100 100 100 100 100 100 100 100 100 100 7 7 100 100 100 100 100 100 100 100 7 7 100 100 100 100 100 100 7 1 1 1 1 1 1 1 1 1 1 1 1 1 1 1 1 1 1 1 1 1 1 1 1 1 1 1 1 1 1 1 1 1 1 1 1 1 1 1 1 1 1 1 1 1 1 1 1 1 1 1 1 1 1 1 1 1 1 1 1 1 1 1 1 1 1 1 1 1 1 1 1 1 1 1 1 1 1 1 1 1 1 1 1 1 1 1 1 1 1 1 1 1 1 1 1 1 1 1 1 1 1 1 1 1 1 1 1 1 1 1 1 1 1 1 1 1 1 1 1 1 1 1 1 1 1 1 1 1 1 1 1 12 12 12 12 12 12 12 12 12 12 12 12 12 12 12 12 12 12 12 12 12 12 12 12 12 12 12 12 12 12 12 12 12 12 12 12 12 12 12 12 12 12 12 12 12 12 12 12 12 12 12 12 12 12 12 12 12 12 12 12 12 12 12 12 12 12 12 12 12 12 12 12 12 12 12 12 12 12 12 12 12 12 12 12 12 12 12 12 12 12 12 12 12 12 12 12 12 12 12 12 12 12 12 12 12 12 12 12 12 12 12 12 12 12 12 12 12 12 12 12 12 12 12 12 12 12 12 12 12 12 12 12 12 12 12 12 12 12 12 12 12 12 12 9 9 10 10 10 10 10 10 10 10 10 10 10 10 10 10 10 10 10 10 10 10 10 10 10 10 10 10 10 10 10 10 10 10 10 10 10 10 10 10 10 10 10 10 10 10 10 10 10 10 10 10 10 10 10 10 10 10 10 10 10 10 10 10 10 10 10 10 10 10 10 10 10 10 10 10 10 10 10 10 10 10 10 10 10 10 10 10 10 10 10 10 10 10 10 10 10 10 10 10 10 10 10 10 10 10 10 10 10 10 10 10 10 10 10 10 10 10 10 10 10 10 10 10 10 10 10 10 10 10 10 10 10 10 10 10 10 10 10 10 10 10 10 11 11 11 11 11 11 11 11 11 11 11 11 15 15 15 15 15 16 18 18 18 18 1 1 1 1 1 1 1 1 1 1 1 1 1 1 1 1 1 1 1 1 1
staticfield java/util/Arrays $assertionsDisabled Z 1
ciInstanceKlass java/util/Objects 1 1 82 8 1 1 1 1 1 1 1 1 1 1 1 1 1 1 1 1 1 1 1 1 1 1 1 1 1 1 1 1 1 1 1 1 1 1 1 100 100 7 100 7 100 100 100 1 1 1 1 1 1 1 1 1 1 1 1 1 12 12 12 12 12 12 12 12 12 12 12 10 10 10 10 10 10 10 10 10 10 11 11 1
ciInstanceKlass java/util/Iterator 1 1 45 8 1 1 1 1 1 1 1 1 1 1 1 1 1 1 1 1 1 1 1 1 1 1 1 100 100 7 7 7 1 1 1 1 12 12 12 12 12 10 10 11 11 11 1
instanceKlass com/mysql/cj/util/LRUCache
instanceKlass com/fasterxml/classmate/util/ResolvedTypeCache$CacheMap
instanceKlass java/io/ExpiringCache$1
ciInstanceKlass java/util/LinkedHashMap 1 1 230 1 1 1 1 1 1 1 1 1 1 1 1 1 1 1 1 1 1 1 1 1 1 1 1 1 1 1 1 1 1 1 1 1 1 1 1 1 1 1 1 1 1 1 1 1 1 1 1 1 1 1 1 1 1 1 1 1 1 1 1 1 1 1 1 1 1 1 1 1 1 1 1 1 1 1 1 1 1 1 1 1 1 1 1 1 5 0 100 100 100 100 100 100 7 7 100 7 7 100 7 100 100 7 100 7 100 100 100 100 100 1 1 1 1 1 1 1 1 1 1 1 1 1 1 1 1 1 1 1 1 1 1 1 1 1 1 1 1 1 1 1 1 1 1 1 1 1 1 1 1 1 1 12 12 12 12 12 12 12 12 12 12 12 12 12 12 12 12 12 12 12 12 12 12 12 12 12 12 12 12 12 12 12 9 9 9 9 9 9 9 9 9 9 9 9 9 10 10 10 10 10 10 10 10 10 10 10 10 10 10 10 10 10 10 10 10 10 10 11 11 1 1 1 1 1 1 1 1 1
ciInstanceKlass java/io/ExpiringCache$1 1 1 45 1 1 1 1 1 1 1 1 1 1 1 1 1 1 1 1 1 1 1 1 1 1 7 7 100 7 100 100 1 1 1 1 1 1 12 12 12 12 12 9 10 10 10 1
instanceKlass java/util/HashMap$TreeNode
ciInstanceKlass java/util/LinkedHashMap$Entry 1 1 27 1 1 1 1 1 1 1 1 1 1 1 1 1 1 100 7 100 100 1 1 1 1 1 12 10 1
instanceKlass java/nio/charset/IllegalCharsetNameException
instanceKlass java/lang/IllegalThreadStateException
instanceKlass java/nio/file/InvalidPathException
instanceKlass java/nio/charset/UnsupportedCharsetException
instanceKlass java/util/regex/PatternSyntaxException
instanceKlass java/security/InvalidParameterException
instanceKlass java/lang/NumberFormatException
ciInstanceKlass java/lang/IllegalArgumentException 1 1 27 1 1 1 1 1 1 1 1 1 1 1 1 5 0 100 7 1 12 12 12 12 10 10 10 10 1
ciInstanceKlass java/util/HashMap$TreeNode 1 1 177 7 1 1 1 1 1 1 1 1 1 1 1 1 1 1 1 1 1 1 1 1 1 1 1 1 1 1 1 1 1 1 1 1 1 1 1 1 1 1 1 1 1 1 1 1 1 1 1 1 1 1 1 1 1 1 1 1 1 1 1 1 1 1 1 1 100 100 7 7 7 7 100 7 100 7 1 1 1 1 1 1 1 1 1 1 1 1 1 1 1 1 1 1 1 1 1 1 1 1 1 1 1 1 1 1 1 1 1 1 12 12 12 12 12 12 12 12 12 12 12 12 12 12 12 12 12 12 12 12 12 12 12 12 12 12 12 12 12 12 12 12 9 9 9 9 9 9 9 9 9 9 10 10 10 10 10 10 10 10 10 10 10 10 10 10 10 10 10 10 10 10 10 10 10 1 1
staticfield java/util/HashMap$TreeNode $assertionsDisabled Z 1
ciInstanceKlass sun/misc/URLClassPath$JarLoader 1 1 531 8 8 8 8 8 8 8 8 8 8 8 1 1 1 1 1 1 1 1 1 1 1 1 1 1 1 1 1 1 1 1 1 1 1 1 1 1 1 1 1 1 1 1 1 1 1 1 1 1 1 1 1 1 1 1 1 1 1 1 1 1 1 1 1 1 1 1 1 1 1 1 1 1 1 1 1 1 1 1 1 1 1 1 1 1 1 1 1 1 1 1 1 1 1 1 1 1 1 1 1 1 1 1 1 1 1 1 1 1 1 1 1 1 1 1 1 1 1 1 1 1 1 1 1 1 1 1 1 1 1 1 1 1 1 1 1 1 1 1 1 1 1 1 1 1 1 1 1 1 1 1 1 1 1 1 1 1 1 1 1 1 1 1 1 1 1 1 1 1 1 1 1 1 1 1 1 1 1 1 1 1 1 1 1 1 1 1 1 1 1 1 1 1 1 1 1 1 1 7 100 7 7 7 100 100 100 7 7 7 100 100 100 7 100 100 100 100 7 7 100 7 7 7 7 7 7 7 7 100 7 7 7 7 7 100 7 7 100 7 7 7 7 7 7 7 7 7 7 7 1 1 1 1 1 1 1 1 1 1 1 1 1 1 1 1 1 1 1 1 1 1 1 1 1 1 1 1 1 1 1 1 1 1 1 1 1 1 1 1 1 1 1 1 1 1 1 1 1 1 1 1 1 1 1 1 1 1 1 1 1 1 1 1 1 1 1 1 1 12 12 12 12 12 12 12 12 12 12 12 12 12 12 12 12 12 12 12 12 12 12 12 12 12 12 12 12 12 12 12 12 12 12 12 12 12 12 12 12 12 12 12 12 12 12 12 12 12 12 12 12 12 12 12 12 12 12 12 12 12 12 12 12 12 12 12 12 12 12 12 12 12 12 12 12 12 12 12 12 12 12 12 12 12 12 12 12 12 12 12 12 12 12 12 12 12 12 12 12 9 9 9 9 9 9 9 9 9 9 9 9 9 10 10 10 10 10 10 10 10 10 10 10 10 10 10 10 10 10 10 10 10 10 10 10 10 10 10 10 10 10 10 10 10 10 10 10 10 10 10 10 10 10 10 10 10 10 10 10 10 10 10 10 10 10 10 10 10 10 10 10 10 10 10 10 10 10 10 10 10 10 10 10 10 10 10 10 10 10 10 10 10 10 10 10 10 10 10 10 10 10 10 10 11 11 11 11 11 1 1 1
staticfield sun/misc/URLClassPath$JarLoader zipAccess Lsun/misc/JavaUtilZipFileAccess; java/util/zip/ZipFile$1
ciInstanceKlass java/util/jar/Attributes$Name 1 1 172 8 8 8 8 8 8 8 8 8 8 8 8 8 8 8 8 8 8 1 1 1 1 1 1 1 1 1 1 1 1 1 1 1 1 1 1 1 1 1 1 1 1 1 1 1 1 1 1 1 1 1 1 1 1 1 1 1 1 1 1 1 1 1 1 1 1 1 1 1 1 1 1 1 1 1 1 1 1 1 1 1 1 1 1 1 1 1 1 1 1 1 1 1 1 1 100 100 7 7 7 100 7 7 1 1 1 12 12 12 12 12 12 12 12 12 12 12 12 12 12 12 12 12 12 12 12 12 12 12 12 12 12 12 12 12 12 12 9 9 9 9 9 9 9 9 9 9 9 9 9 9 9 9 9 9 9 9 10 10 10 10 10 10 10 10 10 10 10 10 11 1
staticfield java/util/jar/Attributes$Name MANIFEST_VERSION Ljava/util/jar/Attributes$Name; java/util/jar/Attributes$Name
staticfield java/util/jar/Attributes$Name SIGNATURE_VERSION Ljava/util/jar/Attributes$Name; java/util/jar/Attributes$Name
staticfield java/util/jar/Attributes$Name CONTENT_TYPE Ljava/util/jar/Attributes$Name; java/util/jar/Attributes$Name
staticfield java/util/jar/Attributes$Name CLASS_PATH Ljava/util/jar/Attributes$Name; java/util/jar/Attributes$Name
staticfield java/util/jar/Attributes$Name MAIN_CLASS Ljava/util/jar/Attributes$Name; java/util/jar/Attributes$Name
staticfield java/util/jar/Attributes$Name SEALED Ljava/util/jar/Attributes$Name; java/util/jar/Attributes$Name
staticfield java/util/jar/Attributes$Name EXTENSION_LIST Ljava/util/jar/Attributes$Name; java/util/jar/Attributes$Name
staticfield java/util/jar/Attributes$Name EXTENSION_NAME Ljava/util/jar/Attributes$Name; java/util/jar/Attributes$Name
staticfield java/util/jar/Attributes$Name EXTENSION_INSTALLATION Ljava/util/jar/Attributes$Name; java/util/jar/Attributes$Name
staticfield java/util/jar/Attributes$Name IMPLEMENTATION_TITLE Ljava/util/jar/Attributes$Name; java/util/jar/Attributes$Name
staticfield java/util/jar/Attributes$Name IMPLEMENTATION_VERSION Ljava/util/jar/Attributes$Name; java/util/jar/Attributes$Name
staticfield java/util/jar/Attributes$Name IMPLEMENTATION_VENDOR Ljava/util/jar/Attributes$Name; java/util/jar/Attributes$Name
staticfield java/util/jar/Attributes$Name IMPLEMENTATION_VENDOR_ID Ljava/util/jar/Attributes$Name; java/util/jar/Attributes$Name
staticfield java/util/jar/Attributes$Name IMPLEMENTATION_URL Ljava/util/jar/Attributes$Name; java/util/jar/Attributes$Name
staticfield java/util/jar/Attributes$Name SPECIFICATION_TITLE Ljava/util/jar/Attributes$Name; java/util/jar/Attributes$Name
staticfield java/util/jar/Attributes$Name SPECIFICATION_VERSION Ljava/util/jar/Attributes$Name; java/util/jar/Attributes$Name
staticfield java/util/jar/Attributes$Name SPECIFICATION_VENDOR Ljava/util/jar/Attributes$Name; java/util/jar/Attributes$Name
instanceKlass java/util/ArrayList$ListItr
ciInstanceKlass java/util/ArrayList$Itr 1 1 87 1 1 1 1 1 1 1 1 1 1 1 1 1 1 1 1 1 1 1 1 1 1 1 1 1 1 1 1 1 1 1 1 1 1 1 1 1 1 100 100 100 7 7 7 100 100 100 100 100 1 1 1 1 1 1 1 1 12 12 12 12 12 12 12 12 12 12 12 12 9 9 9 9 9 9 10 10 10 10 10 10 10 10 11 1 1
ciInstanceKlass java/util/logging/LogManager$LoggerWeakRef 1 1 88 1 1 1 1 1 1 1 1 1 1 1 1 1 1 1 1 1 1 1 1 1 1 1 1 1 1 1 1 1 1 1 1 1 1 1 100 100 7 7 7 7 7 7 1 1 1 1 1 1 1 1 1 1 1 1 1 1 12 12 12 12 12 12 12 12 12 12 12 12 12 9 9 9 9 9 9 9 10 10 10 10 10 10 1 1 1 1
ciInstanceKlass java/util/ListIterator 1 0 27 1 1 1 1 1 1 1 1 1 1 1 1 1 1 1 1 1 1 1 1 100 100 100 1 1 1
ciInstanceKlass java/util/ArrayList$ListItr 1 1 80 1 1 1 1 1 1 1 1 1 1 1 1 1 1 1 1 1 1 1 1 1 1 1 1 1 1 1 1 1 1 1 1 1 1 1 1 100 100 100 100 7 7 100 100 100 1 1 1 1 1 1 1 12 12 12 12 12 12 12 12 12 12 12 9 9 9 9 9 9 10 10 10 10 10 10 10 1 1 1
ciInstanceKlass java/lang/AssertionError 0 0 65 1 1 1 1 1 1 1 1 1 1 1 1 1 1 1 1 1 1 1 1 1 1 1 1 1 5 0 100 100 100 100 100 1 1 1 1 1 1 1 1 12 12 12 12 12 12 12 12 12 12 12 10 10 10 10 10 10 10 10 10 10 10 10 1
ciInstanceKlass java/util/Arrays$ArrayList 1 1 117 1 1 1 1 1 1 1 1 1 1 1 1 1 1 1 1 1 1 1 1 1 1 1 1 1 1 1 1 1 1 1 1 1 1 1 1 1 1 1 1 1 1 1 1 1 1 1 1 1 1 5 0 7 100 7 7 7 7 7 7 100 7 100 100 1 1 1 1 1 1 1 1 1 1 1 1 1 1 1 1 1 1 1 1 1 1 12 12 12 12 12 12 12 12 12 12 12 12 12 12 9 10 10 10 10 10 10 10 10 10 10 10 11 11 1 1
instanceKlass java/nio/channels/CancelledKeyException
instanceKlass java/awt/dnd/InvalidDnDOperationException
instanceKlass java/awt/IllegalComponentStateException
ciInstanceKlass java/lang/IllegalStateException 1 1 27 1 1 1 1 1 1 1 1 1 1 1 1 5 0 100 7 1 12 12 12 12 10 10 10 10 1
ciInstanceKlass sun/reflect/generics/parser/SignatureParser 1 1 394 8 8 8 8 8 8 8 8 8 8 8 8 8 8 8 8 8 8 8 8 8 7 1 1 1 1 1 1 1 1 1 1 1 1 1 1 1 1 1 1 1 1 1 1 1 1 1 1 1 1 1 1 1 1 1 1 1 1 1 1 1 1 1 1 1 1 1 1 1 1 1 1 1 1 1 1 1 1 1 1 1 1 1 1 1 1 1 1 1 1 1 1 1 1 1 1 1 1 1 1 1 1 1 1 1 1 1 1 1 1 1 1 1 1 1 1 1 1 1 1 1 1 1 1 1 1 1 1 1 1 1 1 1 1 1 1 1 1 1 1 1 1 1 1 1 1 1 1 1 1 1 1 1 1 1 1 1 3 3 7 7 7 7 7 100 7 7 7 7 100 100 7 7 7 7 7 7 7 7 7 7 7 7 7 7 7 7 7 7 7 7 7 7 7 1 1 1 1 1 1 1 1 1 1 1 1 1 1 1 1 1 1 1 1 1 1 1 1 1 1 1 1 1 1 1 1 1 1 1 1 1 1 1 1 1 1 1 1 1 1 1 1 12 12 12 12 12 12 12 12 12 12 12 12 12 12 12 12 12 12 12 12 12 12 12 12 12 12 12 12 12 12 12 12 12 12 12 12 12 12 12 12 12 12 12 12 12 12 12 12 12 12 12 12 12 12 12 12 12 12 12 12 12 12 12 12 12 12 12 12 12 12 12 12 12 9 9 9 9 10 10 10 10 10 10 10 10 10 10 10 10 10 10 10 10 10 10 10 10 10 10 10 10 10 10 10 10 10 10 10 10 10 10 10 10 10 10 10 10 10 10 10 10 10 10 10 10 10 10 10 10 10 10 10 10 10 10 10 10 10 10 10 10 10 10 10 10 10 10 11 11 11 1
staticfield sun/reflect/generics/parser/SignatureParser $assertionsDisabled Z 1
ciInstanceKlass sun/reflect/generics/tree/Tree 1 0 7 1 1 1 100 100 1
ciInstanceKlass sun/reflect/generics/tree/TypeTree 1 0 13 1 1 1 1 1 1 100 100 100 1 1 1
ciInstanceKlass sun/reflect/generics/tree/ReturnType 1 0 9 1 1 1 1 100 100 100 1
ciInstanceKlass sun/reflect/generics/tree/TypeSignature 1 0 9 1 1 1 1 100 100 100 1
ciInstanceKlass sun/reflect/generics/tree/FieldTypeSignature 1 0 13 1 1 1 1 1 1 100 100 100 100 100 1
ciInstanceKlass sun/reflect/generics/tree/ClassTypeSignature 1 1 40 1 1 1 1 1 1 1 1 1 1 1 1 1 1 1 7 7 100 7 1 1 1 1 1 1 1 1 1 1 1 12 12 12 12 9 10 10 11 1
ciInstanceKlass sun/reflect/generics/scope/Scope 1 0 11 1 1 1 1 1 100 100 1 1 1
instanceKlass sun/reflect/generics/scope/ConstructorScope
instanceKlass sun/reflect/generics/scope/MethodScope
instanceKlass sun/reflect/generics/scope/ClassScope
ciInstanceKlass sun/reflect/generics/scope/AbstractScope 1 1 66 1 1 1 1 1 1 1 1 1 1 1 1 1 1 1 1 1 1 1 1 1 1 1 1 1 1 1 1 100 7 7 7 7 7 7 1 1 1 1 1 1 1 1 1 12 12 12 12 12 12 12 12 12 12 9 9 10 10 10 10 10 11 11 11 1
ciInstanceKlass sun/reflect/generics/scope/ClassScope 1 1 66 1 1 1 1 1 1 1 1 1 1 1 1 1 1 1 1 1 1 1 1 1 100 100 100 7 7 100 100 100 100 1 1 1 1 1 1 1 1 1 1 1 1 1 1 12 12 12 12 12 12 12 12 12 12 10 10 10 10 10 10 10 10 10 10 1
ciInstanceKlass sun/reflect/generics/factory/GenericsFactory 1 0 32 1 1 1 1 1 1 1 1 1 1 1 1 1 1 1 1 1 1 1 100 100 1 1 1 1 1 1 1 1 1 1
ciInstanceKlass sun/reflect/generics/factory/CoreReflectionFactory 1 1 171 8 7 1 1 1 1 1 1 1 1 1 1 1 1 1 1 1 1 1 1 1 1 1 1 1 1 1 1 1 1 1 1 1 1 1 1 1 1 1 1 1 1 1 1 1 1 1 1 1 1 1 1 1 1 1 1 1 1 1 1 1 1 1 1 1 1 1 1 100 7 7 7 7 100 7 7 7 7 7 7 100 7 7 7 7 100 7 7 7 7 7 1 1 1 1 1 1 1 1 1 1 1 1 1 1 1 1 1 1 1 1 1 1 1 1 1 12 12 12 12 12 12 12 12 12 12 12 12 12 12 12 12 12 12 12 12 12 12 9 9 9 9 9 9 9 9 9 9 9 9 10 10 10 10 10 10 10 10 10 10 10 10 10 10 10 10 10 10 11 1
staticfield sun/reflect/generics/factory/CoreReflectionFactory $assertionsDisabled Z 1
ciInstanceKlass sun/reflect/generics/visitor/TypeTreeVisitor 1 0 44 1 1 1 1 1 1 1 1 1 1 1 1 1 1 1 1 1 1 1 1 1 1 1 100 100 1 1 1 1 1 1 1 1 1 1 1 1 1 1 1 1 1 1
ciInstanceKlass sun/reflect/generics/visitor/Reifier 1 1 236 8 8 7 1 1 1 1 1 1 1 1 1 1 1 1 1 1 1 1 1 1 1 1 1 1 1 1 1 1 1 1 1 1 1 1 1 1 1 1 1 1 1 1 1 1 1 1 1 1 1 1 1 1 1 1 1 1 1 1 1 1 1 1 1 1 1 1 1 1 1 1 1 1 1 1 1 1 1 1 1 1 1 1 1 1 1 1 1 1 1 1 1 1 100 100 7 7 100 7 7 7 7 7 7 7 7 7 7 7 7 7 100 1 1 1 1 1 1 1 1 1 1 1 1 1 1 1 1 1 1 1 1 1 1 1 1 1 1 1 1 1 1 1 1 1 1 1 1 1 12 12 12 12 12 12 12 12 12 12 12 12 12 12 12 12 12 12 12 12 12 12 12 12 12 12 12 12 12 12 12 12 12 12 12 12 12 12 12 12 12 9 9 9 10 10 10 10 10 10 10 10 10 10 10 10 10 10 10 10 10 10 10 10 11 11 11 11 11 11 11 11 11 11 11 11 11 11 11 11 11 11 11 11 11 1
staticfield sun/reflect/generics/visitor/Reifier $assertionsDisabled Z 1
ciInstanceKlass java/lang/reflect/GenericArrayType 1 0 11 1 1 1 1 1 100 100 100 1 1
ciInstanceKlass sun/misc/ProxyGenerator$ConstantPool$IndirectEntry 1 1 55 1 1 1 1 1 1 1 1 1 1 1 1 1 1 1 1 1 1 1 1 1 1 1 1 1 1 1 1 1 1 7 100 100 100 100 7 7 1 1 12 12 12 12 12 12 9 9 9 10 10 10 1 1 1
ciInstanceKlass com/sun/istack/FinalArrayList 1 1 32 10 10 10 100 7 1 1 1 1 1 1 1 1 1 1 1 1 1 1 1 1 1 1 1 1 1 12 12 12 1 1
instanceKlass java/util/AbstractList$ListItr
ciInstanceKlass java/util/AbstractList$Itr 1 1 75 1 1 1 1 1 1 1 1 1 1 1 1 1 1 1 1 1 1 1 1 1 1 1 1 1 1 1 1 1 1 1 1 1 1 100 100 7 7 100 7 100 100 100 1 1 1 1 1 12 12 12 12 12 12 12 12 12 12 12 9 9 9 9 9 10 10 10 10 10 10 10 10 10 1
ciInstanceKlass sun/reflect/generics/tree/FormalTypeParameter 1 1 42 1 1 1 1 1 1 1 1 1 1 1 1 1 1 1 1 1 1 1 1 7 7 100 7 1 1 1 1 1 1 12 12 12 12 12 9 9 10 10 11 1
ciInstanceKlass sun/reflect/generics/tree/Signature 1 0 11 1 1 1 1 1 100 100 100 1 1
ciInstanceKlass sun/reflect/generics/tree/ClassSignature 1 1 48 1 1 1 1 1 1 1 1 1 1 1 1 1 1 1 1 1 1 1 1 1 7 7 100 100 1 1 1 1 1 1 1 1 1 12 12 12 12 12 12 9 9 9 10 10 11 1
ciInstanceKlass java/lang/reflect/ParameterizedType 1 1 14 1 1 1 1 1 1 1 100 100 100 1 1 1
ciInstanceKlass sun/reflect/generics/reflectiveObjects/ParameterizedTypeImpl 1 1 133 8 8 8 8 8 1 1 1 1 1 1 1 1 1 1 1 1 1 1 1 1 1 1 1 1 1 1 1 1 1 1 1 1 1 1 1 1 1 1 1 1 1 1 1 1 1 1 1 1 1 1 1 1 7 100 7 7 100 100 100 7 100 7 7 7 1 1 1 1 1 1 1 1 1 1 1 1 1 1 1 1 1 12 12 12 12 12 12 12 12 12 12 12 12 12 12 12 12 12 12 12 12 12 12 12 9 9 9 10 10 10 10 10 10 10 10 10 10 10 10 10 10 10 10 10 10 10 11 11 11 11 1
ciInstanceKlass java/lang/reflect/TypeVariable 1 0 39 1 1 1 1 1 1 1 1 1 1 1 1 100 100 100 100 1 1 1 1 1 1 100 1 8 1 1 12 10 1 1 1 8 1 1 1 8 1
instanceKlass sun/reflect/generics/reflectiveObjects/WildcardTypeImpl
instanceKlass sun/reflect/generics/reflectiveObjects/TypeVariableImpl
ciInstanceKlass sun/reflect/generics/reflectiveObjects/LazyReflectiveObjectGenerator 1 1 30 1 1 1 1 1 1 1 1 1 1 1 1 7 7 7 1 1 1 1 1 12 12 12 12 9 10 10 10 1
ciInstanceKlass sun/reflect/generics/reflectiveObjects/TypeVariableImpl 1 1 262 8 8 8 8 7 1 1 1 1 1 1 1 1 1 1 1 1 1 1 1 1 1 1 1 1 1 1 1 1 1 1 1 1 1 1 1 1 1 1 1 1 1 1 1 1 1 1 1 1 1 1 1 1 1 1 1 1 1 1 1 1 1 1 1 1 1 1 1 1 1 1 1 1 1 1 1 1 1 1 1 1 1 1 1 1 1 1 1 1 1 1 1 1 1 1 1 1 1 1 1 100 7 100 100 100 7 7 7 100 7 100 100 100 100 7 7 7 7 100 100 7 100 100 100 7 7 7 7 1 1 1 1 1 1 1 1 1 1 1 1 1 1 1 1 1 1 1 1 1 1 1 1 1 1 1 1 1 1 1 1 1 1 1 1 12 12 12 12 12 12 12 12 12 12 12 12 12 12 12 12 12 12 12 12 12 12 12 12 12 12 12 12 12 12 12 12 12 12 12 12 12 12 12 12 12 12 12 12 12 9 9 9 9 9 9 9 10 10 10 10 10 10 10 10 10 10 10 10 10 10 10 10 10 10 10 10 10 10 10 10 10 10 10 10 10 10 10 10 10 10 10 10 10 11 11 11 11 11 11 11 1
staticfield sun/reflect/generics/reflectiveObjects/TypeVariableImpl EMPTY_ANNOTATION_ARRAY [Ljava/lang/annotation/Annotation; 0 [Ljava/lang/annotation/Annotation;
staticfield sun/reflect/generics/reflectiveObjects/TypeVariableImpl $assertionsDisabled Z 1
ciInstanceKlass java/lang/reflect/WildcardType 1 0 12 1 1 1 1 1 1 100 100 100 1 1
ciInstanceKlass sun/reflect/generics/scope/MethodScope 1 1 41 1 1 1 1 1 1 1 1 1 1 1 1 1 1 7 7 7 7 1 1 1 1 1 1 1 1 1 12 12 12 12 12 12 10 10 10 10 10 10 1
instanceKlass sun/reflect/generics/repository/MethodRepository
ciInstanceKlass sun/reflect/generics/repository/ConstructorRepository 1 1 84 1 1 1 1 1 1 1 1 1 1 1 1 1 1 1 1 1 1 1 1 1 1 1 1 1 1 1 1 1 1 7 100 100 7 7 7 7 100 7 7 7 1 1 1 1 1 1 1 1 1 1 1 1 1 12 12 12 12 12 12 12 12 12 12 12 12 12 9 9 10 10 10 10 10 10 10 10 10 10 10 11 11 1
ciInstanceKlass sun/reflect/generics/repository/MethodRepository 1 1 47 1 1 1 1 1 1 1 1 1 1 1 1 1 1 1 1 1 7 7 7 7 7 1 1 1 1 1 1 1 1 12 12 12 12 12 12 12 9 10 10 10 10 10 10 11 1
ciInstanceKlass sun/reflect/generics/tree/MethodTypeSignature 1 1 54 1 1 1 1 1 1 1 1 1 1 1 1 1 1 1 1 1 1 1 1 1 1 1 1 7 7 100 100 1 1 1 1 1 1 1 1 1 1 12 12 12 12 12 12 12 9 9 9 9 10 10 11 1
ciInstanceKlass java/util/NoSuchElementException 1 1 21 1 1 1 1 1 1 1 1 1 1 1 5 0 100 100 12 12 10 10 1
instanceKlass org/glassfish/hk2/utilities/AbstractActiveDescriptor
ciInstanceKlass org/glassfish/hk2/utilities/DescriptorImpl 1 1 694 10 7 10 9 9 9 9 9 11 9 11 11 9 11 11 11 9 11 9 11 9 11 9 11 9 11 9 11 9 11 11 7 10 9 11 11 9 11 11 7 10 9 10 11 9 10 11 11 9 100 10 9 10 11 10 10 10 10 11 11 11 7 10 10 11 7 11 11 7 11 10 11 11 10 11 11 10 10 7 10 7 10 8 10 10 10 8 8 10 8 8 8 10 8 8 10 8 10 8 8 8 8 8 8 8 10 7 8 10 10 8 10 7 8 10 8 7 10 8 11 8 10 11 8 10 10 8 8 8 9 10 8 9 10 8 8 8 10 8 100 8 8 8 10 10 10 10 10 100 8 10 10 10 10 10 10 10 10 10 8 8 8 8 10 10 10 10 10 100 10 100 10 10 10 11 11 7 100 10 10 10 10 10 7 100 1 1 1 5 0 1 1 1 1 1 1 1 1 1 1 1 1 1 1 1 1 1 1 3 1 1 1 3 1 3 1 1 1 1 1 1 1 1 1 1 1 1 1 1 1 1 1 1 1 1 1 1 1 1 1 1 1 1 1 1 1 1 1 1 1 1 1 1 1 1 100 100 1 1 100 100 100 100 100 100 100 100 1 1 1 1 1 1 1 1 1 1 1 1 1 1 1 1 1 1 1 1 1 1 1 1 1 1 1 1 1 1 1 1 1 1 1 1 1 1 1 1 1 1 1 1 1 1 1 1 1 1 1 1 1 1 1 1 1 1 1 1 1 1 1 1 1 1 1 1 1 1 1 1 1 1 1 100 100 1 1 1 1 1 1 1 1 1 1 100 1 1 1 1 1 1 1 1 1 100 1 1 1 1 1 1 1 1 1 1 1 1 1 1 1 1 1 1 1 1 1 1 1 1 1 1 1 1 1 1 1 1 1 1 1 1 1 1 1 1 1 1 1 1 1 1 1 1 1 1 100 1 1 1 12 1 7 12 12 7 12 12 7 12 12 12 12 12 12 12 12 12 12 12 12 12 12 12 12 12 12 12 12 12 12 12 7 12 1 12 12 12 12 12 7 1 12 7 12 12 12 7 12 12 12 12 1 12 12 12 12 12 12 12 12 7 12 12 1 12 1 12 12 1 100 12 100 12 12 7 12 12 12 12 1 12 1 1 12 12 12 1 1 12 1 1 1 12 1 1 12 1 12 1 1 1 1 1 1 1 7 12 1 1 12 12 1 1 1 12 1 1 12 1 12 1 12 1 12 12 1 1 1 12 1 12 1 1 1 12 1 1 1 1 1 12 12 12 12 12 1 1 12 12 12 12 12 12 12 1 1 1 1 12 7 12 12 12 1 1 12 12 100 12 100 12 1 1 12 12 12 12 1 1 1 1 1 1 1 1 1 1 1 1 1 1 1 1 1 1 1 1 1 1 1 1 1 1 1 1 1 1 1 1 1 1 1 1 1 1 1 1 1 1 1 1 1 1 1 1 1 1 1 1 1 1 1 1 1 1 1 1 1 1 1 1 1 1 1 1 1 1 1 1 1 1 1 1 1 1 1 1 1 1 1 1 1 1 1 1 1 1 1 1 1 1 1 1
staticfield org/glassfish/hk2/utilities/DescriptorImpl EMPTY_CONTRACTS_SET Ljava/util/Set; java/util/Collections$EmptySet
staticfield org/glassfish/hk2/utilities/DescriptorImpl EMPTY_QUALIFIER_SET Ljava/util/Set; java/util/Collections$EmptySet
staticfield org/glassfish/hk2/utilities/DescriptorImpl EMPTY_METADATAS_MAP Ljava/util/Map; java/util/Collections$EmptyMap
ciInstanceKlass sun/security/jca/ProviderList 1 1 306 8 8 8 8 8 8 8 8 8 1 1 1 1 1 1 1 1 1 1 1 1 1 1 1 1 1 1 1 1 1 1 1 1 1 1 1 1 1 1 1 1 1 1 1 1 1 1 1 1 1 1 1 1 1 1 1 1 1 1 1 1 1 1 1 1 1 1 1 1 1 1 1 1 1 1 1 1 1 1 1 1 1 1 1 1 1 1 1 1 1 1 1 1 1 1 1 1 1 1 1 1 1 1 1 1 1 1 1 1 1 1 1 1 1 100 100 7 100 100 7 7 7 100 7 7 100 7 7 100 100 7 7 7 7 7 7 7 100 7 1 1 1 1 1 1 1 1 1 1 1 1 1 1 1 1 1 1 1 1 1 1 1 1 1 1 1 1 1 1 1 1 1 1 1 1 1 1 1 1 1 1 1 1 12 12 12 12 12 12 12 12 12 12 12 12 12 12 12 12 12 12 12 12 12 12 12 12 12 12 12 12 12 12 12 12 12 12 12 12 12 12 12 12 12 12 12 12 12 12 12 12 12 12 12 12 12 12 12 9 9 9 9 9 9 9 9 9 10 10 10 10 10 10 10 10 10 10 10 10 10 10 10 10 10 10 10 10 10 10 10 10 10 10 10 10 10 10 10 10 10 10 10 10 10 10 10 10 10 10 10 10 10 10 10 10 11 11 11 11 11 11 11 11 1 1
staticfield sun/security/jca/ProviderList debug Lsun/security/util/Debug; null
staticfield sun/security/jca/ProviderList PC0 [Lsun/security/jca/ProviderConfig; 0 [Lsun/security/jca/ProviderConfig;
staticfield sun/security/jca/ProviderList P0 [Ljava/security/Provider; 0 [Ljava/security/Provider;
staticfield sun/security/jca/ProviderList EMPTY Lsun/security/jca/ProviderList; sun/security/jca/ProviderList
staticfield sun/security/jca/ProviderList EMPTY_PROVIDER Ljava/security/Provider; sun/security/jca/ProviderList$1
ciInstanceKlass sun/security/jca/ProviderConfig 1 1 189 8 8 8 8 8 8 8 8 8 8 7 1 1 1 1 1 1 1 1 1 1 1 1 1 1 1 1 1 1 1 1 1 1 1 1 1 1 1 1 1 1 1 1 1 1 1 1 1 1 1 1 1 1 1 1 1 1 1 1 1 1 1 1 1 1 1 1 1 1 1 1 1 1 1 1 1 1 1 1 1 1 1 1 1 1 1 1 1 1 1 1 1 3 100 7 100 7 100 100 7 7 7 100 7 100 7 1 1 1 1 1 1 1 1 1 1 1 1 1 1 1 1 12 12 12 12 12 12 12 12 12 12 12 12 12 12 12 12 12 12 12 12 12 12 12 12 12 12 12 12 12 12 12 9 9 9 9 9 9 9 9 10 10 10 10 10 10 10 10 10 10 10 10 10 10 10 10 10 10 10 10 10 10 10 10 10 10 1
staticfield sun/security/jca/ProviderConfig debug Lsun/security/util/Debug; null
staticfield sun/security/jca/ProviderConfig CL_STRING [Ljava/lang/Class; 1 [Ljava/lang/Class;
ciInstanceKlass sun/security/jca/ProviderList$3 1 1 38 1 1 1 1 1 1 1 1 1 1 1 1 1 1 1 1 1 7 7 7 1 1 1 1 1 1 12 12 12 12 12 9 10 10 10 10 1
ciInstanceKlass sun/security/ssl/ProtocolVersion 1 1 285 8 8 8 8 8 8 8 8 8 8 8 8 8 8 8 8 7 1 1 1 1 1 1 1 1 1 1 1 1 1 1 1 1 1 1 1 1 1 1 1 1 1 1 1 1 1 1 1 1 1 1 1 1 1 1 1 1 1 1 1 1 1 1 1 1 1 1 1 1 1 1 1 1 1 1 1 1 1 1 1 1 1 1 1 1 1 1 1 1 1 1 1 1 1 1 1 1 1 1 1 1 1 1 1 1 1 1 1 1 1 1 1 1 3 3 100 100 100 7 100 100 100 7 100 100 7 100 100 7 1 1 1 1 1 1 1 1 1 1 1 1 1 1 1 1 1 1 1 1 1 1 1 1 1 1 1 1 1 1 1 1 1 1 1 12 12 12 12 12 12 12 12 12 12 12 12 12 12 12 12 12 12 12 12 12 12 12 12 12 12 12 12 12 12 12 12 12 12 12 12 12 12 12 12 12 12 12 12 12 12 12 12 12 12 12 12 12 12 12 12 12 9 9 9 9 9 9 9 9 9 9 9 9 9 9 9 9 9 9 9 9 9 9 9 9 9 9 9 9 9 9 9 9 10 10 10 10 10 10 10 10 10 10 10 10 10 10 10 10 10 10 10 11 11 11 11 11 11 1 1 1 1 1 1
staticfield sun/security/ssl/ProtocolVersion TLS13 Lsun/security/ssl/ProtocolVersion; sun/security/ssl/ProtocolVersion
staticfield sun/security/ssl/ProtocolVersion TLS12 Lsun/security/ssl/ProtocolVersion; sun/security/ssl/ProtocolVersion
staticfield sun/security/ssl/ProtocolVersion TLS11 Lsun/security/ssl/ProtocolVersion; sun/security/ssl/ProtocolVersion
staticfield sun/security/ssl/ProtocolVersion TLS10 Lsun/security/ssl/ProtocolVersion; sun/security/ssl/ProtocolVersion
staticfield sun/security/ssl/ProtocolVersion SSL30 Lsun/security/ssl/ProtocolVersion; sun/security/ssl/ProtocolVersion
staticfield sun/security/ssl/ProtocolVersion SSL20Hello Lsun/security/ssl/ProtocolVersion; sun/security/ssl/ProtocolVersion
staticfield sun/security/ssl/ProtocolVersion NONE Lsun/security/ssl/ProtocolVersion; sun/security/ssl/ProtocolVersion
staticfield sun/security/ssl/ProtocolVersion PROTOCOLS_TO_10 [Lsun/security/ssl/ProtocolVersion; 2 [Lsun/security/ssl/ProtocolVersion;
staticfield sun/security/ssl/ProtocolVersion PROTOCOLS_TO_11 [Lsun/security/ssl/ProtocolVersion; 3 [Lsun/security/ssl/ProtocolVersion;
staticfield sun/security/ssl/ProtocolVersion PROTOCOLS_TO_12 [Lsun/security/ssl/ProtocolVersion; 4 [Lsun/security/ssl/ProtocolVersion;
staticfield sun/security/ssl/ProtocolVersion PROTOCOLS_TO_13 [Lsun/security/ssl/ProtocolVersion; 5 [Lsun/security/ssl/ProtocolVersion;
staticfield sun/security/ssl/ProtocolVersion PROTOCOLS_OF_NONE [Lsun/security/ssl/ProtocolVersion; 1 [Lsun/security/ssl/ProtocolVersion;
staticfield sun/security/ssl/ProtocolVersion PROTOCOLS_OF_30 [Lsun/security/ssl/ProtocolVersion; 1 [Lsun/security/ssl/ProtocolVersion;
staticfield sun/security/ssl/ProtocolVersion PROTOCOLS_OF_11 [Lsun/security/ssl/ProtocolVersion; 1 [Lsun/security/ssl/ProtocolVersion;
staticfield sun/security/ssl/ProtocolVersion PROTOCOLS_OF_12 [Lsun/security/ssl/ProtocolVersion; 1 [Lsun/security/ssl/ProtocolVersion;
staticfield sun/security/ssl/ProtocolVersion PROTOCOLS_OF_13 [Lsun/security/ssl/ProtocolVersion; 1 [Lsun/security/ssl/ProtocolVersion;
staticfield sun/security/ssl/ProtocolVersion PROTOCOLS_10_11 [Lsun/security/ssl/ProtocolVersion; 2 [Lsun/security/ssl/ProtocolVersion;
staticfield sun/security/ssl/ProtocolVersion PROTOCOLS_11_12 [Lsun/security/ssl/ProtocolVersion; 2 [Lsun/security/ssl/ProtocolVersion;
staticfield sun/security/ssl/ProtocolVersion PROTOCOLS_12_13 [Lsun/security/ssl/ProtocolVersion; 2 [Lsun/security/ssl/ProtocolVersion;
staticfield sun/security/ssl/ProtocolVersion PROTOCOLS_10_12 [Lsun/security/ssl/ProtocolVersion; 3 [Lsun/security/ssl/ProtocolVersion;
staticfield sun/security/ssl/ProtocolVersion PROTOCOLS_TO_TLS12 [Lsun/security/ssl/ProtocolVersion; 4 [Lsun/security/ssl/ProtocolVersion;
staticfield sun/security/ssl/ProtocolVersion PROTOCOLS_TO_TLS11 [Lsun/security/ssl/ProtocolVersion; 3 [Lsun/security/ssl/ProtocolVersion;
staticfield sun/security/ssl/ProtocolVersion PROTOCOLS_TO_TLS10 [Lsun/security/ssl/ProtocolVersion; 2 [Lsun/security/ssl/ProtocolVersion;
staticfield sun/security/ssl/ProtocolVersion PROTOCOLS_EMPTY [Lsun/security/ssl/ProtocolVersion; 0 [Lsun/security/ssl/ProtocolVersion;
staticfield sun/security/ssl/ProtocolVersion $VALUES [Lsun/security/ssl/ProtocolVersion; 7 [Lsun/security/ssl/ProtocolVersion;
instanceKlass java/lang/ArrayIndexOutOfBoundsException
ciInstanceKlass java/lang/IndexOutOfBoundsException 1 0 21 1 1 1 1 1 1 1 1 1 1 1 5 0 100 100 12 12 10 10 1
ciInstanceKlass sun/reflect/generics/tree/LongSignature 1 1 33 1 1 1 1 1 1 1 1 1 1 1 1 1 1 1 7 100 7 7 1 1 1 1 1 12 12 12 9 10 10 11 1
staticfield sun/reflect/generics/tree/LongSignature singleton Lsun/reflect/generics/tree/LongSignature; sun/reflect/generics/tree/LongSignature
ciInstanceKlass sun/reflect/generics/tree/BooleanSignature 1 1 33 1 1 1 1 1 1 1 1 1 1 1 1 1 1 1 7 100 7 7 1 1 1 1 1 12 12 12 9 10 10 11 1
staticfield sun/reflect/generics/tree/BooleanSignature singleton Lsun/reflect/generics/tree/BooleanSignature; sun/reflect/generics/tree/BooleanSignature
ciInstanceKlass sun/reflect/generics/reflectiveObjects/WildcardTypeImpl 1 1 129 8 8 8 8 100 7 1 1 1 1 1 1 1 1 1 1 1 1 1 1 1 1 1 1 1 1 1 1 1 1 1 1 1 1 1 1 1 1 1 1 1 1 1 1 1 1 1 1 1 1 1 1 1 1 1 1 7 100 100 7 100 7 7 7 7 7 7 1 1 1 1 1 1 1 1 1 1 1 12 12 12 12 12 12 12 12 12 12 12 12 12 12 12 12 12 12 12 12 12 12 12 9 9 9 9 9 10 10 10 10 10 10 10 10 10 10 10 10 10 10 10 10 10 11 11 11 11 1
staticfield sun/reflect/generics/reflectiveObjects/WildcardTypeImpl $assertionsDisabled Z 1
ciInstanceKlass org/glassfish/pfl/basic/func/UnaryFunction 1 0 12 100 100 1 1 1 1 1 1 1 1 1
instanceKlass org/glassfish/pfl/dynamic/copyobject/impl/FallbackObjectCopierImpl
instanceKlass org/glassfish/gmbal/typelib/TypeEvaluator$EvalMapKey
ciInstanceKlass org/glassfish/pfl/basic/contain/Pair 1 1 80 10 9 9 10 10 7 10 10 10 10 100 10 8 10 10 8 8 10 7 1 1 1 1 1 1 1 1 1 1 1 1 1 1 1 1 1 1 1 1 1 1 1 1 1 1 1 1 1 100 1 1 1 1 1 1 1 1 1 12 12 12 12 12 1 12 12 12 12 1 1 12 12 1 1 12 1 1 1 1
ciInstanceKlass org/glassfish/gmbal/typelib/EvaluatedType 1 1 142 9 10 7 9 9 9 7 9 9 9 7 9 9 9 7 9 9 9 7 9 9 9 7 9 9 9 7 9 9 9 7 9 9 9 7 9 7 9 7 9 7 9 7 9 7 9 7 9 7 9 7 1 1 1 1 1 1 1 1 1 1 1 1 1 1 1 1 1 1 1 1 1 1 1 1 1 1 1 1 1 1 1 1 1 1 1 1 1 1 1 7 12 7 12 1 12 12 1 12 12 1 12 12 1 12 12 1 12 12 1 12 12 1 12 12 1 12 12 1 12 1 12 1 12 1 12 1 12 1 12 1 12 1 12 1 1 1 1 1 1 1
staticfield org/glassfish/gmbal/typelib/EvaluatedType EVOID Lorg/glassfish/gmbal/typelib/EvaluatedClassDeclaration; org/glassfish/gmbal/typelib/DeclarationFactory$EvaluatedClassDeclarationImpl
staticfield org/glassfish/gmbal/typelib/EvaluatedType EINT Lorg/glassfish/gmbal/typelib/EvaluatedClassDeclaration; org/glassfish/gmbal/typelib/DeclarationFactory$EvaluatedClassDeclarationImpl
staticfield org/glassfish/gmbal/typelib/EvaluatedType EINTW Lorg/glassfish/gmbal/typelib/EvaluatedClassDeclaration; org/glassfish/gmbal/typelib/DeclarationFactory$EvaluatedClassDeclarationImpl
staticfield org/glassfish/gmbal/typelib/EvaluatedType EBYTE Lorg/glassfish/gmbal/typelib/EvaluatedClassDeclaration; org/glassfish/gmbal/typelib/DeclarationFactory$EvaluatedClassDeclarationImpl
staticfield org/glassfish/gmbal/typelib/EvaluatedType EBYTEW Lorg/glassfish/gmbal/typelib/EvaluatedClassDeclaration; org/glassfish/gmbal/typelib/DeclarationFactory$EvaluatedClassDeclarationImpl
staticfield org/glassfish/gmbal/typelib/EvaluatedType ECHAR Lorg/glassfish/gmbal/typelib/EvaluatedClassDeclaration; org/glassfish/gmbal/typelib/DeclarationFactory$EvaluatedClassDeclarationImpl
staticfield org/glassfish/gmbal/typelib/EvaluatedType ECHARW Lorg/glassfish/gmbal/typelib/EvaluatedClassDeclaration; org/glassfish/gmbal/typelib/DeclarationFactory$EvaluatedClassDeclarationImpl
staticfield org/glassfish/gmbal/typelib/EvaluatedType ESHORT Lorg/glassfish/gmbal/typelib/EvaluatedClassDeclaration; org/glassfish/gmbal/typelib/DeclarationFactory$EvaluatedClassDeclarationImpl
staticfield org/glassfish/gmbal/typelib/EvaluatedType ESHORTW Lorg/glassfish/gmbal/typelib/EvaluatedClassDeclaration; org/glassfish/gmbal/typelib/DeclarationFactory$EvaluatedClassDeclarationImpl
staticfield org/glassfish/gmbal/typelib/EvaluatedType EBOOLEAN Lorg/glassfish/gmbal/typelib/EvaluatedClassDeclaration; org/glassfish/gmbal/typelib/DeclarationFactory$EvaluatedClassDeclarationImpl
staticfield org/glassfish/gmbal/typelib/EvaluatedType EBOOLEANW Lorg/glassfish/gmbal/typelib/EvaluatedClassDeclaration; org/glassfish/gmbal/typelib/DeclarationFactory$EvaluatedClassDeclarationImpl
staticfield org/glassfish/gmbal/typelib/EvaluatedType EFLOAT Lorg/glassfish/gmbal/typelib/EvaluatedClassDeclaration; org/glassfish/gmbal/typelib/DeclarationFactory$EvaluatedClassDeclarationImpl
staticfield org/glassfish/gmbal/typelib/EvaluatedType EFLOATW Lorg/glassfish/gmbal/typelib/EvaluatedClassDeclaration; org/glassfish/gmbal/typelib/DeclarationFactory$EvaluatedClassDeclarationImpl
staticfield org/glassfish/gmbal/typelib/EvaluatedType EDOUBLE Lorg/glassfish/gmbal/typelib/EvaluatedClassDeclaration; org/glassfish/gmbal/typelib/DeclarationFactory$EvaluatedClassDeclarationImpl
staticfield org/glassfish/gmbal/typelib/EvaluatedType EDOUBLEW Lorg/glassfish/gmbal/typelib/EvaluatedClassDeclaration; org/glassfish/gmbal/typelib/DeclarationFactory$EvaluatedClassDeclarationImpl
staticfield org/glassfish/gmbal/typelib/EvaluatedType ELONG Lorg/glassfish/gmbal/typelib/EvaluatedClassDeclaration; org/glassfish/gmbal/typelib/DeclarationFactory$EvaluatedClassDeclarationImpl
staticfield org/glassfish/gmbal/typelib/EvaluatedType ELONGW Lorg/glassfish/gmbal/typelib/EvaluatedClassDeclaration; org/glassfish/gmbal/typelib/DeclarationFactory$EvaluatedClassDeclarationImpl
staticfield org/glassfish/gmbal/typelib/EvaluatedType EBIG_DECIMAL Lorg/glassfish/gmbal/typelib/EvaluatedClassDeclaration; org/glassfish/gmbal/typelib/DeclarationFactory$EvaluatedClassDeclarationImpl
staticfield org/glassfish/gmbal/typelib/EvaluatedType EBIG_INTEGER Lorg/glassfish/gmbal/typelib/EvaluatedClassDeclaration; org/glassfish/gmbal/typelib/DeclarationFactory$EvaluatedClassDeclarationImpl
staticfield org/glassfish/gmbal/typelib/EvaluatedType EDATE Lorg/glassfish/gmbal/typelib/EvaluatedClassDeclaration; org/glassfish/gmbal/typelib/DeclarationFactory$EvaluatedClassDeclarationImpl
staticfield org/glassfish/gmbal/typelib/EvaluatedType EOBJECT_NAME Lorg/glassfish/gmbal/typelib/EvaluatedClassDeclaration; org/glassfish/gmbal/typelib/DeclarationFactory$EvaluatedClassDeclarationImpl
staticfield org/glassfish/gmbal/typelib/EvaluatedType ESTRING Lorg/glassfish/gmbal/typelib/EvaluatedClassDeclaration; org/glassfish/gmbal/typelib/DeclarationFactory$EvaluatedClassDeclarationImpl
staticfield org/glassfish/gmbal/typelib/EvaluatedType EOBJECT Lorg/glassfish/gmbal/typelib/EvaluatedClassDeclaration; org/glassfish/gmbal/typelib/DeclarationFactory$EvaluatedClassDeclarationImpl
staticfield org/glassfish/gmbal/typelib/EvaluatedType ENUMBER Lorg/glassfish/gmbal/typelib/EvaluatedClassDeclaration; org/glassfish/gmbal/typelib/DeclarationFactory$EvaluatedClassDeclarationImpl
ciInstanceKlass sun/reflect/generics/reflectiveObjects/GenericArrayTypeImpl 1 1 63 8 1 1 1 1 1 1 1 1 1 1 1 1 1 1 1 1 1 1 1 1 1 1 1 1 1 100 7 100 7 100 7 7 1 1 1 1 1 1 1 12 12 12 12 12 12 12 12 12 9 10 10 10 10 10 10 10 10 10 10 11 1
ciInstanceKlass org/glassfish/pfl/basic/algorithm/Algorithms 1 1 507 10 7 10 11 7 10 100 10 10 10 11 100 10 11 11 11 11 11 11 11 100 11 11 10 100 10 7 10 100 10 100 10 100 10 100 10 10 11 11 11 7 10 10 7 11 10 10 10 9 10 100 10 9 100 10 9 100 10 9 100 10 9 100 10 9 100 10 9 100 10 9 100 10 100 10 8 10 10 10 10 10 10 10 10 10 10 10 10 100 10 10 10 7 10 9 11 100 10 100 7 10 10 9 10 10 7 10 10 100 10 11 10 100 10 7 10 11 100 1 1 1 1 1 1 1 1 1 1 1 1 1 1 1 1 1 1 1 1 1 1 1 1 1 1 100 1 1 1 1 1 1 1 1 1 1 1 1 1 1 1 1 100 100 1 1 1 1 1 1 1 1 1 1 1 1 1 1 1 1 100 1 1 1 1 1 1 1 1 1 1 1 1 1 1 1 1 1 1 1 1 1 1 1 1 1 1 1 1 1 1 1 1 1 1 1 1 1 1 1 1 1 1 1 1 1 1 1 100 1 1 1 1 1 1 1 1 1 1 1 1 1 1 1 1 1 1 1 1 1 1 1 1 100 1 1 1 1 1 1 100 1 1 1 1 1 1 1 1 1 1 1 1 1 1 1 100 100 100 100 1 1 1 1 1 1 1 1 1 1 1 100 1 1 1 1 12 1 12 1 12 1 12 12 100 12 1 12 7 12 7 12 12 7 12 12 7 1 12 12 12 1 12 1 1 1 1 12 1 12 7 12 7 12 1 12 12 1 100 12 12 7 12 12 100 12 12 1 12 100 1 12 100 1 12 100 1 12 100 1 12 100 1 12 100 1 12 100 1 12 7 12 1 12 12 12 12 12 12 12 12 12 12 7 12 12 1 12 100 12 12 1 12 12 12 1 12 1 1 100 12 100 12 12 12 1 12 12 1 12 12 12 1 12 1 1 1 1 1 1 1 1 1 1 1 1 1 1 1 1 1 1 1 1 1 1 1 1 1 1 1 1 1 1 1 1 1 1 1 1 1 1 1 1 1 1 1 1 1 1 1 1 1 1 1 1 1 1 1 1 1 1 1 1 1 1 1 1 1 1 1 1 1 1 1 1 1 1 1 1 1 1 1 1 1 1 1 1 1 1 1 1 1 1 1 1 1
ciInstanceKlass org/glassfish/gmbal/typelib/TypeEvaluator 1 1 427 10 10 9 10 10 9 11 7 9 10 11 7 10 10 10 10 10 100 10 10 100 10 100 10 10 100 10 10 100 11 9 8 10 11 11 11 11 100 100 10 8 10 11 10 8 10 8 11 10 7 8 10 8 7 10 10 9 7 10 10 100 9 11 10 7 10 7 10 9 9 9 9 9 9 9 9 9 7 7 7 7 7 7 7 7 7 7 7 7 7 7 7 8 10 10 10 7 10 7 11 11 11 10 100 11 8 10 10 10 7 10 7 1 1 100 1 1 1 1 1 1 1 1 1 1 1 1 1 1 1 1 1 1 1 1 1 1 1 1 1 1 1 1 1 1 1 1 1 1 1 1 1 1 1 1 1 1 1 1 1 1 1 100 1 1 1 1 1 1 1 1 1 1 1 100 100 1 1 1 1 1 1 1 1 1 1 1 1 100 100 100 1 1 1 1 1 1 1 1 1 100 100 1 1 1 1 1 1 1 1 1 1 1 1 1 1 1 1 1 1 1 1 1 1 1 1 1 1 100 100 100 100 100 100 100 1 1 1 12 12 12 12 12 12 7 12 1 12 12 12 1 12 7 12 7 12 12 7 12 1 12 100 12 1 12 1 12 1 12 12 1 12 12 1 100 12 12 100 12 100 12 12 1 1 1 12 12 12 1 12 1 12 12 1 1 12 1 1 12 12 12 1 12 1 100 12 12 12 1 1 12 12 1 1 1 1 1 1 1 1 1 1 1 1 1 1 1 1 12 12 12 1 7 12 1 12 12 12 12 1 12 1 12 12 12 1 1 1 1 1 1 1 1 1 1 1 1 1 1 1 1 1 1 1 1 1 1 1 1 1 1 1 1 1 1 1 1 1 1 1 1 1 1 1 1 1 1 1 1 1 1 1 1 1 1 1 1 1 1 1 1 1 1 1 1 1 1 1 1 1 1 1 1 1 1 1 1 1 1 1 1 1 1 1 1 1
ciInstanceKlass org/glassfish/gmbal/typelib/DeclarationFactory 1 1 139 10 9 11 7 7 10 11 10 9 7 7 10 11 7 10 7 10 10 7 10 10 9 7 10 7 100 1 1 1 1 1 1 1 1 1 1 1 1 1 1 1 1 1 1 1 1 1 1 1 1 1 1 1 100 1 1 1 1 1 1 1 1 1 1 1 1 1 1 1 1 1 1 1 1 100 1 1 1 1 1 1 1 1 1 1 1 1 1 1 1 1 1 1 1 1 1 12 12 7 12 1 1 12 12 7 12 12 1 1 12 12 1 12 1 12 12 1 12 12 12 1 1 1 1 1 1 1 1 1 1 1 1 1 1 1 1 1 1
staticfield org/glassfish/gmbal/typelib/DeclarationFactory arrayMap Ljava/util/Map; java/util/HashMap
staticfield org/glassfish/gmbal/typelib/DeclarationFactory simpleClassMap Ljava/util/Map; java/util/HashMap
ciInstanceKlass org/glassfish/gmbal/typelib/EvaluatedClassDeclaration 1 1 30 100 100 100 1 1 1 1 1 1 1 1 1 1 1 1 1 1 1 1 1 1 1 1 1 1 1 1 1 1
ciInstanceKlass org/glassfish/gmbal/typelib/EvaluatedMethodDeclaration 1 1 17 100 100 100 1 1 1 1 1 1 1 1 1 1 1 1 1
ciInstanceKlass org/glassfish/gmbal/typelib/EvaluatedArrayType 1 0 11 100 100 100 1 1 1 1 1 1 1
instanceKlass org/glassfish/gmbal/typelib/EvaluatedArrayTypeBase
instanceKlass org/glassfish/gmbal/typelib/EvaluatedDeclarationBase
ciInstanceKlass org/glassfish/gmbal/typelib/EvaluatedTypeBase 1 1 222 10 9 11 10 8 10 10 8 10 8 10 8 10 8 10 8 10 8 10 8 10 8 10 8 10 8 7 10 11 11 11 10 11 11 7 10 7 10 7 10 10 10 10 10 10 10 10 11 10 7 100 1 1 1 1 1 1 1 1 1 1 1 1 1 1 1 1 1 1 1 1 1 1 1 1 1 1 1 1 1 1 1 1 1 1 1 1 1 1 1 100 100 1 1 1 1 1 1 1 1 1 1 1 1 100 1 1 1 1 1 1 1 1 1 1 1 1 1 1 1 1 1 1 1 1 1 1 1 1 1 1 1 1 12 12 100 12 7 12 1 12 12 1 12 1 12 1 12 1 12 1 12 1 12 1 12 1 12 1 12 1 1 7 12 7 12 12 7 12 12 12 1 12 1 1 12 12 12 12 12 12 12 12 1 1 1 1 1 1 1 1 1 1 1 1 1 1 1 1 1 1 1 1 1 1 1 1 1 1 1 1 1 1 1 1 1 1 1 1 1 1
instanceKlass org/glassfish/gmbal/typelib/EvaluatedFieldDeclarationBase
instanceKlass org/glassfish/gmbal/typelib/EvaluatedMethodDeclarationBase
instanceKlass org/glassfish/gmbal/typelib/EvaluatedClassDeclarationBase
ciInstanceKlass org/glassfish/gmbal/typelib/EvaluatedDeclarationBase 1 1 32 10 11 100 7 100 1 1 1 1 1 1 1 1 1 1 1 1 1 1 1 1 1 12 100 12 1 1 1 1 1 1
instanceKlass org/glassfish/gmbal/typelib/DeclarationFactory$EvaluatedClassDeclarationImpl
ciInstanceKlass org/glassfish/gmbal/typelib/EvaluatedClassDeclarationBase 1 1 135 10 10 10 10 10 10 8 7 10 8 8 10 7 11 10 11 10 10 11 11 11 7 10 11 7 7 1 1 1 1 1 1 1 1 1 1 1 1 1 1 1 1 1 1 1 1 100 1 1 1 1 1 1 1 1 1 1 1 1 1 1 100 100 1 1 1 1 1 1 1 1 1 12 12 7 12 12 7 12 12 1 1 12 1 1 12 1 7 12 12 12 7 12 7 12 12 1 12 100 12 1 1 1 1 1 1 1 1 1 1 1 1 1 1 1 1 1 1 1 1 1 1 1 1 1 1 1 1 1 1 1 1 1 1
ciInstanceKlass org/glassfish/gmbal/typelib/DeclarationFactory$EvaluatedClassDeclarationImpl 1 1 153 10 7 10 9 9 9 9 9 9 9 10 9 9 9 100 8 10 10 10 10 100 100 10 8 10 10 10 10 10 8 7 7 1 1 1 1 1 1 1 1 1 1 1 1 1 1 1 1 1 1 1 1 1 1 1 1 1 1 1 1 1 1 1 1 1 100 100 100 100 1 1 1 1 1 1 1 1 1 1 1 1 1 1 1 1 1 1 1 1 1 1 1 1 1 1 1 1 1 1 1 1 12 1 12 12 12 12 12 12 12 12 7 12 12 12 12 1 1 12 12 12 100 12 1 1 1 12 12 12 12 1 100 1 1 1 1 1 1 1 1 1 1 1 1 1 1 1 1 1 1 1 1
instanceKlass org/glassfish/gmbal/typelib/DeclarationFactory$EvaluatedMethodDeclarationImpl
ciInstanceKlass org/glassfish/gmbal/typelib/EvaluatedMethodDeclarationBase 1 1 129 10 11 100 8 10 10 10 8 10 10 10 10 8 10 7 10 8 8 10 100 11 10 11 10 11 10 10 11 10 7 7 1 1 1 1 1 1 1 1 1 1 1 1 1 1 1 1 1 1 1 1 1 1 1 1 1 1 1 1 1 1 1 1 100 1 1 1 1 12 100 12 1 1 12 12 12 1 7 12 12 7 12 12 1 12 1 12 1 1 12 1 12 100 12 12 12 100 1 1 1 1 1 1 1 1 1 1 1 1 1 1 1 1 1 1 1 1 1 1 1 1 1 1 1 1 1 1 1
ciInstanceKlass org/glassfish/gmbal/typelib/DeclarationFactory$EvaluatedMethodDeclarationImpl 1 1 97 10 9 9 9 9 9 9 100 8 10 10 10 10 7 7 1 1 1 1 1 1 1 1 1 1 1 1 1 1 1 1 1 1 1 1 1 1 1 1 1 1 1 1 1 1 1 1 1 1 1 1 1 1 1 1 1 1 1 1 1 1 1 1 1 1 1 1 1 12 12 12 12 12 12 12 1 1 12 100 12 12 100 12 100 1 1 1 1 1 1 1 1 1 1 1 1
ciInstanceKlass org/glassfish/gmbal/typelib/TypeEvaluator$EvalMapKey 1 1 45 10 7 7 7 10 10 9 7 1 1 1 1 1 1 1 1 1 1 1 1 1 1 1 1 1 1 1 1 1 1 1 1 12 100 1 1 1 12 12 12 1 1 1 1
staticfield org/glassfish/gmbal/typelib/TypeEvaluator$EvalMapKey OBJECT_KEY Lorg/glassfish/gmbal/typelib/TypeEvaluator$EvalMapKey; org/glassfish/gmbal/typelib/TypeEvaluator$EvalMapKey
ciInstanceKlass org/glassfish/gmbal/typelib/TypeEvaluator$TypeEvaluationVisitor 1 1 531 10 10 10 7 10 9 7 10 9 7 10 7 10 7 10 7 10 7 10 7 9 11 11 10 8 10 10 10 10 10 10 10 10 10 10 10 10 7 10 100 8 10 100 10 11 10 10 10 10 10 10 10 10 10 10 100 10 10 10 7 10 10 8 10 10 8 10 8 10 10 10 10 10 11 11 11 11 11 9 11 10 7 11 10 7 10 11 10 11 8 11 10 10 8 10 10 10 7 10 8 11 10 7 10 11 10 7 10 11 11 8 10 7 10 10 11 10 11 7 10 10 10 11 11 11 11 7 11 7 7 1 1 1 1 1 1 1 1 1 1 1 1 1 1 1 1 1 1 1 1 1 1 1 1 1 1 1 1 1 1 1 1 1 1 1 100 1 1 1 1 1 1 1 1 1 1 1 1 1 1 1 1 1 1 1 1 1 100 100 100 100 100 1 1 1 1 100 1 1 1 1 1 1 1 1 1 1 1 1 1 1 100 100 100 1 1 1 1 1 1 1 1 100 100 1 1 100 1 1 1 100 1 1 1 1 1 1 1 100 1 1 1 1 1 1 100 1 1 1 1 1 1 1 1 1 1 1 1 1 1 1 1 1 1 1 1 1 1 1 1 100 100 1 1 1 1 1 1 1 1 100 1 1 1 1 1 1 1 1 1 1 12 12 12 1 12 7 1 12 12 1 12 1 12 1 12 1 12 1 12 1 100 12 12 12 12 1 12 12 12 7 12 12 12 12 12 12 12 12 12 1 12 1 1 12 1 100 12 12 12 12 12 12 7 7 12 12 12 12 1 12 12 7 12 1 12 7 12 12 1 7 12 1 12 12 12 12 12 7 12 12 12 12 12 1 12 12 1 12 7 12 12 7 12 1 12 12 12 1 12 12 12 1 12 12 1 12 12 12 1 12 12 1 12 12 12 12 12 1 12 12 12 12 7 12 12 1 12 1 1 1 1 1 1 1 1 1 1 100 1 1 1 1 1 1 1 1 1 1 1 1 1 1 1 1 1 1 1 1 1 1 1 1 1 1 1 1 1 1 1 1 1 1 1 1 1 1 1 1 1 1 1 1 1 1 1 1 1 1 1 1 1 1 1 1 1 1 1 1 1 1 1 1 1 1 1 1 1 1 1 1 1 1 1 1 1 1 1 1 1 1 1 1 1 1 1 1 1 1 1 1 1 1 1 1 1 1 1 1 1
ciInstanceKlass org/glassfish/pfl/basic/contain/Display 1 1 93 10 7 10 9 7 10 11 11 100 8 10 11 11 11 7 11 11 11 7 7 1 1 1 1 1 1 1 1 1 1 1 1 1 1 1 1 1 1 1 1 1 1 1 1 1 1 1 1 1 1 1 1 1 1 100 1 1 1 1 12 1 12 1 7 12 12 1 1 12 12 12 12 1 12 12 12 1 1 1 1 1 1 1 1 1 1 1 1 1 1 1 1
ciInstanceKlass org/glassfish/gmbal/typelib/TypeEvaluator$PartialDefinitions 1 1 142 10 10 7 10 9 7 10 10 11 9 11 7 11 7 10 11 11 7 10 11 7 10 11 11 7 1 1 1 1 1 1 1 1 1 1 1 1 1 1 1 1 1 1 1 1 1 1 1 1 1 1 1 1 1 1 1 1 1 100 100 100 100 100 100 100 1 1 1 1 100 1 1 1 1 1 1 1 1 1 1 1 1 100 1 1 1 1 1 1 12 1 12 1 12 7 12 100 12 12 1 7 12 1 12 7 12 12 1 12 7 12 1 12 12 12 100 1 1 1 1 1 1 1 1 1 1 1 1 1 1 1 1 1 1 1 1 1 1 1 1 1
ciInstanceKlass org/glassfish/gmbal/typelib/TypeEvaluator$TypeEvaluationVisitor$OrderedResult 1 1 70 10 7 10 9 7 10 9 11 11 7 7 1 1 1 1 1 1 1 1 1 1 1 1 1 100 1 1 1 1 1 1 1 1 1 1 1 1 1 1 1 1 1 1 1 1 1 1 1 12 1 12 12 1 12 7 12 7 12 1 1 100 1 1 1 1 1 1 1 1
ciInstanceKlass org/glassfish/gmbal/typelib/TypeEvaluator$TypeEvaluationVisitor$2 1 1 51 9 10 10 7 7 10 7 7 100 1 7 1 1 1 1 1 1 1 1 1 1 1 1 1 1 1 1 1 1 1 1 1 12 12 12 12 1 1 12 1 1 1 100 1 1 1 1 1 1 1
ciInstanceKlass org/glassfish/gmbal/typelib/TypeEvaluator$TypeEvaluationVisitor$3 1 1 53 9 9 10 10 7 10 7 7 100 1 1 1 7 1 1 1 1 1 1 1 1 1 1 1 1 1 1 1 1 1 1 1 1 1 12 12 12 12 12 1 12 1 1 1 100 1 1 1 1 1 1 1
ciInstanceKlass org/glassfish/gmbal/typelib/TypeEvaluator$TypeEvaluationVisitor$4 1 1 53 9 9 10 10 7 10 7 7 100 1 1 1 7 1 1 1 1 1 1 1 1 1 1 1 1 1 1 1 1 1 1 1 1 1 12 12 12 12 12 1 12 1 1 1 100 1 1 1 1 1 1 1
ciInstanceKlass org/glassfish/gmbal/typelib/TypeEvaluator$TypeEvaluationVisitor$1 1 1 49 9 10 10 7 10 7 7 100 1 7 1 1 1 1 1 1 1 1 1 1 1 1 1 1 1 1 1 1 1 1 1 12 12 12 12 1 12 1 1 1 100 1 1 1 1 1 1 1
ciInstanceKlass org/glassfish/gmbal/typelib/ForceTypelibError 0 0 19 100 100 100 1 1 1 1 1 1 1 1 1 1 1 1 1 1 1
ciInstanceKlass org/glassfish/gmbal/typelib/DeclarationFactory$EvaluatedArrayTypeImpl 1 1 45 10 9 100 10 11 10 8 10 7 7 1 1 1 1 1 1 1 1 1 1 1 1 1 1 1 1 1 12 12 1 100 12 12 1 12 100 1 1 1 1 1 1 1 1
ciInstanceKlass java/util/AbstractList$1 0 0 11 1 1 1 1 1 1 1 100 100 100
ciInstanceKlass org/glassfish/pfl/basic/logex/OperationTracer 1 1 262 8 10 10 10 9 10 100 10 9 100 10 9 100 10 9 100 10 9 100 10 9 100 10 9 100 10 9 100 10 100 10 10 9 9 10 100 10 9 10 7 11 11 11 100 11 10 10 10 100 10 11 11 7 10 100 10 11 11 10 10 100 10 10 11 7 10 7 100 1 1 1 1 1 1 1 1 1 1 1 1 1 1 1 1 1 1 1 1 1 1 1 1 1 100 1 1 1 1 1 1 1 1 1 1 1 1 1 1 1 1 1 1 100 100 100 100 1 1 1 1 1 1 1 1 1 1 1 1 1 1 1 1 1 1 1 1 1 1 1 1 1 1 1 1 1 1 1 1 1 12 100 12 12 100 12 12 1 100 12 100 1 12 100 1 12 100 1 12 100 1 12 100 1 12 100 1 12 100 1 12 12 12 12 12 12 1 12 7 12 1 12 100 12 12 1 12 12 12 1 12 12 12 1 12 1 12 12 12 12 1 12 12 12 1 1 1 1 1 1 1 1 1 1 1 1 1 1 1 1 1 1 1 1 1 1 1 1 1 1 1 1 1 1 1 1 1 1 1 1 1 1 1 1 1 1 1 1 1 1 1 1
ciMethod java/lang/Object <init> ()V 4097 1 2474981 0 96
ciMethod java/lang/Object hashCode ()I 462849 1 57856 0 -1
ciMethod java/lang/Object equals (Ljava/lang/Object;)Z 4097 1 8322 0 64
ciMethod java/lang/Object clone ()Ljava/lang/Object; 201729 1 25216 0 -1
ciMethod java/lang/String equals (Ljava/lang/Object;)Z 4097 11369 189580 0 -1
ciMethod java/lang/reflect/AnnotatedElement isAnnotationPresent (Ljava/lang/Class;)Z 4097 1 138408 0 64
ciMethod java/lang/reflect/AnnotatedElement getAnnotation (Ljava/lang/Class;)Ljava/lang/annotation/Annotation; 0 0 1 0 -1
ciMethod java/lang/Class isArray ()Z 35841 1 4480 0 -1
ciMethod java/lang/Class getName ()Ljava/lang/String; 4097 1 167169 0 96
ciMethod java/lang/Class getName0 ()Ljava/lang/String; 6145 1 768 0 -1
ciMethod java/lang/Class getTypeParameters ()[Ljava/lang/reflect/TypeVariable; 4097 1 162276 0 1824
ciMethod java/lang/Class getGenericSuperclass ()Ljava/lang/reflect/Type; 4097 1 6462 0 -1
ciMethod java/lang/Class getGenericInterfaces ()[Ljava/lang/reflect/Type; 4097 1 6124 0 -1
ciMethod java/lang/Class getComponentType ()Ljava/lang/Class; 14353 1 1794 0 -1
ciMethod java/lang/Class getModifiers ()I 37889 1 4736 0 -1
ciMethod java/lang/Class getDeclaredFields ()[Ljava/lang/reflect/Field; 3145 1 5381 0 -1
ciMethod java/lang/Class getGenericSignature0 ()Ljava/lang/String; 5137 1 642 0 -1
ciMethod java/lang/Class getFactory ()Lsun/reflect/generics/factory/GenericsFactory; 2121 1 295 0 0
ciMethod java/lang/Class getGenericInfo ()Lsun/reflect/generics/repository/ClassRepository; 4097 1 6337 0 736
ciMethod java/lang/Class isAnnotationPresent (Ljava/lang/Class;)Z 4097 1 79821 0 -1
ciMethod java/lang/System getSecurityManager ()Ljava/lang/SecurityManager; 16593 1 130246 0 -1
ciMethod java/util/Map get (Ljava/lang/Object;)Ljava/lang/Object; 0 0 1 0 -1
ciMethod java/util/Map put (Ljava/lang/Object;Ljava/lang/Object;)Ljava/lang/Object; 0 0 1 0 -1
ciMethod java/util/Map remove (Ljava/lang/Object;)Ljava/lang/Object; 0 0 1 0 -1
ciMethod java/util/Map putAll (Ljava/util/Map;)V 0 0 1 0 -1
ciMethod java/lang/reflect/AccessibleObject isAnnotationPresent (Ljava/lang/Class;)Z 4097 1 58612 0 64
ciMethod java/lang/reflect/Method getGenericSignature ()Ljava/lang/String; 6321 1 790 0 0
ciMethod java/lang/reflect/Method getFactory ()Lsun/reflect/generics/factory/GenericsFactory; 705 1 23105 0 0
ciMethod java/lang/reflect/Method getGenericInfo ()Lsun/reflect/generics/repository/MethodRepository; 2481 1 74644 0 1664
ciMethod java/lang/reflect/Method hasGenericInformation ()Z 4097 1 50686 0 0
ciMethod java/lang/reflect/Method getName ()Ljava/lang/String; 238689 1 29836 0 0
ciMethod java/lang/reflect/Method getModifiers ()I 21561 1 2695 0 0
ciMethod java/lang/reflect/Method getReturnType ()Ljava/lang/Class; 53457 1 6682 0 0
ciMethod java/lang/reflect/Method getGenericReturnType ()Ljava/lang/reflect/Type; 4097 1 50777 0 0
ciMethod java/lang/reflect/Method getParameterTypes ()[Ljava/lang/Class; 11977 1 44252 0 0
ciMethod java/lang/reflect/Method getGenericParameterTypes ()[Ljava/lang/reflect/Type; 4097 1 50686 0 0
ciMethod java/lang/reflect/Method getGenericInfo ()Lsun/reflect/generics/repository/ConstructorRepository; 1129 1 23103 0 0
ciMethod java/lang/reflect/Executable hasGenericInformation ()Z 0 0 1 0 -1
ciMethod java/lang/reflect/Executable getGenericInfo ()Lsun/reflect/generics/repository/ConstructorRepository; 0 0 1 0 -1
ciMethod java/lang/reflect/Executable getParameterTypes ()[Ljava/lang/Class; 0 0 1 0 -1
ciMethod java/lang/reflect/Executable getGenericParameterTypes ()[Ljava/lang/reflect/Type; 4097 1 50876 0 0
ciMethod java/lang/StringBuilder <init> ()V 16465 1 37807 0 -1
ciMethod java/lang/StringBuilder append (Ljava/lang/String;)Ljava/lang/StringBuilder; 4097 1 157220 0 -1
ciMethod java/lang/StringBuilder append (I)Ljava/lang/StringBuilder; 8801 1 1511 0 -1
ciMethod java/lang/StringBuilder toString ()Ljava/lang/String; 4097 1 93350 0 -1
ciMethod java/security/AccessController doPrivileged (Ljava/security/PrivilegedAction;)Ljava/lang/Object; 24577 1 3072 0 -1
ciMethod java/util/Collection iterator ()Ljava/util/Iterator; 0 0 1 0 -1
ciMethod java/util/Collection add (Ljava/lang/Object;)Z 0 0 1 0 -1
ciMethod java/util/List size ()I 0 0 1 0 -1
ciMethod java/util/List isEmpty ()Z 0 0 1 0 -1
ciMethod java/util/List iterator ()Ljava/util/Iterator; 0 0 1 0 -1
ciMethod java/util/List add (Ljava/lang/Object;)Z 0 0 1 0 -1
ciMethod java/util/List addAll (Ljava/util/Collection;)Z 0 0 1 0 -1
ciMethod java/util/List get (I)Ljava/lang/Object; 0 0 1 0 -1
ciMethod java/util/List remove (I)Ljava/lang/Object; 0 0 1 0 -1
ciMethod java/util/List listIterator ()Ljava/util/ListIterator; 0 0 1 0 -1
ciMethod java/util/AbstractList <init> ()V 8177 1 342828 0 0
ciMethod java/util/AbstractList get (I)Ljava/lang/Object; 0 0 1 0 -1
ciMethod java/util/AbstractList iterator ()Ljava/util/Iterator; 4097 1 58922 0 192
ciMethod java/util/AbstractList listIterator ()Ljava/util/ListIterator; 4201 1 17805 0 -1
ciMethod java/util/AbstractList equals (Ljava/lang/Object;)Z 3297 1137 7747 0 1248
ciMethod java/util/AbstractList hashCode ()I 3129 721 6634 0 576
ciMethod java/util/AbstractCollection <init> ()V 4097 1 363537 0 0
ciMethod java/util/AbstractCollection size ()I 0 0 1 0 -1
ciMethod java/util/ArrayList <init> (I)V 18009 1 7688 0 320
ciMethod java/util/ArrayList <init> ()V 16825 1 185131 0 64
ciMethod java/util/ArrayList calculateCapacity ([Ljava/lang/Object;I)I 4097 1 234726 0 0
ciMethod java/util/ArrayList ensureCapacityInternal (I)V 4097 1 234726 0 0
ciMethod java/util/ArrayList ensureExplicitCapacity (I)V 4097 1 234759 0 0
ciMethod java/util/ArrayList grow (I)V 17089 1 15065 0 512
ciMethod java/util/ArrayList hugeCapacity (I)I 0 0 1 0 -1
ciMethod java/util/ArrayList size ()I 4146257 1 518282 0 0
ciMethod java/util/ArrayList elementData (I)Ljava/lang/Object; 4097 1 494100 0 -1
ciMethod java/util/ArrayList get (I)Ljava/lang/Object; 4097 1 502204 0 128
ciMethod java/util/ArrayList add (Ljava/lang/Object;)Z 49265 1 234729 0 768
ciMethod java/util/ArrayList rangeCheck (I)V 4097 1 494099 0 -1
ciMethod java/util/ArrayList outOfBoundsMsg (I)Ljava/lang/String; 0 0 1 0 -1
ciMethod java/util/ArrayList listIterator ()Ljava/util/ListIterator; 3225 1 6129 0 192
ciMethod java/util/ArrayList iterator ()Ljava/util/Iterator; 33137 1 9358 0 160
ciMethod java/util/ArrayList access$000 (Ljava/util/ArrayList;)I 225473 1 28184 0 -1
ciMethod java/util/AbstractMap <init> ()V 12497 1 225992 0 0
ciMethod java/util/HashMap hash (Ljava/lang/Object;)I 4097 1 266170 0 160
ciMethod java/util/HashMap comparableClassFor (Ljava/lang/Object;)Ljava/lang/Class; 4097 1 3736 0 -1
ciMethod java/util/HashMap compareComparables (Ljava/lang/Class;Ljava/lang/Object;Ljava/lang/Object;)I 0 0 1 0 -1
ciMethod java/util/HashMap <init> ()V 18137 1 121323 0 0
ciMethod java/util/HashMap get (Ljava/lang/Object;)Ljava/lang/Object; 4097 1 151431 0 640
ciMethod java/util/HashMap getNode (ILjava/lang/Object;)Ljava/util/HashMap$Node; 4097 89 163872 0 512
ciMethod java/util/HashMap put (Ljava/lang/Object;Ljava/lang/Object;)Ljava/lang/Object; 4097 1 105768 0 1280
ciMethod java/util/HashMap putVal (ILjava/lang/Object;Ljava/lang/Object;ZZ)Ljava/lang/Object; 4097 97 110817 0 1216
ciMethod java/util/HashMap resize ()[Ljava/util/HashMap$Node; 3073 29209 29883 0 -1
ciMethod java/util/HashMap treeifyBin ([Ljava/util/HashMap$Node;I)V 49 257 6 0 0
ciMethod java/util/HashMap remove (Ljava/lang/Object;)Ljava/lang/Object; 472689 1 67647 0 0
ciMethod java/util/HashMap removeNode (ILjava/lang/Object;Ljava/lang/Object;ZZ)Ljava/util/HashMap$Node; 471041 10993 67730 0 0
ciMethod java/util/HashMap newNode (ILjava/lang/Object;Ljava/lang/Object;Ljava/util/HashMap$Node;)Ljava/util/HashMap$Node; 4097 1 91686 0 224
ciMethod java/util/HashMap newTreeNode (ILjava/lang/Object;Ljava/lang/Object;Ljava/util/HashMap$Node;)Ljava/util/HashMap$TreeNode; 729 1 91 0 -1
ciMethod java/util/HashMap replacementTreeNode (Ljava/util/HashMap$Node;Ljava/util/HashMap$Node;)Ljava/util/HashMap$TreeNode; 289 1 36 0 -1
ciMethod java/util/HashMap afterNodeAccess (Ljava/util/HashMap$Node;)V 4097 1 3860 0 0
ciMethod java/util/HashMap afterNodeInsertion (Z)V 4097 1 91774 0 32
ciMethod java/util/HashMap afterNodeRemoval (Ljava/util/HashMap$Node;)V 4097 1 1536 0 -1
ciMethod java/util/HashMap$Node <init> (ILjava/lang/Object;Ljava/lang/Object;Ljava/util/HashMap$Node;)V 4097 1 106660 0 96
ciMethod java/lang/Math max (II)I 4097 1 435053 0 -1
ciMethod sun/reflect/generics/repository/ClassRepository <init> (Ljava/lang/String;Lsun/reflect/generics/factory/GenericsFactory;)V 2129 1 296 0 0
ciMethod sun/reflect/generics/repository/ClassRepository make (Ljava/lang/String;Lsun/reflect/generics/factory/GenericsFactory;)Lsun/reflect/generics/repository/ClassRepository; 2129 1 296 0 0
ciMethod sun/reflect/generics/repository/GenericDeclRepository <init> (Ljava/lang/String;Lsun/reflect/generics/factory/GenericsFactory;)V 2249 1 23402 0 0
ciMethod sun/reflect/generics/repository/GenericDeclRepository getTypeParameters ()[Ljava/lang/reflect/TypeVariable; 4097 233 5972 0 1248
ciMethod sun/reflect/generics/repository/AbstractRepository getFactory ()Lsun/reflect/generics/factory/GenericsFactory; 4401 1 550 0 0
ciMethod sun/reflect/generics/repository/AbstractRepository getTree ()Lsun/reflect/generics/tree/Tree; 4305 1 538 0 0
ciMethod sun/reflect/generics/repository/AbstractRepository getReifier ()Lsun/reflect/generics/visitor/Reifier; 3753 1 44426 0 0
ciMethod sun/reflect/generics/repository/AbstractRepository <init> (Ljava/lang/String;Lsun/reflect/generics/factory/GenericsFactory;)V 2561 1 23445 0 0
ciMethod sun/reflect/generics/repository/AbstractRepository parse (Ljava/lang/String;)Lsun/reflect/generics/tree/Tree; 0 0 1 0 -1
ciMethod java/util/Arrays copyOf ([Ljava/lang/Object;I)[Ljava/lang/Object; 5145 1 14593 0 -1
ciMethod java/util/Arrays asList ([Ljava/lang/Object;)Ljava/util/List; 4097 1 133334 0 224
ciMethod java/util/Objects requireNonNull (Ljava/lang/Object;)Ljava/lang/Object; 8137 1 287789 0 0
ciMethod java/util/Iterator hasNext ()Z 0 0 1 0 -1
ciMethod java/util/Iterator next ()Ljava/lang/Object; 0 0 1 0 -1
ciMethodData java/lang/Object <init> ()V 2 2474981 orig 264 120 103 193 71 249 127 0 0 128 4 183 175 195 1 0 0 32 1 0 0 0 0 0 0 0 0 0 0 0 0 0 0 0 0 0 0 0 0 0 0 0 0 0 0 0 0 0 0 0 0 0 0 0 0 0 0 0 0 0 0 0 0 0 0 0 0 0 0 0 0 0 0 0 0 0 0 0 0 0 0 77 68 79 32 101 120 116 114 97 32 100 97 116 97 32 108 111 99 107 0 0 0 0 0 0 0 0 0 0 0 0 0 0 0 0 0 0 0 0 0 0 0 0 0 0 0 0 0 0 0 0 0 0 0 0 0 0 0 0 0 0 0 0 0 0 0 0 0 0 0 0 0 0 0 0 0 0 0 0 0 0 0 0 0 0 0 0 0 0 0 0 0 0 0 0 0 0 0 0 0 0 0 0 0 1 0 0 0 0 0 0 0 1 0 0 0 0 0 0 0 1 0 0 0 0 0 0 0 0 0 0 0 0 0 0 0 0 2 0 0 41 15 46 1 1 0 0 0 0 0 0 0 0 0 0 0 2 0 0 0 0 0 0 0 0 0 0 0 0 0 0 0 254 255 255 255 0 0 0 0 0 0 0 0 data 0 oops 0
ciMethod java/util/HashMap$TreeNode root ()Ljava/util/HashMap$TreeNode; 1 1 1 0 -1
ciMethod java/util/HashMap$TreeNode moveRootToFront ([Ljava/util/HashMap$Node;Ljava/util/HashMap$TreeNode;)V 761 1 95 0 -1
ciMethod java/util/HashMap$TreeNode find (ILjava/lang/Object;Ljava/lang/Class;)Ljava/util/HashMap$TreeNode; 4097 5001 3569 0 -1
ciMethod java/util/HashMap$TreeNode getTreeNode (ILjava/lang/Object;)Ljava/util/HashMap$TreeNode; 1593 1 199 0 0
ciMethod java/util/HashMap$TreeNode tieBreakOrder (Ljava/lang/Object;Ljava/lang/Object;)I 4097 1 546 0 -1
ciMethod java/util/HashMap$TreeNode treeify ([Ljava/util/HashMap$Node;)V 33 681 4 0 -1
ciMethod java/util/HashMap$TreeNode putTreeVal (Ljava/util/HashMap;[Ljava/util/HashMap$Node;ILjava/lang/Object;Ljava/lang/Object;)Ljava/util/HashMap$TreeNode; 729 3209 91 0 0
ciMethod java/util/HashMap$TreeNode removeTreeNode (Ljava/util/HashMap;[Ljava/util/HashMap$Node;Z)V 0 0 1 0 -1
ciMethod java/util/HashMap$TreeNode split (Ljava/util/HashMap;[Ljava/util/HashMap$Node;II)V 57 1585 7 0 -1
ciMethod java/util/HashMap$TreeNode balanceInsertion (Ljava/util/HashMap$TreeNode;Ljava/util/HashMap$TreeNode;)Ljava/util/HashMap$TreeNode; 985 793 123 0 -1
ciMethodData java/lang/Class getName ()Ljava/lang/String; 2 167169 orig 264 120 103 193 71 249 127 0 0 200 198 183 175 195 1 0 0 80 1 0 0 0 0 0 0 0 0 0 0 0 0 0 0 0 0 0 0 0 0 0 0 0 0 0 0 0 0 0 0 0 0 0 0 0 0 0 0 0 0 0 0 0 0 0 0 0 0 0 0 0 0 0 0 0 0 0 0 0 0 0 0 77 68 79 32 101 120 116 114 97 32 100 97 116 97 32 108 111 99 107 0 0 0 0 0 0 0 0 0 0 0 0 0 0 0 0 0 0 0 0 0 0 0 0 0 0 0 0 0 0 0 0 0 0 0 0 0 0 0 0 0 0 0 0 0 0 0 0 0 0 0 0 0 0 0 0 0 0 0 0 0 0 0 0 0 0 0 0 0 0 0 0 0 0 0 0 0 0 0 0 0 0 0 0 0 17 0 0 0 0 0 0 0 0 0 0 0 0 0 0 0 0 0 0 0 0 0 0 0 0 0 0 0 0 0 0 0 0 2 0 0 9 88 20 0 1 0 0 0 0 0 0 0 0 0 0 0 2 0 0 0 0 0 0 0 0 0 0 0 48 0 0 0 254 255 255 255 7 0 6 0 0 0 0 0 data 6 0x60007 0x28496 0x30 0x66b 0xb0002 0x66b oops 0
ciMethodData java/util/HashMap hash (Ljava/lang/Object;)I 2 266170 orig 264 120 103 193 71 249 127 0 0 232 153 197 175 195 1 0 0 176 1 0 0 32 0 0 0 0 0 0 0 0 0 0 0 0 0 0 0 0 0 0 0 0 0 0 0 0 0 0 0 0 0 0 0 0 0 0 0 0 0 0 0 0 0 0 0 0 0 0 0 0 0 0 0 0 0 0 0 0 0 0 0 77 68 79 32 101 120 116 114 97 32 100 97 116 97 32 108 111 99 107 0 0 0 0 0 0 0 0 0 0 0 0 0 0 0 0 0 0 0 0 0 0 0 0 0 0 0 0 0 0 0 0 0 0 0 0 0 0 0 0 0 0 0 0 0 0 0 0 0 0 0 0 0 0 0 0 0 0 0 0 0 0 0 0 0 0 0 0 0 0 0 0 0 0 0 0 0 0 0 0 0 0 0 0 0 17 0 0 0 0 0 0 0 0 0 0 0 0 0 0 0 0 0 0 0 0 0 0 0 0 0 0 0 0 0 0 0 0 2 0 0 209 109 32 0 1 0 0 0 0 0 0 0 0 0 0 0 2 0 0 0 0 0 0 0 0 0 0 0 104 0 0 0 254 255 255 255 7 0 1 0 0 0 0 0 data 13 0x10007 0x40db3 0x38 0x7 0x50003 0x7 0x48 0x90005 0x10296 0x1c3b681ae40 0x75d5 0x1c3b4176860 0x29548 oops 2 9 java/util/jar/Attributes$Name 11 java/lang/String
ciMethodData java/util/HashMap getNode (ILjava/lang/Object;)Ljava/util/HashMap$Node; 2 163872 orig 264 120 103 193 71 249 127 0 0 152 163 197 175 195 1 0 0 8 4 0 0 176 1 0 0 0 0 0 0 0 0 0 0 0 0 0 0 0 0 0 0 0 0 0 0 0 0 0 0 0 0 0 0 0 0 0 0 0 0 0 0 0 0 0 0 0 0 0 0 0 0 0 0 0 0 0 0 0 0 0 0 77 68 79 32 101 120 116 114 97 32 100 97 116 97 32 108 111 99 107 0 0 0 0 0 0 0 0 0 0 0 0 0 0 0 0 0 0 0 0 0 0 0 0 0 0 0 0 0 0 0 0 0 0 0 0 0 0 0 0 0 0 0 0 0 0 0 0 0 0 0 0 0 0 0 0 0 0 0 0 0 0 0 0 0 0 0 0 0 0 0 0 0 0 0 0 0 0 0 0 0 0 0 0 0 17 0 0 0 0 0 0 0 0 0 0 0 0 0 0 0 1 0 0 0 0 0 0 0 0 0 0 0 0 0 0 0 0 2 0 0 1 241 19 0 177 134 0 0 0 0 0 0 0 0 0 0 2 0 0 0 0 0 0 0 0 0 0 0 176 2 0 0 254 255 255 255 7 0 6 0 0 0 0 0 data 86 0x60007 0x14ed 0x2b0 0x26933 0xe0007 0x0 0x290 0x26933 0x1c0007 0xca8d 0x270 0x19ea6 0x250007 0x921e 0xb0 0x10c88 0x310007 0x7794 0x90 0x94f4 0x350007 0x0 0x70 0x94f4 0x3b0005 0x5129 0x1c3b4176860 0x422d 0x1c3b681ae40 0x19e 0x3e0007 0x828 0x20 0x8ccc 0x4c0007 0x487c 0x1a0 0x51ca 0x510004 0xffffffffffffaefd 0x1c3b9c924f0 0x4fef 0x1c3badc1ff0 0x114 0x540007 0x5103 0x80 0xc7 0x590004 0x0 0x1c3badc03a0 0xc7 0x0 0x0 0x5e0005 0xc7 0x0 0x0 0x0 0x0 0x680007 0x2c2d 0xb0 0x35ac 0x740007 0x1a8a 0x90 0x1b22 0x780007 0x0 0x70 0x1b22 0x7e0005 0xf60 0x1c3b4176860 0xad4 0x1c3b681ae40 0xee 0x810007 0x11f 0x20 0x1a03 0x8f0007 0x10d6 0xffffffffffffff50 0x1c76 oops 7 26 java/lang/String 28 java/util/jar/Attributes$Name 40 java/util/HashMap$Node 42 java/util/LinkedHashMap$Entry 50 java/util/HashMap$TreeNode 74 java/lang/String 76 java/util/jar/Attributes$Name
ciMethodData java/util/HashMap put (Ljava/lang/Object;Ljava/lang/Object;)Ljava/lang/Object; 2 105768 orig 264 120 103 193 71 249 127 0 0 216 164 197 175 195 1 0 0 152 1 0 0 0 0 0 0 0 0 0 0 0 0 0 0 0 0 0 0 0 0 0 0 0 0 0 0 0 0 0 0 0 0 0 0 0 0 0 0 0 0 0 0 0 0 0 0 0 0 0 0 0 0 0 0 0 0 0 0 0 0 0 0 77 68 79 32 101 120 116 114 97 32 100 97 116 97 32 108 111 99 107 0 0 0 0 0 0 0 0 0 0 0 0 0 0 0 0 0 0 0 0 0 0 0 0 0 0 0 0 0 0 0 0 0 0 0 0 0 0 0 0 0 0 0 0 0 0 0 0 0 0 0 0 0 0 0 0 0 0 0 0 0 0 0 0 0 0 0 0 0 0 0 0 0 0 0 0 0 0 0 0 0 0 0 0 0 17 0 0 0 0 0 0 0 0 0 0 0 0 0 0 0 0 0 0 0 0 0 0 0 0 0 0 0 0 0 0 0 0 2 0 0 65 217 12 0 1 0 0 0 0 0 0 0 0 0 0 0 2 0 0 0 0 0 0 0 0 0 0 0 64 0 0 0 254 255 255 255 2 0 2 0 0 0 0 0 data 8 0x20002 0x19b28 0x90005 0x1913a 0x1c3b5f96870 0x24b 0x1c3b67bf640 0x7a3 oops 2 4 java/util/HashMap 6 java/util/LinkedHashMap
ciMethodData java/util/HashMap putVal (ILjava/lang/Object;Ljava/lang/Object;ZZ)Ljava/lang/Object; 2 110817 orig 264 120 103 193 71 249 127 0 0 184 166 197 175 195 1 0 0 176 6 0 0 224 4 0 0 0 0 0 0 0 0 0 0 0 0 0 0 0 0 0 0 0 0 0 0 0 0 0 0 0 0 0 0 0 0 0 0 0 0 0 0 0 0 0 0 0 0 0 0 0 0 0 0 0 0 0 0 0 0 0 0 77 68 79 32 101 120 116 114 97 32 100 97 116 97 32 108 111 99 107 0 0 0 0 0 0 0 0 0 0 0 0 0 0 0 0 0 0 0 0 0 0 0 0 0 0 0 0 0 0 0 0 0 0 0 0 0 0 0 0 0 0 0 0 0 0 0 0 0 0 0 0 0 0 0 0 0 0 0 0 0 0 0 0 0 0 0 0 0 0 0 0 0 0 0 0 0 0 0 0 0 0 0 0 0 0 0 0 0 0 0 0 0 0 0 0 0 0 0 0 0 0 0 0 0 0 0 0 0 0 0 0 0 0 0 0 0 0 2 0 0 9 119 13 0 65 247 0 0 0 0 0 0 0 0 0 0 2 0 0 0 0 0 0 0 0 0 0 0 64 5 0 0 254 255 255 255 7 0 7 0 0 0 0 0 data 168 0x70007 0x6e2c 0x40 0x140b5 0x100007 0x140b5 0x50 0x0 0x140005 0x6e2c 0x0 0x0 0x0 0x0 0x2c0007 0x7408 0x98 0x13ad9 0x380005 0x2cbe 0x1c3b5f96870 0x10dd8 0x1c3b886fcd0 0x43 0x3b0004 0x0 0x1c3b9c924f0 0x10e1e 0x1c3badc1ff0 0x2cbb 0x3c0003 0x13ad9 0x3d0 0x450007 0x6385 0xc8 0x1083 0x510007 0x845 0x90 0x83e 0x550007 0x1 0x88 0x83d 0x5b0005 0x349 0x1c3b5be52c0 0x8 0x1c3b4176860 0x4ec 0x5e0007 0x290 0x38 0x5ad 0x650003 0xdf2 0x278 0x6a0004 0xffffffffffff9a45 0x1c3b9c924f0 0x5854 0x1c3badc1ff0 0xd67 0x6d0007 0x65bb 0x98 0x5b 0x720004 0x0 0x1c3badc03a0 0x5b 0x0 0x0 0x7b0005 0x5b 0x0 0x0 0x0 0x0 0x800003 0x5b 0x1b0 0x8e0007 0x2164 0xb8 0x633f 0x980005 0xd4e 0x1c3b5f96870 0x55be 0x1c3b886fcd0 0x33 0xa20007 0x6339 0x148 0x6 0xa90005 0x6 0x0 0x0 0x0 0x0 0xac0003 0x6 0xf8 0xb50007 0x1e08 0xc8 0x35c 0xc10007 0x1da 0xc0 0x182 0xc50007 0x0 0x88 0x182 0xcb0005 0xa8 0x1c3b886fd80 0x31 0x1c3b886fe30 0xa9 0xce0007 0xe0 0x38 0xa2 0xd10003 0xa2 0x30 0xdb0003 0x1ee8 0xfffffffffffffe80 0xe00007 0x639a 0x90 0x106e 0xec0007 0x103c 0x40 0x32 0xf10007 0x32 0x20 0x0 0xfd0005 0x9 0x1c3b5f96870 0xf0b 0x1c3b67bf640 0x15a 0x11c0007 0x19816 0x50 0x65d 0x1200005 0x65d 0x0 0x0 0x0 0x0 0x1270005 0x3a0c 0x1c3b5f96870 0x163f1 0x1c3b886fcd0 0x76 oops 17 20 java/util/HashMap 22 java/io/ExpiringCache$1 26 java/util/HashMap$Node 28 java/util/LinkedHashMap$Entry 47 java/io/File 49 java/lang/String 60 java/util/HashMap$Node 62 java/util/LinkedHashMap$Entry 70 java/util/HashMap$TreeNode 89 java/util/HashMap 91 java/io/ExpiringCache$1 120 sun/misc/ProxyGenerator$ConstantPool$IndirectEntry 122 org/glassfish/hk2/utilities/DescriptorImpl 148 java/util/HashMap 150 java/util/LinkedHashMap 164 java/util/HashMap 166 java/io/ExpiringCache$1
ciMethodData java/util/HashMap$Node <init> (ILjava/lang/Object;Ljava/lang/Object;Ljava/util/HashMap$Node;)V 2 106660 orig 264 120 103 193 71 249 127 0 0 80 233 197 175 195 1 0 0 80 1 0 0 0 0 0 0 0 0 0 0 0 0 0 0 0 0 0 0 0 0 0 0 0 0 0 0 0 0 0 0 0 0 0 0 0 0 0 0 0 0 0 0 0 0 0 0 0 0 0 0 0 0 0 0 0 0 0 0 0 0 0 0 77 68 79 32 101 120 116 114 97 32 100 97 116 97 32 108 111 99 107 0 0 0 0 0 0 0 0 0 0 0 0 0 0 0 0 0 0 0 0 0 0 0 0 0 0 0 0 0 0 0 0 0 0 0 0 0 0 0 0 0 0 0 0 0 0 0 0 0 0 0 0 0 0 0 0 0 0 0 0 0 0 0 0 0 0 0 0 0 0 0 0 0 0 0 0 0 0 0 0 0 0 0 0 0 1 0 0 0 0 0 0 0 0 0 0 0 0 0 0 0 1 0 0 0 0 0 0 0 0 0 0 0 0 0 0 0 0 2 0 0 33 245 12 0 1 0 0 0 0 0 0 0 0 0 0 0 2 0 0 0 0 0 0 0 0 0 0 0 16 0 0 0 254 255 255 255 2 0 1 0 0 0 0 0 data 2 0x10002 0x19ea4 oops 0
ciMethodData java/util/HashMap newNode (ILjava/lang/Object;Ljava/lang/Object;Ljava/util/HashMap$Node;)Ljava/util/HashMap$Node; 2 91686 orig 264 120 103 193 71 249 127 0 0 104 194 197 175 195 1 0 0 80 1 0 0 0 0 0 0 0 0 0 0 0 0 0 0 0 0 0 0 0 0 0 0 0 0 0 0 0 0 0 0 0 0 0 0 0 0 0 0 0 0 0 0 0 0 0 0 0 0 0 0 0 0 0 0 0 0 0 0 0 0 0 0 77 68 79 32 101 120 116 114 97 32 100 97 116 97 32 108 111 99 107 0 0 0 0 0 0 0 0 0 0 0 0 0 0 0 0 0 0 0 0 0 0 0 0 0 0 0 0 0 0 0 0 0 0 0 0 0 0 0 0 0 0 0 0 0 0 0 0 0 0 0 0 0 0 0 0 0 0 0 0 0 0 0 0 0 0 0 0 0 0 0 0 0 0 0 0 0 0 0 0 0 0 0 0 0 13 0 0 0 0 0 0 0 1 0 0 0 0 0 0 0 1 0 0 0 0 0 0 0 0 0 0 0 0 0 0 0 0 2 0 0 49 33 11 0 1 0 0 0 0 0 0 0 0 0 0 0 2 0 0 0 0 0 0 0 0 0 0 0 16 0 0 0 254 255 255 255 2 0 9 0 0 0 0 0 data 2 0x90002 0x16426 oops 0
ciMethodData java/util/HashMap afterNodeInsertion (Z)V 2 91774 orig 264 120 103 193 71 249 127 0 0 48 198 197 175 195 1 0 0 40 1 0 0 0 0 0 0 0 0 0 0 0 0 0 0 0 0 0 0 0 0 0 0 0 0 0 0 0 0 0 0 0 0 0 0 0 0 0 0 0 0 0 0 0 0 0 0 0 0 0 0 0 0 0 0 0 0 0 0 0 0 0 0 77 68 79 32 101 120 116 114 97 32 100 97 116 97 32 108 111 99 107 0 0 0 0 0 0 0 0 0 0 0 0 0 0 0 0 0 0 0 0 0 0 0 0 0 0 0 0 0 0 0 0 0 0 0 0 0 0 0 0 0 0 0 0 0 0 0 0 0 0 0 0 0 0 0 0 0 0 0 0 0 0 0 0 0 0 0 0 0 0 0 0 0 0 0 0 0 0 0 0 0 0 0 0 0 0 0 0 0 0 0 0 0 0 0 0 0 0 0 0 0 0 0 0 0 0 0 0 0 0 0 0 0 0 0 0 0 0 2 0 0 241 35 11 0 1 0 0 0 0 0 0 0 0 0 0 0 2 0 0 0 0 0 0 0 0 0 0 0 0 0 0 0 254 255 255 255 0 0 0 0 0 0 0 0 data 0 oops 0
ciMethodData java/util/HashMap get (Ljava/lang/Object;)Ljava/lang/Object; 2 151431 orig 264 120 103 193 71 249 127 0 0 104 162 197 175 195 1 0 0 200 1 0 0 0 0 0 0 0 0 0 0 0 0 0 0 0 0 0 0 0 0 0 0 0 0 0 0 0 0 0 0 0 0 0 0 0 0 0 0 0 0 0 0 0 0 0 0 0 0 0 0 0 0 0 0 0 0 0 0 0 0 0 0 77 68 79 32 101 120 116 114 97 32 100 97 116 97 32 108 111 99 107 0 0 0 0 0 0 0 0 0 0 0 0 0 0 0 0 0 0 0 0 0 0 0 0 0 0 0 0 0 0 0 0 0 0 0 0 0 0 0 0 0 0 0 0 0 0 0 0 0 0 0 0 0 0 0 0 0 0 0 0 0 0 0 0 0 0 0 0 0 0 0 0 0 0 0 0 0 0 0 0 0 0 0 0 0 0 0 0 0 0 0 0 0 0 0 0 0 0 0 0 0 0 0 0 0 0 0 0 0 0 0 0 0 0 0 0 0 0 2 0 0 57 108 18 0 1 0 0 0 0 0 0 0 0 0 0 0 2 0 0 0 0 0 0 0 0 0 0 0 120 0 0 0 254 255 255 255 2 0 2 0 0 0 0 0 data 15 0x20002 0x24d87 0x60005 0x207cc 0x1c3b5f96870 0x45bb 0x0 0x0 0xb0007 0x15bb1 0x38 0xf1d6 0xf0003 0xf1d6 0x18 oops 1 4 java/util/HashMap
ciMethod java/util/ArrayList$Itr <init> (Ljava/util/ArrayList;)V 4097 1 11857 0 -1
ciMethod java/util/ArrayList$Itr hasNext ()Z 70633 1 23690 0 96
ciMethod java/util/ArrayList$Itr next ()Ljava/lang/Object; 55129 1 19179 0 224
ciMethod java/util/ArrayList$Itr checkForComodification ()V 4113 1 12819 0 -1
ciMethod java/util/ListIterator hasNext ()Z 0 0 1 0 -1
ciMethod java/util/ListIterator next ()Ljava/lang/Object; 0 0 1 0 -1
ciMethod java/util/ArrayList$ListItr <init> (Ljava/util/ArrayList;I)V 3225 1 6129 0 -1
ciMethodData java/util/AbstractMap <init> ()V 2 225992 orig 264 120 103 193 71 249 127 0 0 192 225 196 175 195 1 0 0 48 1 0 0 0 0 0 0 0 0 0 0 0 0 0 0 0 0 0 0 0 0 0 0 0 0 0 0 0 0 0 0 0 0 0 0 0 0 0 0 0 0 0 0 0 0 0 0 0 0 0 0 0 0 0 0 0 0 0 0 0 0 0 0 77 68 79 32 101 120 116 114 97 32 100 97 116 97 32 108 111 99 107 0 0 0 0 0 0 0 0 0 0 0 0 0 0 0 0 0 0 0 0 0 0 0 0 0 0 0 0 0 0 0 0 0 0 0 0 0 0 0 0 0 0 0 0 0 0 0 0 0 0 0 0 0 0 0 0 0 0 0 0 0 0 0 0 0 0 0 0 0 0 0 0 0 0 0 0 0 0 0 0 0 0 0 0 0 0 0 0 0 0 0 0 0 0 0 0 0 0 0 0 0 0 0 0 0 0 0 0 0 0 0 0 0 0 0 0 0 0 2 0 0 225 106 27 0 1 0 0 0 0 0 0 0 0 0 0 0 2 0 0 0 0 0 3 0 2 0 0 0 16 0 0 0 254 255 255 255 2 0 1 0 0 0 0 0 data 2 0x10002 0x36d5c oops 0
ciMethodData java/util/AbstractCollection <init> ()V 2 363537 orig 264 120 103 193 71 249 127 0 0 0 122 195 175 195 1 0 0 48 1 0 0 0 0 0 0 0 0 0 0 0 0 0 0 0 0 0 0 0 0 0 0 0 0 0 0 0 0 0 0 0 0 0 0 0 0 0 0 0 0 0 0 0 0 0 0 0 0 0 0 0 0 0 0 0 0 0 0 0 0 0 0 77 68 79 32 101 120 116 114 97 32 100 97 116 97 32 108 111 99 107 0 0 0 0 0 0 0 0 0 0 0 0 0 0 0 0 0 0 0 0 0 0 0 0 0 0 0 0 0 0 0 0 0 0 0 0 0 0 0 0 0 0 0 0 0 0 0 0 0 0 0 0 0 0 0 0 0 0 0 0 0 0 0 0 0 0 0 0 0 0 0 0 0 0 0 0 0 0 0 0 0 0 0 0 0 1 0 0 0 0 0 0 0 0 0 0 0 0 0 0 0 1 0 0 0 0 0 0 0 0 0 0 0 0 0 0 0 0 2 0 0 137 80 44 0 1 0 0 0 0 0 0 0 0 0 0 0 2 0 0 0 0 0 0 0 0 0 0 0 16 0 0 0 254 255 255 255 2 0 1 0 0 0 0 0 data 2 0x10002 0x58a11 oops 0
ciMethodData java/util/HashMap <init> ()V 2 121323 orig 264 120 103 193 71 249 127 0 0 160 158 197 175 195 1 0 0 48 1 0 0 0 0 0 0 0 0 0 0 0 0 0 0 0 0 0 0 0 0 0 0 0 0 0 0 0 0 0 0 0 0 0 0 0 0 0 0 0 0 0 0 0 0 0 0 0 0 0 0 0 0 0 0 0 0 0 0 0 0 0 0 77 68 79 32 101 120 116 114 97 32 100 97 116 97 32 108 111 99 107 0 0 0 0 0 0 0 0 0 0 0 0 0 0 0 0 0 0 0 0 0 0 0 0 0 0 0 0 0 0 0 0 0 0 0 0 0 0 0 0 0 0 0 0 0 0 0 0 0 0 0 0 0 0 0 0 0 0 0 0 0 0 0 0 0 0 0 0 0 0 0 0 0 0 0 0 0 0 0 0 0 0 0 0 0 0 0 0 0 0 0 0 0 0 0 0 0 0 0 0 0 0 0 0 0 0 0 0 0 0 0 0 0 0 0 0 0 0 2 0 0 201 137 14 0 1 0 0 0 0 0 0 0 0 0 0 0 2 0 0 0 0 0 3 0 2 0 0 0 16 0 0 0 254 255 255 255 2 0 1 0 0 0 0 0 data 2 0x10002 0x1d139 oops 0
ciMethodData java/util/ArrayList rangeCheck (I)V 2 494099 orig 264 120 103 193 71 249 127 0 0 8 19 196 175 195 1 0 0 104 1 0 0 0 0 0 0 0 0 0 0 0 0 0 0 0 0 0 0 0 0 0 0 0 0 0 0 0 0 0 0 0 0 0 0 0 0 0 0 0 0 0 0 0 0 0 0 0 0 0 0 0 0 0 0 0 0 0 0 0 0 0 0 77 68 79 32 101 120 116 114 97 32 100 97 116 97 32 108 111 99 107 0 0 0 0 0 0 0 0 0 0 0 0 0 0 0 0 0 0 0 0 0 0 0 0 0 0 0 0 0 0 0 0 0 0 0 0 0 0 0 0 0 0 0 0 0 0 0 0 0 0 0 0 0 0 0 0 0 0 0 0 0 0 0 0 0 0 0 0 0 0 0 0 0 0 0 0 0 0 0 0 0 0 0 0 0 0 0 0 0 0 0 0 0 0 0 0 0 0 0 0 0 0 0 0 0 0 0 0 0 0 0 0 0 0 0 0 0 0 2 0 0 153 64 60 0 1 0 0 0 0 0 0 0 0 0 0 0 2 0 0 0 0 0 0 0 0 0 0 0 64 0 0 0 254 255 255 255 7 0 5 0 0 0 0 0 data 8 0x50007 0x78813 0x40 0x0 0xe0002 0x0 0x110002 0x0 oops 0
ciMethodData java/util/ArrayList elementData (I)Ljava/lang/Object; 2 494100 orig 264 120 103 193 71 249 127 0 0 136 9 196 175 195 1 0 0 40 1 0 0 0 0 0 0 0 0 0 0 0 0 0 0 0 0 0 0 0 0 0 0 0 0 0 0 0 0 0 0 0 0 0 0 0 0 0 0 0 0 0 0 0 0 0 0 0 0 0 0 0 0 0 0 0 0 0 0 0 0 0 0 77 68 79 32 101 120 116 114 97 32 100 97 116 97 32 108 111 99 107 0 0 0 0 0 0 0 0 0 0 0 0 0 0 0 0 0 0 0 0 0 0 0 0 0 0 0 0 0 0 0 0 0 0 0 0 0 0 0 0 0 0 0 0 0 0 0 0 0 0 0 0 0 0 0 0 0 0 0 0 0 0 0 0 0 0 0 0 0 0 0 0 0 0 0 0 0 0 0 0 0 0 0 0 0 0 0 0 0 0 0 0 0 0 0 0 0 0 0 0 0 0 0 0 0 0 0 0 0 0 0 0 0 0 0 0 0 0 2 0 0 161 64 60 0 1 0 0 0 0 0 0 0 0 0 0 0 2 0 0 0 0 0 0 0 0 0 0 0 0 0 0 0 254 255 255 255 0 0 0 0 0 0 0 0 data 0 oops 0
ciMethodData java/util/ArrayList get (I)Ljava/lang/Object; 2 502204 orig 264 120 103 193 71 249 127 0 0 40 10 196 175 195 1 0 0 144 1 0 0 0 0 0 0 0 0 0 0 0 0 0 0 0 0 0 0 0 0 0 0 0 0 0 0 0 0 0 0 0 0 0 0 0 0 0 0 0 0 0 0 0 0 0 0 0 0 0 0 0 0 0 0 0 0 0 0 0 0 0 0 77 68 79 32 101 120 116 114 97 32 100 97 116 97 32 108 111 99 107 0 0 0 0 0 0 0 0 0 0 0 0 0 0 0 0 0 0 0 0 0 0 0 0 0 0 0 0 0 0 0 0 0 0 0 0 0 0 0 0 0 0 0 0 0 0 0 0 0 0 0 0 0 0 0 0 0 0 0 0 0 0 0 0 0 0 0 0 0 0 0 0 0 0 0 0 0 0 0 0 0 0 0 0 0 0 0 0 0 0 0 0 0 0 0 0 0 0 0 0 0 0 0 0 0 0 0 0 0 0 0 0 0 0 0 0 0 0 2 0 0 225 61 61 0 1 0 0 0 0 0 0 0 0 0 0 0 2 0 0 0 0 0 0 0 0 0 0 0 64 0 0 0 254 255 255 255 2 0 2 0 0 0 0 0 data 8 0x20002 0x7a7bc 0x70005 0x6 0x1c3b8d53030 0x7a782 0x1c3b9c7d7f0 0x33 oops 2 4 java/util/ArrayList 6 com/sun/istack/FinalArrayList
ciMethod java/lang/AssertionError <init> ()V 0 0 1 0 -1
ciMethod java/util/Arrays$ArrayList <init> ([Ljava/lang/Object;)V 4097 1 133334 0 0
ciMethod java/util/Arrays$ArrayList size ()I 4097 1 34178 0 0
ciMethod java/util/Arrays$ArrayList get (I)Ljava/lang/Object; 4097 1 17861 0 0
ciMethodData java/util/ArrayList add (Ljava/lang/Object;)Z 2 234729 orig 264 120 103 193 71 249 127 0 0 128 11 196 175 195 1 0 0 144 1 0 0 0 0 0 0 0 0 0 0 0 0 0 0 0 0 0 0 0 0 0 0 0 0 0 0 0 0 0 0 0 0 0 0 0 0 0 0 0 0 0 0 0 0 0 0 0 0 0 0 0 0 0 0 0 0 0 0 0 0 0 0 77 68 79 32 101 120 116 114 97 32 100 97 116 97 32 108 111 99 107 0 0 0 0 0 0 0 0 0 0 0 0 0 0 0 0 0 0 0 0 0 0 0 0 0 0 0 0 0 0 0 0 0 0 0 0 0 0 0 0 0 0 0 0 0 0 0 0 0 0 0 0 0 0 0 0 0 0 0 0 0 0 0 0 0 0 0 0 0 0 0 0 0 0 0 0 0 0 0 0 0 0 0 0 0 17 0 0 0 0 0 0 0 0 0 0 0 0 0 0 0 1 0 0 0 0 0 0 0 0 0 0 0 0 0 0 0 0 2 0 0 217 230 27 0 1 0 0 0 0 0 0 0 0 0 0 0 2 0 0 0 0 0 9 0 2 0 0 0 64 0 0 0 254 255 255 255 2 0 7 0 0 0 0 0 data 8 0x70002 0x37cdb 0x1a0104 0x0 0x1c3b9f03cf0 0x23 0x1c3b9f03da0 0x7a oops 2 4 sun/misc/URLClassPath$JarLoader 6 java/util/logging/LogManager$LoggerWeakRef
ciMethodData java/util/ArrayList ensureCapacityInternal (I)V 2 234726 orig 264 120 103 193 71 249 127 0 0 248 0 196 175 195 1 0 0 112 1 0 0 0 0 0 0 0 0 0 0 0 0 0 0 0 0 0 0 0 0 0 0 0 0 0 0 0 0 0 0 0 0 0 0 0 0 0 0 0 0 0 0 0 0 0 0 0 0 0 0 0 0 0 0 0 0 0 0 0 0 0 0 77 68 79 32 101 120 116 114 97 32 100 97 116 97 32 108 111 99 107 0 0 0 0 0 0 0 0 0 0 0 0 0 0 0 0 0 0 0 0 0 0 0 0 0 0 0 0 0 0 0 0 0 0 0 0 0 0 0 0 0 0 0 0 0 0 0 0 0 0 0 0 0 0 0 0 0 0 0 0 0 0 0 0 0 0 0 0 0 0 0 0 0 0 0 0 0 0 0 0 0 0 0 0 0 17 0 0 0 0 0 0 0 0 0 0 0 0 0 0 0 1 0 0 0 0 0 0 0 0 0 0 0 0 0 0 0 0 2 0 0 49 151 28 0 1 0 0 0 0 0 0 0 0 0 0 0 2 0 0 0 0 0 0 0 0 0 0 0 32 0 0 0 254 255 255 255 2 0 6 0 0 0 0 0 data 4 0x60002 0x392e6 0x90002 0x392e6 oops 0
ciMethodData java/util/ArrayList calculateCapacity ([Ljava/lang/Object;I)I 2 234726 orig 264 120 103 193 71 249 127 0 0 88 0 196 175 195 1 0 0 128 1 0 0 0 0 0 0 0 0 0 0 0 0 0 0 0 0 0 0 0 0 0 0 0 0 0 0 0 0 0 0 0 0 0 0 0 0 0 0 0 0 0 0 0 0 0 0 0 0 0 0 0 0 0 0 0 0 0 0 0 0 0 0 77 68 79 32 101 120 116 114 97 32 100 97 116 97 32 108 111 99 107 0 0 0 0 0 0 0 0 0 0 0 0 0 0 0 0 0 0 0 0 0 0 0 0 0 0 0 0 0 0 0 0 0 0 0 0 0 0 0 0 0 0 0 0 0 0 0 0 0 0 0 0 0 0 0 0 0 0 0 0 0 0 0 0 0 0 0 0 0 0 0 0 0 0 0 0 0 0 0 0 0 0 0 0 0 17 0 0 0 0 0 0 0 0 0 0 0 0 0 0 0 1 0 0 0 0 0 0 0 0 0 0 0 0 0 0 0 0 2 0 0 49 151 28 0 1 0 0 0 0 0 0 0 0 0 0 0 2 0 0 0 0 0 0 0 0 0 0 0 48 0 0 0 254 255 255 255 7 0 4 0 0 0 0 0 data 6 0x40007 0x21352 0x30 0x17f94 0xa0002 0x17f94 oops 0
ciMethodData java/util/ArrayList ensureExplicitCapacity (I)V 2 234759 orig 264 120 103 193 71 249 127 0 0 168 1 196 175 195 1 0 0 88 1 0 0 0 0 0 0 0 0 0 0 0 0 0 0 0 0 0 0 0 0 0 0 0 0 0 0 0 0 0 0 0 0 0 0 0 0 0 0 0 0 0 0 0 0 0 0 0 0 0 0 0 0 0 0 0 0 0 0 0 0 0 0 77 68 79 32 101 120 116 114 97 32 100 97 116 97 32 108 111 99 107 0 0 0 0 0 0 0 0 0 0 0 0 0 0 0 0 0 0 0 0 0 0 0 0 0 0 0 0 0 0 0 0 0 0 0 0 0 0 0 0 0 0 0 0 0 0 0 0 0 0 0 0 0 0 0 0 0 0 0 0 0 0 0 0 0 0 0 0 0 0 0 0 0 0 0 0 0 0 0 0 0 0 0 0 0 17 0 0 0 0 0 0 0 0 0 0 0 0 0 0 0 1 0 0 0 0 0 0 0 0 0 0 0 0 0 0 0 0 2 0 0 57 152 28 0 1 0 0 0 0 0 0 0 0 0 0 0 2 0 0 0 0 0 0 0 0 0 0 0 48 0 0 0 254 255 255 255 7 0 17 0 0 0 0 0 data 6 0x110007 0x1fa00 0x30 0x19907 0x160002 0x19907 oops 0
ciMethodData java/util/HashMap resize ()[Ljava/util/HashMap$Node; 2 136233 orig 264 120 103 193 71 249 127 0 0 232 168 197 175 195 1 0 0 56 6 0 0 176 1 0 0 0 0 0 0 0 0 0 0 0 0 0 0 0 0 0 0 0 0 0 0 0 0 0 0 0 0 0 0 0 0 0 0 0 0 0 0 0 0 0 0 0 0 0 0 0 0 0 0 0 0 0 0 0 0 0 0 77 68 79 32 101 120 116 114 97 32 100 97 116 97 32 108 111 99 107 0 0 0 0 0 0 0 0 0 0 0 0 0 0 0 0 0 0 0 0 0 0 0 0 0 0 0 0 0 0 0 0 0 0 0 0 0 0 0 0 0 0 0 0 0 0 0 0 0 0 0 0 0 0 0 0 0 0 0 0 0 0 0 0 0 0 0 0 0 0 0 0 0 0 0 0 0 0 0 0 0 0 0 0 0 0 0 0 0 0 0 0 0 0 0 0 0 0 0 0 0 0 0 0 0 0 0 0 0 0 0 0 0 0 0 0 0 67 14 0 0 217 153 3 0 49 47 16 0 0 0 0 0 0 0 0 0 2 0 0 0 2 0 57 0 2 0 0 0 240 4 0 0 254 255 255 255 7 0 6 0 0 0 0 0 data 158 0x60007 0x5db 0x38 0x6d60 0xa0003 0x6d60 0x18 0x190007 0x6d60 0x98 0x5db 0x1f0007 0x5db 0x20 0x0 0x320007 0x0 0x90 0x5db 0x380007 0x8a 0x70 0x551 0x400003 0x551 0x50 0x440007 0x12fa 0x38 0x5a66 0x4a0003 0x5a66 0x18 0x570007 0x184b 0x78 0x5af0 0x680007 0x0 0x58 0x5af0 0x700007 0x0 0x38 0x5af0 0x760003 0x5af0 0x18 0x880004 0x0 0x1c3badbf510 0x733b 0x0 0x0 0x940007 0x6d60 0x340 0x5db 0x9d0007 0x5db 0x320 0x1a4d3 0xa70007 0xc57c 0x2e8 0xdf57 0xae0104 0x0 0x0 0x0 0x0 0x0 0xb40007 0x49d7 0x68 0x9580 0xc50004 0x0 0x1c3b9c924f0 0x842b 0x1c3badc1ff0 0x1155 0xc60003 0x9580 0x248 0xcb0004 0xffffffffffffb630 0x1c3b9c924f0 0x414f 0x1c3badc1ff0 0x881 0xce0007 0x49d0 0x98 0x7 0xd30004 0x0 0x1c3badc03a0 0x7 0x0 0x0 0xdc0005 0x7 0x0 0x0 0x0 0x0 0xdf0003 0x7 0x180 0xfc0007 0x3ecc 0x70 0x6c17 0x1010007 0x2c2d 0x38 0x3fea 0x1080003 0x3fea 0x18 0x1160003 0x6c17 0x50 0x11b0007 0x130e 0x38 0x2bbe 0x1220003 0x2bbe 0x18 0x1350007 0x6113 0xffffffffffffff58 0x49d0 0x13a0007 0x9e6 0x50 0x3fea 0x1490004 0x0 0x1c3b9c924f0 0x3931 0x1c3badc1ff0 0x6b9 0x14c0007 0x1e12 0x50 0x2bbe 0x15d0004 0x0 0x1c3b9c924f0 0x2543 0x1c3badc1ff0 0x67b 0x1610003 0x1a4d3 0xfffffffffffffcf8 oops 10 50 [Ljava/util/HashMap$Node; 78 java/util/HashMap$Node 80 java/util/LinkedHashMap$Entry 87 java/util/HashMap$Node 89 java/util/LinkedHashMap$Entry 97 java/util/HashMap$TreeNode 141 java/util/HashMap$Node 143 java/util/LinkedHashMap$Entry 151 java/util/HashMap$Node 153 java/util/LinkedHashMap$Entry
ciMethodData java/util/AbstractList <init> ()V 2 342828 orig 264 120 103 193 71 249 127 0 0 152 102 195 175 195 1 0 0 48 1 0 0 0 0 0 0 0 0 0 0 0 0 0 0 0 0 0 0 0 0 0 0 0 0 0 0 0 0 0 0 0 0 0 0 0 0 0 0 0 0 0 0 0 0 0 0 0 0 0 0 0 0 0 0 0 0 0 0 0 0 0 0 77 68 79 32 101 120 116 114 97 32 100 97 116 97 32 108 111 99 107 0 0 0 0 0 0 0 0 0 0 0 0 0 0 0 0 0 0 0 0 0 0 0 0 0 0 0 0 0 0 0 0 0 0 0 0 0 0 0 0 0 0 0 0 0 0 0 0 0 0 0 0 0 0 0 0 0 0 0 0 0 0 0 0 0 0 0 0 0 0 0 0 0 0 0 0 0 0 0 0 0 0 0 0 0 1 0 0 0 0 0 0 0 0 0 0 0 0 0 0 0 1 0 0 0 0 0 0 0 0 0 0 0 0 0 0 0 0 2 0 0 25 186 41 0 1 0 0 0 0 0 0 0 0 0 0 0 2 0 0 0 0 0 3 0 2 0 0 0 16 0 0 0 254 255 255 255 2 0 1 0 0 0 0 0 data 2 0x10002 0x53743 oops 0
ciMethod sun/reflect/generics/parser/SignatureParser make ()Lsun/reflect/generics/parser/SignatureParser; 6377 1 27197 0 -1
ciMethod sun/reflect/generics/parser/SignatureParser parseMethodSig (Ljava/lang/String;)Lsun/reflect/generics/tree/MethodTypeSignature; 1553 1 23106 0 -1
ciMethod sun/reflect/generics/tree/TypeTree accept (Lsun/reflect/generics/visitor/TypeTreeVisitor;)V 0 0 1 0 -1
ciMethod sun/reflect/generics/tree/ClassTypeSignature accept (Lsun/reflect/generics/visitor/TypeTreeVisitor;)V 4097 1 36747 0 0
ciMethod sun/reflect/generics/scope/ClassScope <init> (Ljava/lang/Class;)V 4097 1 15064 0 0
ciMethod sun/reflect/generics/scope/ClassScope make (Ljava/lang/Class;)Lsun/reflect/generics/scope/ClassScope; 7969 1 15548 0 0
ciMethod sun/reflect/generics/scope/AbstractScope <init> (Ljava/lang/reflect/GenericDeclaration;)V 5289 1 38170 0 0
ciMethod sun/reflect/generics/factory/GenericsFactory makeTypeVariable (Ljava/lang/String;[Lsun/reflect/generics/tree/FieldTypeSignature;)Ljava/lang/reflect/TypeVariable; 0 0 1 0 -1
ciMethod sun/reflect/generics/factory/CoreReflectionFactory <init> (Ljava/lang/reflect/GenericDeclaration;Lsun/reflect/generics/scope/Scope;)V 4097 1 26997 0 0
ciMethod sun/reflect/generics/factory/CoreReflectionFactory getDecl ()Ljava/lang/reflect/GenericDeclaration; 1009 1 126 0 -1
ciMethod sun/reflect/generics/factory/CoreReflectionFactory make (Ljava/lang/reflect/GenericDeclaration;Lsun/reflect/generics/scope/Scope;)Lsun/reflect/generics/factory/CoreReflectionFactory; 5689 1 27196 0 0
ciMethod sun/reflect/generics/factory/CoreReflectionFactory makeTypeVariable (Ljava/lang/String;[Lsun/reflect/generics/tree/FieldTypeSignature;)Ljava/lang/reflect/TypeVariable; 417 1 5826 0 0
ciMethod sun/reflect/generics/visitor/TypeTreeVisitor visitFormalTypeParameter (Lsun/reflect/generics/tree/FormalTypeParameter;)V 0 0 1 0 -1
ciMethod sun/reflect/generics/visitor/TypeTreeVisitor visitClassTypeSignature (Lsun/reflect/generics/tree/ClassTypeSignature;)V 0 0 1 0 -1
ciMethod sun/reflect/generics/visitor/Reifier <init> (Lsun/reflect/generics/factory/GenericsFactory;)V 4097 1 59283 0 0
ciMethod sun/reflect/generics/visitor/Reifier getFactory ()Lsun/reflect/generics/factory/GenericsFactory; 16433 1 2054 0 0
ciMethod sun/reflect/generics/visitor/Reifier make (Lsun/reflect/generics/factory/GenericsFactory;)Lsun/reflect/generics/visitor/Reifier; 7833 1 59750 0 0
ciMethod sun/reflect/generics/visitor/Reifier getResult ()Ljava/lang/reflect/Type; 14481 1 59750 0 0
ciMethod sun/reflect/generics/visitor/Reifier visitFormalTypeParameter (Lsun/reflect/generics/tree/FormalTypeParameter;)V 417 1 5826 0 0
ciMethod java/lang/reflect/GenericArrayType getGenericComponentType ()Ljava/lang/reflect/Type; 0 0 1 0 -1
ciMethodData java/util/ArrayList$Itr hasNext ()Z 2 23690 orig 264 120 103 193 71 249 127 0 0 136 143 224 175 195 1 0 0 144 1 0 0 0 0 0 0 0 0 0 0 0 0 0 0 0 0 0 0 0 0 0 0 0 0 0 0 0 0 0 0 0 0 0 0 0 0 0 0 0 0 0 0 0 0 0 0 0 0 0 0 0 0 0 0 0 0 0 0 0 0 0 0 77 68 79 32 101 120 116 114 97 32 100 97 116 97 32 108 111 99 107 0 0 0 0 0 0 0 0 0 0 0 0 0 0 0 0 0 0 0 0 0 0 0 0 0 0 0 0 0 0 0 0 0 0 0 0 0 0 0 0 0 0 0 0 0 0 0 0 0 0 0 0 0 0 0 0 0 0 0 0 0 0 0 0 0 0 0 0 0 0 0 0 0 0 0 0 0 0 0 0 0 0 0 0 0 17 0 0 0 0 0 0 0 0 0 0 0 0 0 0 0 1 0 0 0 0 0 0 0 0 0 0 0 0 0 0 0 0 2 0 0 105 208 1 0 1 0 0 0 0 0 0 0 0 0 0 0 2 0 0 0 0 0 3 0 2 0 0 0 72 0 0 0 254 255 255 255 2 0 8 0 0 0 0 0 data 9 0x80002 0x3a0d 0xb0007 0x10a6 0x38 0x2967 0xf0003 0x2967 0x18 oops 0
ciMethodData java/util/ArrayList$Itr next ()Ljava/lang/Object; 2 19179 orig 264 120 103 193 71 249 127 0 0 104 144 224 175 195 1 0 0 232 1 0 0 96 0 0 0 0 0 0 0 0 0 0 0 0 0 0 0 0 0 0 0 0 0 0 0 0 0 0 0 0 0 0 0 0 0 0 0 0 0 0 0 0 0 0 0 0 0 0 0 0 0 0 0 0 0 0 0 0 0 0 0 77 68 79 32 101 120 116 114 97 32 100 97 116 97 32 108 111 99 107 0 0 0 0 0 0 0 0 0 0 0 0 0 0 0 0 0 0 0 0 0 0 0 0 0 0 0 0 0 0 0 0 0 0 0 0 0 0 0 0 0 0 0 0 0 0 0 0 0 0 0 0 0 0 0 0 0 0 0 0 0 0 0 0 0 0 0 0 0 0 0 0 0 0 0 0 0 0 0 0 0 0 0 0 0 25 0 0 0 0 0 0 0 0 0 0 0 0 0 0 0 1 0 0 0 0 0 0 0 0 0 0 0 0 0 0 0 0 2 0 0 1 128 1 0 1 0 0 0 0 0 0 0 0 0 0 0 2 0 0 0 0 0 9 0 2 0 0 0 160 0 0 0 254 255 255 255 5 0 1 0 0 0 0 0 data 20 0x10005 0x3000 0x0 0x0 0x0 0x0 0xe0002 0x3000 0x110007 0x3000 0x30 0x0 0x180002 0x0 0x270007 0x3000 0x30 0x0 0x2e0002 0x0 oops 0
ciMethodData java/util/ArrayList <init> ()V 2 185131 orig 264 120 103 193 71 249 127 0 0 104 253 195 175 195 1 0 0 48 1 0 0 0 0 0 0 0 0 0 0 0 0 0 0 0 0 0 0 0 0 0 0 0 0 0 0 0 0 0 0 0 0 0 0 0 0 0 0 0 0 0 0 0 0 0 0 0 0 0 0 0 0 0 0 0 0 0 0 0 0 0 0 77 68 79 32 101 120 116 114 97 32 100 97 116 97 32 108 111 99 107 0 0 0 0 0 0 0 0 0 0 0 0 0 0 0 0 0 0 0 0 0 0 0 0 0 0 0 0 0 0 0 0 0 0 0 0 0 0 0 0 0 0 0 0 0 0 0 0 0 0 0 0 0 0 0 0 0 0 0 0 0 0 0 0 0 0 0 0 0 0 0 0 0 0 0 0 0 0 0 0 0 0 0 0 0 0 0 0 0 0 0 0 0 0 0 0 0 0 0 0 0 0 0 0 0 0 0 0 0 0 0 0 0 0 0 0 0 0 2 0 0 161 87 22 0 1 0 0 0 0 0 0 0 0 0 0 0 2 0 0 0 0 0 3 0 2 0 0 0 16 0 0 0 254 255 255 255 2 0 1 0 0 0 0 0 data 2 0x10002 0x2caf4 oops 0
ciMethod java/util/AbstractList$Itr <init> (Ljava/util/AbstractList;)V 4097 1 48197 0 96
ciMethod java/util/AbstractList$Itr hasNext ()Z 4097 1 145836 0 128
ciMethod java/util/AbstractList$Itr next ()Ljava/lang/Object; 5769 1 6045 0 0
ciMethod java/util/AbstractList$Itr checkForComodification ()V 4097 1 5890 0 0
ciMethod java/util/AbstractList$Itr <init> (Ljava/util/AbstractList;Ljava/util/AbstractList$1;)V 4097 1 97209 0 96
ciMethod sun/reflect/generics/tree/FormalTypeParameter getBounds ()[Lsun/reflect/generics/tree/FieldTypeSignature; 1009 1 126 0 0
ciMethod sun/reflect/generics/tree/FormalTypeParameter getName ()Ljava/lang/String; 1009 1 126 0 0
ciMethod sun/reflect/generics/tree/FormalTypeParameter accept (Lsun/reflect/generics/visitor/TypeTreeVisitor;)V 417 1 5826 0 0
ciMethod sun/reflect/generics/tree/Signature getFormalTypeParameters ()[Lsun/reflect/generics/tree/FormalTypeParameter; 0 0 1 0 -1
ciMethod sun/reflect/generics/tree/ClassSignature getFormalTypeParameters ()[Lsun/reflect/generics/tree/FormalTypeParameter; 881 1 110 0 0
ciMethod java/lang/reflect/ParameterizedType getActualTypeArguments ()[Ljava/lang/reflect/Type; 0 0 1 0 -1
ciMethod java/lang/reflect/ParameterizedType getRawType ()Ljava/lang/reflect/Type; 0 0 1 0 -1
ciMethod sun/reflect/generics/reflectiveObjects/ParameterizedTypeImpl getActualTypeArguments ()[Ljava/lang/reflect/Type; 4097 1 96994 0 256
ciMethod sun/reflect/generics/reflectiveObjects/ParameterizedTypeImpl getRawType ()Ljava/lang/Class; 16385 1 2048 0 0
ciMethod sun/reflect/generics/reflectiveObjects/ParameterizedTypeImpl getRawType ()Ljava/lang/reflect/Type; 4097 1 5673 0 32
ciMethod java/lang/reflect/TypeVariable getBounds ()[Ljava/lang/reflect/Type; 0 0 1 0 -1
ciMethod java/lang/reflect/TypeVariable getName ()Ljava/lang/String; 0 0 1 0 -1
ciMethod sun/reflect/generics/reflectiveObjects/TypeVariableImpl getBoundASTs ()[Lsun/reflect/generics/tree/FieldTypeSignature; 361 1 2468 0 0
ciMethod sun/reflect/generics/reflectiveObjects/TypeVariableImpl make (Ljava/lang/reflect/GenericDeclaration;Ljava/lang/String;[Lsun/reflect/generics/tree/FieldTypeSignature;Lsun/reflect/generics/factory/GenericsFactory;)Lsun/reflect/generics/reflectiveObjects/TypeVariableImpl; 417 1 8003 0 -1
ciMethod sun/reflect/generics/reflectiveObjects/TypeVariableImpl getBounds ()[Ljava/lang/reflect/Type; 3233 361 5591 0 0
ciMethod sun/reflect/generics/reflectiveObjects/TypeVariableImpl getName ()Ljava/lang/String; 1121 1 140 0 0
ciMethod sun/reflect/generics/reflectiveObjects/LazyReflectiveObjectGenerator getFactory ()Lsun/reflect/generics/factory/GenericsFactory; 1449 1 181 0 -1
ciMethod sun/reflect/generics/reflectiveObjects/LazyReflectiveObjectGenerator getReifier ()Lsun/reflect/generics/visitor/Reifier; 1657 1 11572 0 0
ciMethod java/lang/reflect/WildcardType getUpperBounds ()[Ljava/lang/reflect/Type; 0 0 1 0 -1
ciMethod sun/reflect/generics/scope/MethodScope <init> (Ljava/lang/reflect/Method;)V 705 1 23105 0 0
ciMethod sun/reflect/generics/scope/MethodScope make (Ljava/lang/reflect/Method;)Lsun/reflect/generics/scope/MethodScope; 705 1 23105 0 0
ciMethod sun/reflect/generics/repository/MethodRepository <init> (Ljava/lang/String;Lsun/reflect/generics/factory/GenericsFactory;)V 705 1 23105 0 0
ciMethod sun/reflect/generics/repository/MethodRepository make (Ljava/lang/String;Lsun/reflect/generics/factory/GenericsFactory;)Lsun/reflect/generics/repository/MethodRepository; 705 1 23105 0 0
ciMethod sun/reflect/generics/repository/MethodRepository getReturnType ()Ljava/lang/reflect/Type; 689 1 23103 0 0
ciMethod sun/reflect/generics/repository/ConstructorRepository <init> (Ljava/lang/String;Lsun/reflect/generics/factory/GenericsFactory;)V 713 1 23106 0 0
ciMethod sun/reflect/generics/repository/ConstructorRepository parse (Ljava/lang/String;)Lsun/reflect/generics/tree/MethodTypeSignature; 1553 1 23106 0 -1
ciMethod sun/reflect/generics/repository/ConstructorRepository getParameterTypes ()[Ljava/lang/reflect/Type; 257 105 23105 0 0
ciMethod sun/reflect/generics/repository/ConstructorRepository parse (Ljava/lang/String;)Lsun/reflect/generics/tree/Tree; 1553 1 23106 0 0
ciMethod sun/reflect/generics/tree/MethodTypeSignature getFormalTypeParameters ()[Lsun/reflect/generics/tree/FormalTypeParameter; 1065 1 133 0 0
ciMethod sun/reflect/generics/tree/MethodTypeSignature getParameterTypes ()[Lsun/reflect/generics/tree/TypeSignature; 1225 1 153 0 0
ciMethod sun/reflect/generics/tree/MethodTypeSignature getReturnType ()Lsun/reflect/generics/tree/ReturnType; 1161 1 145 0 0
ciMethodData java/util/Objects requireNonNull (Ljava/lang/Object;)Ljava/lang/Object; 2 287789 orig 264 120 103 193 71 249 127 0 0 48 21 202 175 195 1 0 0 80 1 0 0 0 0 0 0 0 0 0 0 0 0 0 0 0 0 0 0 0 0 0 0 0 0 0 0 0 0 0 0 0 0 0 0 0 0 0 0 0 0 0 0 0 0 0 0 0 0 0 0 0 0 0 0 0 0 0 0 0 0 0 0 77 68 79 32 101 120 116 114 97 32 100 97 116 97 32 108 111 99 107 0 0 0 0 0 0 0 0 0 0 0 0 0 0 0 0 0 0 0 0 0 0 0 0 0 0 0 0 0 0 0 0 0 0 0 0 0 0 0 0 0 0 0 0 0 0 0 0 0 0 0 0 0 0 0 0 0 0 0 0 0 0 0 0 0 0 0 0 0 0 0 0 0 0 0 0 0 0 0 0 0 0 0 0 0 27 0 0 0 0 0 0 0 0 0 0 0 0 0 0 0 1 0 0 0 0 0 0 0 1 0 0 0 0 0 0 0 0 2 0 0 177 1 35 0 1 0 0 0 0 0 0 0 0 0 0 0 2 0 0 0 0 0 5 0 2 0 0 0 48 0 0 0 254 255 255 255 7 0 1 0 0 0 0 0 data 6 0x10007 0x46036 0x30 0x0 0x80002 0x0 oops 0
ciMethodData java/lang/reflect/Method getParameterTypes ()[Ljava/lang/Class; 2 44252 orig 264 120 103 193 71 249 127 0 0 248 33 187 175 195 1 0 0 168 1 0 0 0 0 0 0 0 0 0 0 0 0 0 0 0 0 0 0 0 0 0 0 0 0 0 0 0 0 0 0 0 0 0 0 0 0 0 0 0 0 0 0 0 0 0 0 0 0 0 0 0 0 0 0 0 0 0 0 0 0 0 0 77 68 79 32 101 120 116 114 97 32 100 97 116 97 32 108 111 99 107 0 0 0 0 0 0 0 0 0 0 0 0 0 0 0 0 0 0 0 0 0 0 0 0 0 0 0 0 0 0 0 0 0 0 0 0 0 0 0 0 0 0 0 0 0 0 0 0 0 0 0 0 0 0 0 0 0 0 0 0 0 0 0 0 0 0 0 0 0 0 0 0 0 0 0 0 0 0 0 0 0 0 0 0 0 0 0 0 0 0 0 0 0 0 0 0 0 0 0 0 0 0 0 0 0 0 0 0 0 0 0 0 0 0 0 0 0 0 2 0 0 161 58 5 0 1 0 0 0 0 0 0 0 0 0 0 0 2 0 0 0 0 0 3 0 2 0 0 0 96 0 0 0 254 255 255 255 5 0 4 0 0 0 0 0 data 12 0x40005 0x0 0x1c3b763b760 0xa754 0x0 0x0 0x70004 0x0 0x1c3b763b760 0xa754 0x0 0x0 oops 2 2 [Ljava/lang/Class; 8 [Ljava/lang/Class;
ciMethodData java/util/ArrayList iterator ()Ljava/util/Iterator; 2 9358 orig 264 120 103 193 71 249 127 0 0 64 27 196 175 195 1 0 0 48 1 0 0 0 0 0 0 0 0 0 0 0 0 0 0 0 0 0 0 0 0 0 0 0 0 0 0 0 0 0 0 0 0 0 0 0 0 0 0 0 0 0 0 0 0 0 0 0 0 0 0 0 0 0 0 0 0 0 0 0 0 0 0 77 68 79 32 101 120 116 114 97 32 100 97 116 97 32 108 111 99 107 0 0 0 0 0 0 0 0 0 0 0 0 0 0 0 0 0 0 0 0 0 0 0 0 0 0 0 0 0 0 0 0 0 0 0 0 0 0 0 0 0 0 0 0 0 0 0 0 0 0 0 0 0 0 0 0 0 0 0 0 0 0 0 0 0 0 0 0 0 0 0 0 0 0 0 0 0 0 0 0 0 0 0 0 0 13 0 0 0 0 0 0 0 0 0 0 0 0 0 0 0 0 0 0 0 0 0 0 0 0 0 0 0 0 0 0 0 0 2 0 0 1 163 0 0 1 0 0 0 0 0 0 0 0 0 0 0 2 0 0 0 0 0 3 0 2 0 0 0 16 0 0 0 254 255 255 255 2 0 5 0 0 0 0 0 data 2 0x50002 0x1460 oops 0
ciMethodData java/util/ArrayList grow (I)V 2 15065 orig 264 120 103 193 71 249 127 0 0 112 2 196 175 195 1 0 0 176 1 0 0 64 0 0 0 0 0 0 0 0 0 0 0 0 0 0 0 0 0 0 0 0 0 0 0 0 0 0 0 0 0 0 0 0 0 0 0 0 0 0 0 0 0 0 0 0 0 0 0 0 0 0 0 0 0 0 0 0 0 0 0 77 68 79 32 101 120 116 114 97 32 100 97 116 97 32 108 111 99 107 0 0 0 0 0 0 0 0 0 0 0 0 0 0 0 0 0 0 0 0 0 0 0 0 0 0 0 0 0 0 0 0 0 0 0 0 0 0 0 0 0 0 0 0 0 0 0 0 0 0 0 0 0 0 0 0 0 0 0 0 0 0 0 0 0 0 0 0 0 0 0 0 0 0 0 0 0 0 0 0 0 0 0 0 0 17 0 0 0 0 0 0 0 0 0 0 0 0 0 0 0 1 0 0 0 0 0 0 0 0 0 0 0 0 0 0 0 0 2 0 0 9 148 1 0 1 0 0 0 0 0 0 0 0 0 0 0 2 0 0 0 0 0 11 0 2 0 0 0 96 0 0 0 254 255 255 255 7 0 15 0 0 0 0 0 data 12 0xf0007 0x198 0x20 0x30e9 0x180007 0x3281 0x30 0x0 0x1c0002 0x0 0x260002 0x3281 oops 0
ciMethodData java/util/ArrayList <init> (I)V 2 7688 orig 264 120 103 193 71 249 127 0 0 200 252 195 175 195 1 0 0 128 2 0 0 104 0 0 0 0 0 0 0 0 0 0 0 0 0 0 0 0 0 0 0 0 0 0 0 0 0 0 0 0 0 0 0 0 0 0 0 0 0 0 0 0 0 0 0 0 0 0 0 0 0 0 0 0 0 0 0 0 0 0 0 77 68 79 32 101 120 116 114 97 32 100 97 116 97 32 108 111 99 107 0 0 0 0 0 0 0 0 0 0 0 0 0 0 0 0 0 0 0 0 0 0 0 0 0 0 0 0 0 0 0 0 0 0 0 0 0 0 0 0 0 0 0 0 0 0 0 0 0 0 0 0 0 0 0 0 0 0 0 0 0 0 0 0 0 0 0 0 0 0 0 0 0 0 0 0 0 0 0 0 0 0 0 0 0 25 0 0 0 0 0 0 0 0 0 0 0 0 0 0 0 1 0 0 0 0 0 0 0 0 0 0 0 0 0 0 0 0 2 0 0 233 169 0 0 1 0 0 0 0 0 0 0 0 0 0 0 2 0 0 0 0 0 8 0 2 0 0 0 48 1 0 0 254 255 255 255 2 0 1 0 0 0 0 0 data 38 0x10002 0x153d 0x50007 0x804 0x38 0xd39 0x100003 0xd39 0x100 0x140007 0x0 0x38 0x804 0x1e0003 0x804 0xc8 0x290002 0x0 0x2e0005 0x0 0x0 0x0 0x0 0x0 0x320005 0x0 0x0 0x0 0x0 0x0 0x350005 0x0 0x0 0x0 0x0 0x0 0x380002 0x0 oops 0
ciMethodData java/lang/reflect/AnnotatedElement isAnnotationPresent (Ljava/lang/Class;)Z 2 138408 orig 264 120 103 193 71 249 127 0 0 48 170 183 175 195 1 0 0 184 1 0 0 0 0 0 0 0 0 0 0 0 0 0 0 0 0 0 0 0 0 0 0 0 0 0 0 0 0 0 0 0 0 0 0 0 0 0 0 0 0 0 0 0 0 0 0 0 0 0 0 0 0 0 0 0 0 0 0 0 0 0 0 77 68 79 32 101 120 116 114 97 32 100 97 116 97 32 108 111 99 107 0 0 0 0 0 0 0 0 0 0 0 0 0 0 0 0 0 0 0 0 0 0 0 0 0 0 0 0 0 0 0 0 0 0 0 0 0 0 0 0 0 0 0 0 0 0 0 0 0 0 0 0 0 0 0 0 0 0 0 0 0 0 0 0 0 0 0 0 0 0 0 0 0 0 0 0 0 0 0 0 0 0 0 0 0 17 0 0 0 0 0 0 0 0 0 0 0 0 0 0 0 0 0 0 0 0 0 0 0 0 0 0 0 0 0 0 0 0 2 0 0 65 213 16 0 1 0 0 0 0 0 0 0 0 0 0 0 2 0 0 0 0 0 0 0 0 0 0 0 104 0 0 0 254 255 255 255 5 0 2 0 0 0 0 0 data 13 0x20005 0xdb8 0x1c3b41768f0 0x1372d 0x1c3b4177f20 0xd5c3 0x70007 0x21839 0x38 0x26f 0xb0003 0x26f 0x18 oops 2 2 java/lang/Class 4 java/lang/reflect/Method
ciMethodData java/util/HashMap afterNodeAccess (Ljava/util/HashMap$Node;)V 2 3860 orig 264 120 103 193 71 249 127 0 0 160 197 197 175 195 1 0 0 40 1 0 0 0 0 0 0 0 0 0 0 0 0 0 0 0 0 0 0 0 0 0 0 0 0 0 0 0 0 0 0 0 0 0 0 0 0 0 0 0 0 0 0 0 0 0 0 0 0 0 0 0 0 0 0 0 0 0 0 0 0 0 0 77 68 79 32 101 120 116 114 97 32 100 97 116 97 32 108 111 99 107 0 0 0 0 0 0 0 0 0 0 0 0 0 0 0 0 0 0 0 0 0 0 0 0 0 0 0 0 0 0 0 0 0 0 0 0 0 0 0 0 0 0 0 0 0 0 0 0 0 0 0 0 0 0 0 0 0 0 0 0 0 0 0 0 0 0 0 0 0 0 0 0 0 0 0 0 0 0 0 0 0 0 0 0 0 0 0 0 0 0 0 0 0 0 0 0 0 0 0 0 0 0 0 0 0 0 0 0 0 0 0 0 0 0 0 0 0 0 2 0 0 161 104 0 0 1 0 0 0 0 0 0 0 0 0 0 0 2 0 0 0 0 0 0 0 0 0 0 0 0 0 0 0 254 255 255 255 0 0 0 0 0 0 0 0 data 0 oops 0
ciMethodData java/lang/reflect/AccessibleObject isAnnotationPresent (Ljava/lang/Class;)Z 2 58612 orig 264 120 103 193 71 249 127 0 0 64 182 186 175 195 1 0 0 56 1 0 0 0 0 0 0 0 0 0 0 0 0 0 0 0 0 0 0 0 0 0 0 0 0 0 0 0 0 0 0 0 0 0 0 0 0 0 0 0 0 0 0 0 0 0 0 0 0 0 0 0 0 0 0 0 0 0 0 0 0 0 0 77 68 79 32 101 120 116 114 97 32 100 97 116 97 32 108 111 99 107 0 0 0 0 0 0 0 0 0 0 0 0 0 0 0 0 0 0 0 0 0 0 0 0 0 0 0 0 0 0 0 0 0 0 0 0 0 0 0 0 0 0 0 0 0 0 0 0 0 0 0 0 0 0 0 0 0 0 0 0 0 0 0 0 0 0 0 0 0 0 0 0 0 0 0 0 0 0 0 0 0 0 0 0 0 0 0 0 0 0 0 0 0 0 0 0 0 0 0 0 0 0 0 0 0 0 0 0 0 0 0 0 0 0 0 0 0 0 2 0 0 161 23 7 0 1 0 0 0 0 0 0 0 0 0 0 0 2 0 0 0 0 0 7 0 2 0 0 0 16 0 0 0 254 255 255 255 2 0 2 0 0 0 0 0 data 2 0x20002 0xe2f4 oops 0
ciMethodData java/lang/Object equals (Ljava/lang/Object;)Z 2 8322 orig 264 120 103 193 71 249 127 0 0 232 6 183 175 195 1 0 0 136 1 0 0 0 0 0 0 0 0 0 0 0 0 0 0 0 0 0 0 0 0 0 0 0 0 0 0 0 0 0 0 0 0 0 0 0 0 0 0 0 0 0 0 0 0 0 0 0 0 0 0 0 0 0 0 0 0 0 0 0 0 0 0 77 68 79 32 101 120 116 114 97 32 100 97 116 97 32 108 111 99 107 0 0 0 0 0 0 0 0 0 0 0 0 0 0 0 0 0 0 0 0 0 0 0 0 0 0 0 0 0 0 0 0 0 0 0 0 0 0 0 0 0 0 0 0 0 0 0 0 0 0 0 0 0 0 0 0 0 0 0 0 0 0 0 0 0 0 0 0 0 0 0 0 0 0 0 0 0 0 0 0 0 0 0 0 0 1 0 0 0 0 0 0 0 0 0 0 0 0 0 0 0 3 0 0 0 0 0 0 0 0 0 0 0 0 0 0 0 0 2 0 0 17 244 0 0 1 0 0 0 0 0 0 0 0 0 0 0 2 0 0 0 0 0 0 0 0 0 0 0 56 0 0 0 254 255 255 255 7 0 2 0 0 0 0 0 data 7 0x20007 0xbb2 0x38 0x12d0 0x60003 0x12d0 0x18 oops 0
ciMethodData sun/reflect/generics/tree/ClassTypeSignature accept (Lsun/reflect/generics/visitor/TypeTreeVisitor;)V 2 36747 orig 264 120 103 193 71 249 127 0 0 48 18 10 176 195 1 0 0 128 1 0 0 0 0 0 0 0 0 0 0 0 0 0 0 0 0 0 0 0 0 0 0 0 0 0 0 0 0 0 0 0 0 0 0 0 0 0 0 0 0 0 0 0 0 0 0 0 0 0 0 0 0 0 0 0 0 0 0 0 0 0 0 77 68 79 32 101 120 116 114 97 32 100 97 116 97 32 108 111 99 107 0 0 0 0 0 0 0 0 0 0 0 0 0 0 0 0 0 0 0 0 0 0 0 0 0 0 0 0 0 0 0 0 0 0 0 0 0 0 0 0 0 0 0 0 0 0 0 0 0 0 0 0 0 0 0 0 0 0 0 0 0 0 0 0 0 0 0 0 0 0 0 0 0 0 0 0 0 0 0 0 0 0 0 0 0 0 0 0 0 0 0 0 0 0 0 0 0 0 0 0 0 0 0 0 0 0 0 0 0 0 0 0 0 0 0 0 0 0 2 0 0 89 108 4 0 1 0 0 0 0 0 0 0 0 0 0 0 2 0 0 0 0 0 3 0 2 0 0 0 48 0 0 0 254 255 255 255 5 0 2 0 0 0 0 0 data 6 0x20005 0x0 0x1c3b6102e90 0x8d8b 0x0 0x0 oops 1 2 sun/reflect/generics/visitor/Reifier
ciMethodData sun/reflect/generics/scope/AbstractScope <init> (Ljava/lang/reflect/GenericDeclaration;)V 2 38170 orig 264 120 103 193 71 249 127 0 0 112 29 10 176 195 1 0 0 56 1 0 0 0 0 0 0 0 0 0 0 0 0 0 0 0 0 0 0 0 0 0 0 0 0 0 0 0 0 0 0 0 0 0 0 0 0 0 0 0 0 0 0 0 0 0 0 0 0 0 0 0 0 0 0 0 0 0 0 0 0 0 0 77 68 79 32 101 120 116 114 97 32 100 97 116 97 32 108 111 99 107 0 0 0 0 0 0 0 0 0 0 0 0 0 0 0 0 0 0 0 0 0 0 0 0 0 0 0 0 0 0 0 0 0 0 0 0 0 0 0 0 0 0 0 0 0 0 0 0 0 0 0 0 0 0 0 0 0 0 0 0 0 0 0 0 0 0 0 0 0 0 0 0 0 0 0 0 0 0 0 0 0 0 0 0 0 1 0 0 0 0 0 0 0 0 0 0 0 0 0 0 0 1 0 0 0 0 0 0 0 0 0 0 0 0 0 0 0 0 2 0 0 41 148 4 0 1 0 0 0 0 0 0 0 0 0 0 0 2 0 0 0 0 0 3 0 2 0 0 0 16 0 0 0 254 255 255 255 2 0 1 0 0 0 0 0 data 2 0x10002 0x9285 oops 0
ciMethodData sun/reflect/generics/factory/CoreReflectionFactory make (Ljava/lang/reflect/GenericDeclaration;Lsun/reflect/generics/scope/Scope;)Lsun/reflect/generics/factory/CoreReflectionFactory; 2 27196 orig 264 120 103 193 71 249 127 0 0 0 56 10 176 195 1 0 0 56 1 0 0 0 0 0 0 0 0 0 0 0 0 0 0 0 0 0 0 0 0 0 0 0 0 0 0 0 0 0 0 0 0 0 0 0 0 0 0 0 0 0 0 0 0 0 0 0 0 0 0 0 0 0 0 0 0 0 0 0 0 0 0 77 68 79 32 101 120 116 114 97 32 100 97 116 97 32 108 111 99 107 0 0 0 0 0 0 0 0 0 0 0 0 0 0 0 0 0 0 0 0 0 0 0 0 0 0 0 0 0 0 0 0 0 0 0 0 0 0 0 0 0 0 0 0 0 0 0 0 0 0 0 0 0 0 0 0 0 0 0 0 0 0 0 0 0 0 0 0 0 0 0 0 0 0 0 0 0 0 0 0 0 0 0 0 0 13 0 0 0 0 0 0 0 0 0 0 0 0 0 0 0 0 0 0 0 0 0 0 0 0 0 0 0 0 0 0 0 0 2 0 0 169 59 3 0 1 0 0 0 0 0 0 0 0 0 0 0 2 0 0 0 0 0 3 0 2 0 0 0 16 0 0 0 254 255 255 255 2 0 6 0 0 0 0 0 data 2 0x60002 0x6775 oops 0
ciMethodData sun/reflect/generics/factory/CoreReflectionFactory <init> (Ljava/lang/reflect/GenericDeclaration;Lsun/reflect/generics/scope/Scope;)V 2 26997 orig 264 120 103 193 71 249 127 0 0 80 53 10 176 195 1 0 0 64 1 0 0 0 0 0 0 0 0 0 0 0 0 0 0 0 0 0 0 0 0 0 0 0 0 0 0 0 0 0 0 0 0 0 0 0 0 0 0 0 0 0 0 0 0 0 0 0 0 0 0 0 0 0 0 0 0 0 0 0 0 0 0 77 68 79 32 101 120 116 114 97 32 100 97 116 97 32 108 111 99 107 0 0 0 0 0 0 0 0 0 0 0 0 0 0 0 0 0 0 0 0 0 0 0 0 0 0 0 0 0 0 0 0 0 0 0 0 0 0 0 0 0 0 0 0 0 0 0 0 0 0 0 0 0 0 0 0 0 0 0 0 0 0 0 0 0 0 0 0 0 0 0 0 0 0 0 0 0 0 0 0 0 0 0 0 0 1 0 0 0 0 0 0 0 0 0 0 0 0 0 0 0 1 0 0 0 0 0 0 0 0 0 0 0 0 0 0 0 0 2 0 0 169 59 3 0 1 0 0 0 0 0 0 0 0 0 0 0 2 0 0 0 0 0 3 0 2 0 0 0 16 0 0 0 254 255 255 255 2 0 1 0 0 0 0 0 data 2 0x10002 0x6775 oops 0
ciMethodData sun/reflect/generics/visitor/Reifier make (Lsun/reflect/generics/factory/GenericsFactory;)Lsun/reflect/generics/visitor/Reifier; 2 59750 orig 264 120 103 193 71 249 127 0 0 96 93 10 176 195 1 0 0 48 1 0 0 0 0 0 0 0 0 0 0 0 0 0 0 0 0 0 0 0 0 0 0 0 0 0 0 0 0 0 0 0 0 0 0 0 0 0 0 0 0 0 0 0 0 0 0 0 0 0 0 0 0 0 0 0 0 0 0 0 0 0 0 77 68 79 32 101 120 116 114 97 32 100 97 116 97 32 108 111 99 107 0 0 0 0 0 0 0 0 0 0 0 0 0 0 0 0 0 0 0 0 0 0 0 0 0 0 0 0 0 0 0 0 0 0 0 0 0 0 0 0 0 0 0 0 0 0 0 0 0 0 0 0 0 0 0 0 0 0 0 0 0 0 0 0 0 0 0 0 0 0 0 0 0 0 0 0 0 0 0 0 0 0 0 0 0 13 0 0 0 0 0 0 0 0 0 0 0 0 0 0 0 0 0 0 0 0 0 0 0 0 0 0 0 0 0 0 0 0 2 0 0 153 44 7 0 1 0 0 0 0 0 0 0 0 0 0 0 2 0 0 0 0 0 3 0 2 0 0 0 16 0 0 0 254 255 255 255 2 0 5 0 0 0 0 0 data 2 0x50002 0xe593 oops 0
ciMethodData sun/reflect/generics/visitor/Reifier <init> (Lsun/reflect/generics/factory/GenericsFactory;)V 2 59283 orig 264 120 103 193 71 249 127 0 0 48 92 10 176 195 1 0 0 56 1 0 0 0 0 0 0 0 0 0 0 0 0 0 0 0 0 0 0 0 0 0 0 0 0 0 0 0 0 0 0 0 0 0 0 0 0 0 0 0 0 0 0 0 0 0 0 0 0 0 0 0 0 0 0 0 0 0 0 0 0 0 0 77 68 79 32 101 120 116 114 97 32 100 97 116 97 32 108 111 99 107 0 0 0 0 0 0 0 0 0 0 0 0 0 0 0 0 0 0 0 0 0 0 0 0 0 0 0 0 0 0 0 0 0 0 0 0 0 0 0 0 0 0 0 0 0 0 0 0 0 0 0 0 0 0 0 0 0 0 0 0 0 0 0 0 0 0 0 0 0 0 0 0 0 0 0 0 0 0 0 0 0 0 0 0 0 1 0 0 0 0 0 0 0 0 0 0 0 0 0 0 0 1 0 0 0 0 0 0 0 0 0 0 0 0 0 0 0 0 2 0 0 153 44 7 0 1 0 0 0 0 0 0 0 0 0 0 0 2 0 0 0 0 0 3 0 2 0 0 0 16 0 0 0 254 255 255 255 2 0 1 0 0 0 0 0 data 2 0x10002 0xe593 oops 0
ciMethodData sun/reflect/generics/visitor/Reifier getResult ()Ljava/lang/reflect/Type; 2 59750 orig 264 120 103 193 71 249 127 0 0 200 94 10 176 195 1 0 0 112 1 0 0 0 0 0 0 0 0 0 0 0 0 0 0 0 0 0 0 0 0 0 0 0 0 0 0 0 0 0 0 0 0 0 0 0 0 0 0 0 0 0 0 0 0 0 0 0 0 0 0 0 0 0 0 0 0 0 0 0 0 0 0 77 68 79 32 101 120 116 114 97 32 100 97 116 97 32 108 111 99 107 0 0 0 0 0 0 0 0 0 0 0 0 0 0 0 0 0 0 0 0 0 0 0 0 0 0 0 0 0 0 0 0 0 0 0 0 0 0 0 0 0 0 0 0 0 0 0 0 0 0 0 0 0 0 0 0 0 0 0 0 0 0 0 0 0 0 0 0 0 0 0 0 0 0 0 0 0 0 0 0 0 0 0 0 0 0 0 0 0 0 0 0 0 0 0 0 0 0 0 0 0 0 0 0 0 0 0 0 0 0 0 0 0 0 0 0 0 0 2 0 0 161 18 7 0 1 0 0 0 0 0 0 0 0 0 0 0 2 0 0 0 0 0 3 0 2 0 0 0 80 0 0 0 254 255 255 255 7 0 3 0 0 0 0 0 data 10 0x30007 0xe254 0x50 0x0 0xa0007 0x0 0x30 0x0 0x110002 0x0 oops 0
ciMethodData sun/reflect/generics/scope/ClassScope make (Ljava/lang/Class;)Lsun/reflect/generics/scope/ClassScope; 2 15548 orig 264 120 103 193 71 249 127 0 0 192 25 10 176 195 1 0 0 48 1 0 0 0 0 0 0 0 0 0 0 0 0 0 0 0 0 0 0 0 0 0 0 0 0 0 0 0 0 0 0 0 0 0 0 0 0 0 0 0 0 0 0 0 0 0 0 0 0 0 0 0 0 0 0 0 0 0 0 0 0 0 0 77 68 79 32 101 120 116 114 97 32 100 97 116 97 32 108 111 99 107 0 0 0 0 0 0 0 0 0 0 0 0 0 0 0 0 0 0 0 0 0 0 0 0 0 0 0 0 0 0 0 0 0 0 0 0 0 0 0 0 0 0 0 0 0 0 0 0 0 0 0 0 0 0 0 0 0 0 0 0 0 0 0 0 0 0 0 0 0 0 0 0 0 0 0 0 0 0 0 0 0 0 0 0 0 13 0 0 0 0 0 0 0 0 0 0 0 0 0 0 0 0 0 0 0 0 0 0 0 0 0 0 0 0 0 0 0 0 2 0 0 193 198 1 0 1 0 0 0 0 0 0 0 0 0 0 0 2 0 0 0 0 0 3 0 2 0 0 0 16 0 0 0 254 255 255 255 2 0 5 0 0 0 0 0 data 2 0x50002 0x38d8 oops 0
ciMethodData sun/reflect/generics/scope/ClassScope <init> (Ljava/lang/Class;)V 2 15064 orig 264 120 103 193 71 249 127 0 0 88 24 10 176 195 1 0 0 56 1 0 0 0 0 0 0 0 0 0 0 0 0 0 0 0 0 0 0 0 0 0 0 0 0 0 0 0 0 0 0 0 0 0 0 0 0 0 0 0 0 0 0 0 0 0 0 0 0 0 0 0 0 0 0 0 0 0 0 0 0 0 0 77 68 79 32 101 120 116 114 97 32 100 97 116 97 32 108 111 99 107 0 0 0 0 0 0 0 0 0 0 0 0 0 0 0 0 0 0 0 0 0 0 0 0 0 0 0 0 0 0 0 0 0 0 0 0 0 0 0 0 0 0 0 0 0 0 0 0 0 0 0 0 0 0 0 0 0 0 0 0 0 0 0 0 0 0 0 0 0 0 0 0 0 0 0 0 0 0 0 0 0 0 0 0 0 1 0 0 0 0 0 0 0 0 0 0 0 0 0 0 0 1 0 0 0 0 0 0 0 0 0 0 0 0 0 0 0 0 2 0 0 193 198 1 0 1 0 0 0 0 0 0 0 0 0 0 0 2 0 0 0 0 0 3 0 2 0 0 0 16 0 0 0 254 255 255 255 2 0 2 0 0 0 0 0 data 2 0x20002 0x38d8 oops 0
ciMethod sun/security/jca/ProviderList access$100 (Lsun/security/jca/ProviderList;)[Lsun/security/jca/ProviderConfig; 1849 1 231 0 -1
ciMethod sun/security/jca/ProviderList$3 size ()I 41 1 5 0 0
ciMethodData java/util/Arrays$ArrayList get (I)Ljava/lang/Object; 2 17861 orig 264 120 103 193 71 249 127 0 0 72 69 231 175 195 1 0 0 40 1 0 0 0 0 0 0 0 0 0 0 0 0 0 0 0 0 0 0 0 0 0 0 0 0 0 0 0 0 0 0 0 0 0 0 0 0 0 0 0 0 0 0 0 0 0 0 0 0 0 0 0 0 0 0 0 0 0 0 0 0 0 0 77 68 79 32 101 120 116 114 97 32 100 97 116 97 32 108 111 99 107 0 0 0 0 0 0 0 0 0 0 0 0 0 0 0 0 0 0 0 0 0 0 0 0 0 0 0 0 0 0 0 0 0 0 0 0 0 0 0 0 0 0 0 0 0 0 0 0 0 0 0 0 0 0 0 0 0 0 0 0 0 0 0 0 0 0 0 0 0 0 0 0 0 0 0 0 0 0 0 0 0 0 0 0 0 1 0 0 0 0 0 0 0 0 0 0 0 0 0 0 0 1 0 0 0 0 0 0 0 0 0 0 0 0 0 0 0 0 2 0 0 41 30 2 0 1 0 0 0 0 0 0 0 0 0 0 0 2 0 0 0 0 0 3 0 1 0 0 0 0 0 0 0 254 255 255 255 0 0 0 0 0 0 0 0 data 0 oops 0
ciMethodData java/util/Arrays$ArrayList size ()I 2 34178 orig 264 120 103 193 71 249 127 0 0 80 67 231 175 195 1 0 0 32 1 0 0 0 0 0 0 0 0 0 0 0 0 0 0 0 0 0 0 0 0 0 0 0 0 0 0 0 0 0 0 0 0 0 0 0 0 0 0 0 0 0 0 0 0 0 0 0 0 0 0 0 0 0 0 0 0 0 0 0 0 0 0 77 68 79 32 101 120 116 114 97 32 100 97 116 97 32 108 111 99 107 0 0 0 0 0 0 0 0 0 0 0 0 0 0 0 0 0 0 0 0 0 0 0 0 0 0 0 0 0 0 0 0 0 0 0 0 0 0 0 0 0 0 0 0 0 0 0 0 0 0 0 0 0 0 0 0 0 0 0 0 0 0 0 0 0 0 0 0 0 0 0 0 0 0 0 0 0 0 0 0 0 0 0 0 0 0 0 0 0 0 0 0 0 0 0 0 0 0 0 0 0 0 0 0 0 0 0 0 0 0 0 0 0 0 0 0 0 0 2 0 0 17 28 4 0 1 0 0 0 0 0 0 0 0 0 0 0 2 0 0 0 0 0 3 0 1 0 0 0 0 0 0 0 254 255 255 255 0 0 0 0 0 0 0 0 data 0 oops 0
ciMethodData java/util/AbstractList$Itr hasNext ()Z 2 145836 orig 264 120 103 193 71 249 127 0 0 136 64 13 176 195 1 0 0 176 1 0 0 0 0 0 0 0 0 0 0 0 0 0 0 0 0 0 0 0 0 0 0 0 0 0 0 0 0 0 0 0 0 0 0 0 0 0 0 0 0 0 0 0 0 0 0 0 0 0 0 0 0 0 0 0 0 0 0 0 0 0 0 77 68 79 32 101 120 116 114 97 32 100 97 116 97 32 108 111 99 107 0 0 0 0 0 0 0 0 0 0 0 0 0 0 0 0 0 0 0 0 0 0 0 0 0 0 0 0 0 0 0 0 0 0 0 0 0 0 0 0 0 0 0 0 0 0 0 0 0 0 0 0 0 0 0 0 0 0 0 0 0 0 0 0 0 0 0 0 0 0 0 0 0 0 0 0 0 0 0 0 0 0 0 0 0 17 0 0 0 0 0 0 0 0 0 0 0 0 0 0 0 1 0 0 0 0 0 0 0 0 0 0 0 0 0 0 0 0 2 0 0 97 189 17 0 1 0 0 0 0 0 0 0 0 0 0 0 2 0 0 0 0 0 6 0 2 0 0 0 104 0 0 0 254 255 255 255 5 0 8 0 0 0 0 0 data 13 0x80005 0x0 0x1c3b8d4dd20 0x237a8 0x1c3b9312af0 0x4 0xb0007 0x131a4 0x38 0x10608 0xf0003 0x10608 0x18 oops 2 2 java/util/Arrays$ArrayList 4 sun/security/jca/ProviderList$3
ciMethodData java/util/AbstractList$Itr next ()Ljava/lang/Object; 2 6045 orig 264 120 103 193 71 249 127 0 0 88 65 13 176 195 1 0 0 232 1 0 0 48 0 0 0 0 0 0 0 0 0 0 0 0 0 0 0 0 0 0 0 0 0 0 0 0 0 0 0 0 0 0 0 0 0 0 0 0 0 0 0 0 0 0 0 0 0 0 0 0 0 0 0 0 0 0 0 0 0 0 0 77 68 79 32 101 120 116 114 97 32 100 97 116 97 32 108 111 99 107 0 0 0 0 0 0 0 0 0 0 0 0 0 0 0 0 0 0 0 0 0 0 0 0 0 0 0 0 0 0 0 0 0 0 0 0 0 0 0 0 0 0 0 0 0 1 0 0 0 0 0 0 0 0 0 0 0 0 0 0 0 0 0 0 0 0 0 0 4 0 0 0 0 0 0 0 0 0 0 0 0 0 0 0 0 0 0 0 0 0 0 0 0 0 0 0 0 0 0 0 0 0 0 0 0 0 0 0 0 0 0 0 0 0 0 0 0 0 2 0 0 17 168 0 0 1 0 0 0 0 0 0 0 0 0 0 0 2 0 0 0 0 0 8 0 2 0 0 0 160 0 0 0 254 255 255 255 5 0 1 0 0 0 0 0 data 20 0x10005 0x575 0x1c3b9b61440 0xf8d 0x0 0x0 0xef005 0x13 0x1c3b8d4dd20 0x14ee 0x1c3b9312af0 0x5 0x220005 0x0 0x0 0x0 0x0 0x0 0x290002 0x0 oops 3 2 java/util/AbstractList$Itr 8 java/util/Arrays$ArrayList 10 sun/security/jca/ProviderList$3
ciMethodData java/util/AbstractList$Itr checkForComodification ()V 2 5890 orig 264 120 103 193 71 249 127 0 0 248 66 13 176 195 1 0 0 80 1 0 0 0 0 0 0 0 0 0 0 0 0 0 0 0 0 0 0 0 0 0 0 0 0 0 0 0 0 0 0 0 0 0 0 0 0 0 0 0 0 0 0 0 0 0 0 0 0 0 0 0 0 0 0 0 0 0 0 0 0 0 0 77 68 79 32 101 120 116 114 97 32 100 97 116 97 32 108 111 99 107 0 0 0 0 0 0 0 0 0 0 0 0 0 0 0 0 0 0 0 0 0 0 0 0 0 0 0 0 0 0 0 0 0 0 0 0 0 0 0 0 0 0 0 0 0 0 0 0 0 0 0 0 0 0 0 0 0 0 0 0 0 0 0 0 0 0 0 0 0 0 0 0 0 0 0 0 0 0 0 0 0 0 0 0 0 25 0 0 0 0 0 0 0 0 0 0 0 0 0 0 0 1 0 0 0 0 0 0 0 0 0 0 0 0 0 0 0 0 2 0 0 17 168 0 0 1 0 0 0 0 0 0 0 0 0 0 0 2 0 0 0 0 0 5 0 2 0 0 0 48 0 0 0 254 255 255 255 7 0 11 0 0 0 0 0 data 6 0xb0007 0x1502 0x30 0x0 0x120002 0x0 oops 0
ciMethodData java/util/Arrays asList ([Ljava/lang/Object;)Ljava/util/List; 2 133334 orig 264 120 103 193 71 249 127 0 0 224 183 200 175 195 1 0 0 48 1 0 0 0 0 0 0 0 0 0 0 0 0 0 0 0 0 0 0 0 0 0 0 0 0 0 0 0 0 0 0 0 0 0 0 0 0 0 0 0 0 0 0 0 0 0 0 0 0 0 0 0 0 0 0 0 0 0 0 0 0 0 0 77 68 79 32 101 120 116 114 97 32 100 97 116 97 32 108 111 99 107 0 0 0 0 0 0 0 0 0 0 0 0 0 0 0 0 0 0 0 0 0 0 0 0 0 0 0 0 0 0 0 0 0 0 0 0 0 0 0 0 0 0 0 0 0 0 0 0 0 0 0 0 0 0 0 0 0 0 0 0 0 0 0 0 0 0 0 0 0 0 0 0 0 0 0 0 0 0 0 0 0 0 0 0 0 29 0 0 0 0 0 0 0 0 0 0 0 0 0 0 0 0 0 0 0 0 0 0 0 0 0 0 0 0 0 0 0 0 2 0 0 177 54 16 0 1 0 0 0 0 0 0 0 0 0 0 0 2 0 0 0 0 0 7 0 2 0 0 0 16 0 0 0 254 255 255 255 2 0 5 0 0 0 0 0 data 2 0x50002 0x206d6 oops 0
ciMethodData java/util/Arrays$ArrayList <init> ([Ljava/lang/Object;)V 2 133334 orig 264 120 103 193 71 249 127 0 0 184 66 231 175 195 1 0 0 160 1 0 0 0 0 0 0 0 0 0 0 0 0 0 0 0 0 0 0 0 0 0 0 0 0 0 0 0 0 0 0 0 0 0 0 0 0 0 0 0 0 0 0 0 0 0 0 0 0 0 0 0 0 0 0 0 0 0 0 0 0 0 0 77 68 79 32 101 120 116 114 97 32 100 97 116 97 32 108 111 99 107 0 0 0 0 0 0 0 0 0 0 0 0 0 0 0 0 0 0 0 0 0 0 0 0 0 0 0 0 0 0 0 0 0 0 0 0 0 0 0 0 0 0 0 0 0 0 0 0 0 0 0 0 0 0 0 0 0 0 0 0 0 0 0 0 0 0 0 0 0 0 0 0 0 0 0 0 0 0 0 0 0 0 0 0 0 17 0 0 0 0 0 0 0 0 0 0 0 0 0 0 0 1 0 0 0 0 0 0 0 0 0 0 0 0 0 0 0 0 2 0 0 177 54 16 0 1 0 0 0 0 0 0 0 0 0 0 0 2 0 0 0 0 0 6 0 2 0 0 0 80 0 0 0 254 255 255 255 2 0 1 0 0 0 0 0 data 10 0x10002 0x206d6 0x60002 0x206d6 0x90004 0x0 0x1c3b8d4f410 0x89 0x1c3b8d4f480 0x101 oops 2 6 [Ljava/lang/String; 8 [Lsun/security/ssl/ProtocolVersion;
ciMethodData java/util/AbstractList$Itr <init> (Ljava/util/AbstractList;Ljava/util/AbstractList$1;)V 2 97209 orig 264 120 103 193 71 249 127 0 0 144 67 13 176 195 1 0 0 64 1 0 0 0 0 0 0 0 0 0 0 0 0 0 0 0 0 0 0 0 0 0 0 0 0 0 0 0 0 0 0 0 0 0 0 0 0 0 0 0 0 0 0 0 0 0 0 0 0 0 0 0 0 0 0 0 0 0 0 0 0 0 0 77 68 79 32 101 120 116 114 97 32 100 97 116 97 32 108 111 99 107 0 0 0 0 0 0 0 0 0 0 0 0 0 0 0 0 0 0 0 0 0 0 0 0 0 0 0 0 0 0 0 0 0 0 0 0 0 0 0 0 0 0 0 0 0 0 0 0 0 0 0 0 0 0 0 0 0 0 0 0 0 0 0 0 0 0 0 0 0 0 0 0 0 0 0 0 0 0 0 0 0 0 0 0 0 1 0 0 0 0 0 0 0 4 0 0 0 0 0 0 0 5 0 0 0 0 0 0 0 0 0 0 0 0 0 0 0 0 2 0 0 201 205 11 0 1 0 0 0 0 0 0 0 0 0 0 0 2 0 0 0 0 0 3 0 2 0 0 0 16 0 0 0 254 255 255 255 2 0 2 0 0 0 0 0 data 2 0x20002 0x179b9 oops 0
ciMethodData java/util/AbstractList$Itr <init> (Ljava/util/AbstractList;)V 2 48197 orig 264 120 103 193 71 249 127 0 0 224 63 13 176 195 1 0 0 56 1 0 0 0 0 0 0 0 0 0 0 0 0 0 0 0 0 0 0 0 0 0 0 0 0 0 0 0 0 0 0 0 0 0 0 0 0 0 0 0 0 0 0 0 0 0 0 0 0 0 0 0 0 0 0 0 0 0 0 0 0 0 0 77 68 79 32 101 120 116 114 97 32 100 97 116 97 32 108 111 99 107 0 0 0 0 0 0 0 0 0 0 0 0 0 0 0 0 0 0 0 0 0 0 0 0 0 0 0 0 0 0 0 0 0 0 0 0 0 0 0 0 0 0 0 0 0 0 0 0 0 0 0 0 0 0 0 0 0 0 0 0 0 0 0 0 0 0 0 0 0 0 0 0 0 0 0 0 0 0 0 0 0 0 0 0 0 1 0 0 0 0 0 0 0 0 0 0 0 0 0 0 0 1 0 0 0 0 0 0 0 0 0 0 0 0 0 0 0 0 2 0 0 41 210 5 0 1 0 0 0 0 0 0 0 0 0 0 0 2 0 0 0 0 0 3 0 2 0 0 0 16 0 0 0 254 255 255 255 2 0 6 0 0 0 0 0 data 2 0x60002 0xba45 oops 0
ciMethodData java/util/AbstractList iterator ()Ljava/util/Iterator; 2 58922 orig 264 120 103 193 71 249 127 0 0 72 109 195 175 195 1 0 0 48 1 0 0 0 0 0 0 0 0 0 0 0 0 0 0 0 0 0 0 0 0 0 0 0 0 0 0 0 0 0 0 0 0 0 0 0 0 0 0 0 0 0 0 0 0 0 0 0 0 0 0 0 0 0 0 0 0 0 0 0 0 0 0 77 68 79 32 101 120 116 114 97 32 100 97 116 97 32 108 111 99 107 0 0 0 0 0 0 0 0 0 0 0 0 0 0 0 0 0 0 0 0 0 0 0 0 0 0 0 0 0 0 0 0 0 0 0 0 0 0 0 0 0 0 0 0 0 0 0 0 0 0 0 0 0 0 0 0 0 0 0 0 0 0 0 0 0 0 0 0 0 0 0 0 0 0 0 0 0 0 0 0 0 0 0 0 0 0 0 0 0 0 0 0 0 0 0 0 0 0 0 0 0 0 0 0 0 0 0 0 0 0 0 0 0 0 0 0 0 0 2 0 0 81 33 7 0 1 0 0 0 0 0 0 0 0 0 0 0 2 0 0 0 0 0 3 0 2 0 0 0 16 0 0 0 254 255 255 255 2 0 6 0 0 0 0 0 data 2 0x60002 0xe42a oops 0
ciMethodData java/lang/Class getGenericInfo ()Lsun/reflect/generics/repository/ClassRepository; 2 6337 orig 264 120 103 193 71 249 127 0 0 136 244 183 175 195 1 0 0 8 2 0 0 120 0 0 0 0 0 0 0 0 0 0 0 0 0 0 0 0 0 0 0 0 0 0 0 0 0 0 0 0 0 0 0 0 0 0 0 0 0 0 0 0 0 0 0 0 0 0 0 0 0 0 0 0 0 0 0 0 0 0 0 77 68 79 32 101 120 116 114 97 32 100 97 116 97 32 108 111 99 107 0 0 0 0 0 0 0 0 0 0 0 0 0 0 0 0 0 0 0 0 0 0 0 0 0 0 0 0 0 0 0 0 0 0 0 0 0 0 0 0 0 0 0 0 0 0 0 0 0 0 0 0 0 0 0 0 0 0 0 0 0 0 0 0 0 0 0 0 0 0 0 0 0 0 0 0 0 0 0 0 0 0 0 0 0 17 0 0 0 0 0 0 0 0 0 0 0 0 0 0 0 0 0 0 0 0 0 0 0 0 0 0 0 0 0 0 0 0 2 0 0 9 182 0 0 1 0 0 0 0 0 0 0 0 0 0 0 2 0 0 0 0 0 12 0 2 0 0 0 192 0 0 0 254 255 255 255 7 0 6 0 0 0 0 0 data 24 0x60007 0x1557 0x88 0x16a 0xa0002 0x16a 0xf0007 0x114 0x38 0x56 0x160003 0x56 0x38 0x1b0002 0x114 0x1e0002 0x114 0x2b0007 0x914 0x38 0xdad 0x2f0003 0xdad 0x18 oops 0
ciMethod java/lang/IndexOutOfBoundsException <init> (Ljava/lang/String;)V 0 0 1 0 -1
ciMethodData sun/reflect/generics/reflectiveObjects/ParameterizedTypeImpl getRawType ()Ljava/lang/reflect/Type; 2 5673 orig 264 120 103 193 71 249 127 0 0 248 203 16 176 195 1 0 0 120 1 0 0 0 0 0 0 0 0 0 0 0 0 0 0 0 0 0 0 0 0 0 0 0 0 0 0 0 0 0 0 0 0 0 0 0 0 0 0 0 0 0 0 0 0 0 0 0 0 0 0 0 0 0 0 0 0 0 0 0 0 0 0 77 68 79 32 101 120 116 114 97 32 100 97 116 97 32 108 111 99 107 0 0 0 0 0 0 0 0 0 0 0 0 0 0 0 0 0 0 0 0 0 0 0 0 0 0 0 0 0 0 0 0 0 0 0 0 0 0 0 0 0 0 0 0 0 0 0 0 0 0 0 0 0 0 0 0 0 0 0 0 0 0 0 0 0 0 0 0 0 0 0 0 0 0 0 0 0 0 0 0 0 0 0 0 0 0 0 0 0 0 0 0 0 0 0 0 0 0 0 0 0 0 0 0 0 0 0 0 0 0 0 0 0 0 0 0 0 0 2 0 0 73 161 0 0 1 0 0 0 0 0 0 0 0 0 0 0 2 0 0 0 0 0 3 0 2 0 0 0 48 0 0 0 254 255 255 255 5 0 1 0 0 0 0 0 data 6 0x10005 0x0 0x1c3b6103eb0 0x1429 0x0 0x0 oops 1 2 sun/reflect/generics/reflectiveObjects/ParameterizedTypeImpl
ciMethodData sun/reflect/generics/reflectiveObjects/ParameterizedTypeImpl getActualTypeArguments ()[Ljava/lang/reflect/Type; 2 96994 orig 264 120 103 193 71 249 127 0 0 248 198 16 176 195 1 0 0 168 1 0 0 0 0 0 0 0 0 0 0 0 0 0 0 0 0 0 0 0 0 0 0 0 0 0 0 0 0 0 0 0 0 0 0 0 0 0 0 0 0 0 0 0 0 0 0 0 0 0 0 0 0 0 0 0 0 0 0 0 0 0 0 77 68 79 32 101 120 116 114 97 32 100 97 116 97 32 108 111 99 107 0 0 0 0 0 0 0 0 0 0 0 0 0 0 0 0 0 0 0 0 0 0 0 0 0 0 0 0 0 0 0 0 0 0 0 0 0 0 0 0 0 0 0 0 0 0 0 0 0 0 0 0 0 0 0 0 0 0 0 0 0 0 0 0 0 0 0 0 0 0 0 0 0 0 0 0 0 0 0 0 0 0 0 0 0 0 0 0 0 0 0 0 0 0 0 0 0 0 0 0 0 0 0 0 0 0 0 0 0 0 0 0 0 0 0 0 0 0 2 0 0 17 199 11 0 1 0 0 0 0 0 0 0 0 0 0 0 2 0 0 0 0 0 3 0 2 0 0 0 96 0 0 0 254 255 255 255 5 0 4 0 0 0 0 0 data 12 0x40005 0x0 0x1c3b8654450 0x178e2 0x0 0x0 0x70004 0x0 0x1c3b8654450 0x178e2 0x0 0x0 oops 2 2 [Ljava/lang/reflect/Type; 8 [Ljava/lang/reflect/Type;
ciMethodData java/lang/Class getTypeParameters ()[Ljava/lang/reflect/TypeVariable; 2 162276 orig 264 120 103 193 71 249 127 0 0 120 201 183 175 195 1 0 0 8 2 0 0 96 0 0 0 0 0 0 0 0 0 0 0 0 0 0 0 0 0 0 0 0 0 0 0 0 0 0 0 0 0 0 0 0 0 0 0 0 0 0 0 0 0 0 0 0 0 0 0 0 0 0 0 0 0 0 0 0 0 0 0 77 68 79 32 101 120 116 114 97 32 100 97 116 97 32 108 111 99 107 0 0 0 0 0 0 0 0 0 0 0 0 0 0 0 0 0 0 0 0 0 0 0 0 0 0 0 0 0 0 0 0 0 0 0 0 0 0 0 0 0 0 0 0 0 0 0 0 0 0 0 0 0 0 0 0 0 0 0 0 0 0 0 0 0 0 0 0 0 0 0 0 0 0 0 0 0 0 0 0 0 0 0 0 0 25 0 0 0 0 0 0 0 0 0 0 0 0 0 0 0 0 0 0 0 0 0 0 0 0 0 0 0 0 0 0 0 0 2 0 0 33 191 19 0 1 0 0 0 0 0 0 0 0 0 0 0 2 0 0 0 0 0 5 0 2 0 0 0 192 0 0 0 254 255 255 255 2 0 1 0 0 0 0 0 data 24 0x10002 0x277e4 0x60007 0x159bc 0x80 0x11e28 0xa0005 0x0 0x1c3b9395f10 0x11e28 0x0 0x0 0xd0004 0x0 0x1c3b847d580 0x2e3 0x0 0x0 0x150004 0x0 0x1c3b847d580 0x1e 0x0 0x0 oops 3 8 sun/reflect/generics/repository/ClassRepository 14 [Ljava/lang/reflect/TypeVariable; 20 [Ljava/lang/reflect/TypeVariable;
ciMethodData sun/reflect/generics/repository/GenericDeclRepository getTypeParameters ()[Ljava/lang/reflect/TypeVariable; 2 5972 orig 264 120 103 193 71 249 127 0 0 64 158 199 175 195 1 0 0 128 3 0 0 128 0 0 0 0 0 0 0 0 0 0 0 0 0 0 0 0 0 0 0 0 0 0 0 0 0 0 0 0 0 0 0 0 0 0 0 0 0 0 0 0 0 0 0 0 0 0 0 0 0 0 0 0 0 0 0 0 0 0 0 77 68 79 32 101 120 116 114 97 32 100 97 116 97 32 108 111 99 107 0 0 0 0 0 0 0 0 0 0 0 0 0 0 0 0 0 0 0 0 0 0 0 0 0 0 0 0 0 0 0 0 0 0 0 0 0 0 0 0 0 0 0 0 0 0 0 0 0 0 0 0 0 0 0 0 0 0 0 0 0 0 0 0 0 0 0 0 0 0 0 0 0 0 0 0 0 0 0 0 0 0 0 0 0 0 0 0 0 0 0 0 0 0 0 0 0 0 0 0 0 0 0 0 0 0 0 0 0 0 0 0 0 0 0 0 0 0 2 0 0 161 170 0 0 137 6 0 0 0 0 0 0 0 0 0 0 2 0 0 0 1 0 11 0 2 0 0 0 56 2 0 0 254 255 255 255 7 0 6 0 0 0 0 0 data 71 0x60007 0x133c 0x1d8 0x218 0xa0005 0x0 0x1c3b9395f10 0x53 0x1c3b763bf40 0x1c5 0xd0004 0x0 0x1c3b62feb10 0x53 0x1c3b61023e0 0x1c5 0x100005 0x0 0x1c3b62feb10 0x53 0x1c3b61023e0 0x1c5 0x210007 0x218 0x128 0xd1 0x250005 0x0 0x1c3b9395f10 0x4a 0x1c3b763bf40 0x87 0x2f0005 0x0 0x1c3ba2f5e70 0xd1 0x0 0x0 0x360005 0x0 0x1c3b6102e90 0xd1 0x0 0x0 0x390004 0x0 0x1c3b7fd6c80 0xd1 0x0 0x0 0x3c0004 0x0 0x1c3b7fd6c80 0xd1 0x0 0x0 0x400003 0xd1 0xfffffffffffffef0 0x490005 0x0 0x1c3b847d580 0x1554 0x0 0x0 0x4c0004 0x0 0x1c3b847d580 0x1554 0x0 0x0 oops 14 6 sun/reflect/generics/repository/ClassRepository 8 sun/reflect/generics/repository/MethodRepository 12 sun/reflect/generics/tree/ClassSignature 14 sun/reflect/generics/tree/MethodTypeSignature 18 sun/reflect/generics/tree/ClassSignature 20 sun/reflect/generics/tree/MethodTypeSignature 28 sun/reflect/generics/repository/ClassRepository 30 sun/reflect/generics/repository/MethodRepository 34 sun/reflect/generics/tree/FormalTypeParameter 40 sun/reflect/generics/visitor/Reifier 46 sun/reflect/generics/reflectiveObjects/TypeVariableImpl 52 sun/reflect/generics/reflectiveObjects/TypeVariableImpl 61 [Ljava/lang/reflect/TypeVariable; 67 [Ljava/lang/reflect/TypeVariable;
ciMethod org/glassfish/pfl/basic/func/UnaryFunction evaluate (Ljava/lang/Object;)Ljava/lang/Object; 0 0 1 0 -1
ciMethodData java/util/ArrayList outOfBoundsMsg (I)Ljava/lang/String; 1 0 orig 264 120 103 193 71 249 127 0 0 104 20 196 175 195 1 0 0 80 2 0 0 0 0 0 0 0 0 0 0 0 0 0 0 0 0 0 0 0 0 0 0 0 0 0 0 0 0 0 0 0 0 0 0 0 0 0 0 0 0 0 0 0 0 0 0 0 0 0 0 0 0 0 0 0 0 0 0 0 0 0 0 77 68 79 32 101 120 116 114 97 32 100 97 116 97 32 108 111 99 107 0 0 0 0 0 0 0 0 0 0 0 0 0 0 0 0 0 0 0 0 0 0 0 0 0 0 0 0 0 0 0 0 0 0 0 0 0 0 0 0 0 0 0 0 0 0 0 0 0 0 0 0 0 0 0 0 0 0 0 0 0 0 0 0 0 0 0 0 0 0 0 0 0 0 0 0 0 0 0 0 0 0 0 0 0 0 0 0 0 0 0 0 0 0 0 0 0 0 0 0 0 0 0 0 0 0 0 0 0 0 0 0 0 0 0 0 0 0 0 0 0 1 0 0 0 1 0 0 0 0 0 0 0 0 0 0 0 2 0 0 0 0 0 0 0 0 0 0 0 0 1 0 0 254 255 255 255 2 0 4 0 0 0 0 0 data 32 0x40002 0x0 0x90005 0x0 0x0 0x0 0x0 0x0 0xd0005 0x0 0x0 0x0 0x0 0x0 0x120005 0x0 0x0 0x0 0x0 0x0 0x190005 0x0 0x0 0x0 0x0 0x0 0x1c0005 0x0 0x0 0x0 0x0 0x0 oops 0
ciMethodData java/util/HashMap removeNode (ILjava/lang/Object;Ljava/lang/Object;ZZ)Ljava/util/HashMap$Node; 2 67730 orig 264 120 103 193 71 249 127 0 0 16 173 197 175 195 1 0 0 152 6 0 0 0 0 0 0 0 0 0 0 0 0 0 0 0 0 0 0 0 0 0 0 0 0 0 0 0 0 0 0 0 0 0 0 0 0 0 0 0 0 0 0 0 0 0 0 0 0 0 0 0 0 0 0 0 0 0 0 0 0 0 0 77 68 79 32 101 120 116 114 97 32 100 97 116 97 32 108 111 99 107 0 0 0 0 0 0 0 0 0 0 0 0 0 0 0 0 0 0 0 0 0 0 0 0 0 0 0 0 0 0 0 0 0 0 0 0 0 0 0 0 0 0 0 0 0 1 0 0 0 0 0 0 0 0 0 0 0 0 0 0 0 0 0 0 0 0 0 0 0 0 0 0 0 0 0 0 0 0 0 0 2 0 0 0 0 0 0 0 0 0 0 0 0 0 0 0 0 0 0 0 0 0 0 0 0 0 0 0 0 0 0 0 0 0 0 0 0 45 1 0 0 185 20 1 0 249 8 0 0 84 33 0 0 31 1 0 0 2 0 0 0 2 0 60 0 2 0 0 0 40 5 0 0 254 255 255 255 7 224 7 0 0 0 0 0 data 165 0x7e007 0x3 0x528 0x2296 0x100007 0x0 0x508 0x2296 0x220007 0x0 0x4e8 0x2296 0x2e0007 0x848 0xc8 0x1a4e 0x3a0007 0x1 0x90 0x1a4d 0x3e0007 0x0 0x88 0x1a4d 0x440005 0x0 0x1c3b5f963d0 0x1a4d 0x0 0x0 0x470007 0x0 0x38 0x1a4d 0x4e0003 0x1a4e 0x1e8 0x590007 0x0 0x1d0 0x848 0x5e0004 0xfffffffffffff7b8 0x1c3b9c924f0 0x129 0x0 0x0 0x610007 0x848 0x98 0x0 0x660004 0x0 0x0 0x0 0x0 0x0 0x6b0005 0x0 0x0 0x0 0x0 0x0 0x700003 0x0 0x100 0x790007 0x11f 0xc8 0x848 0x850007 0x0 0x90 0x848 0x890007 0x0 0x88 0x848 0x8f0005 0x0 0x1c3b5f963d0 0x848 0x0 0x0 0x920007 0x0 0x38 0x848 0x990003 0x848 0x38 0xa80007 0x11f 0xffffffffffffff38 0x0 0xad0007 0x0 0x230 0x2296 0xb20007 0x2296 0xb0 0x0 0xbe0007 0x0 0x90 0x0 0xc20007 0x0 0x1d0 0x0 0xc80005 0x0 0x0 0x0 0x0 0x0 0xcb0007 0x0 0x180 0x0 0xd00004 0xffffffffffffdd6a 0x1c3b9c924f0 0x275 0x0 0x0 0xd30007 0x2296 0x98 0x0 0xd80004 0x0 0x0 0x0 0x0 0x0 0xe00005 0x0 0x0 0x0 0x0 0x0 0xe30003 0x0 0x80 0xea0007 0x848 0x68 0x1a4e 0xf60104 0x0 0x0 0x0 0x0 0x0 0xf70003 0x1a4e 0x18 0x11b0005 0x0 0x1c3b5f96870 0x2296 0x0 0x0 oops 5 26 org/glassfish/pfl/basic/contain/Pair 43 java/util/HashMap$Node 80 org/glassfish/pfl/basic/contain/Pair 123 java/util/HashMap$Node 161 java/util/HashMap
ciMethod org/glassfish/pfl/basic/contain/Pair <init> (Ljava/lang/Object;Ljava/lang/Object;)V 4097 1 182466 0 0
ciMethod org/glassfish/pfl/basic/contain/Pair first ()Ljava/lang/Object; 1737 1 217 0 0
ciMethod org/glassfish/pfl/basic/contain/Pair second ()Ljava/lang/Object; 1729 1 216 0 0
ciMethod org/glassfish/pfl/basic/contain/Pair equals (Ljava/lang/Object;)Z 4097 1 7914 0 1536
ciMethod org/glassfish/pfl/basic/contain/Pair hashCode ()I 3265 1 6743 0 736
ciMethodData java/lang/Class getFactory ()Lsun/reflect/generics/factory/GenericsFactory; 1 295 orig 264 120 103 193 71 249 127 0 0 192 243 183 175 195 1 0 0 104 1 0 0 0 0 0 0 0 0 0 0 0 0 0 0 0 0 0 0 0 0 0 0 0 0 0 0 0 0 0 0 0 0 0 0 0 0 0 0 0 0 0 0 0 0 0 0 0 0 0 0 0 0 0 0 0 0 0 0 0 0 0 0 77 68 79 32 101 120 116 114 97 32 100 97 116 97 32 108 111 99 107 0 0 0 0 0 0 0 0 0 0 0 0 0 0 0 0 0 0 0 0 0 0 0 0 0 0 0 0 0 0 0 0 0 0 0 0 0 0 0 0 0 0 0 0 0 0 0 0 0 0 0 0 0 0 0 0 0 0 0 0 0 0 0 0 0 0 0 0 0 0 0 0 0 0 0 0 0 0 0 0 0 0 0 0 0 0 0 0 0 0 0 0 0 0 0 0 0 0 0 0 0 0 0 0 0 0 0 0 0 0 0 0 0 0 0 0 0 9 1 0 0 241 0 0 0 1 0 0 0 0 0 0 0 0 0 0 0 2 0 0 0 0 0 0 0 0 0 0 0 32 0 0 0 254 255 255 255 2 0 2 0 0 0 0 0 data 4 0x20002 0x1e 0x50002 0x1e oops 0
ciMethodData sun/reflect/generics/repository/ClassRepository make (Ljava/lang/String;Lsun/reflect/generics/factory/GenericsFactory;)Lsun/reflect/generics/repository/ClassRepository; 1 296 orig 264 120 103 193 71 249 127 0 0 64 151 199 175 195 1 0 0 56 1 0 0 0 0 0 0 0 0 0 0 0 0 0 0 0 0 0 0 0 0 0 0 0 0 0 0 0 0 0 0 0 0 0 0 0 0 0 0 0 0 0 0 0 0 0 0 0 0 0 0 0 0 0 0 0 0 0 0 0 0 0 0 77 68 79 32 101 120 116 114 97 32 100 97 116 97 32 108 111 99 107 0 0 0 0 0 0 0 0 0 0 0 0 0 0 0 0 0 0 0 0 0 0 0 0 0 0 0 0 0 0 0 0 0 0 0 0 0 0 0 0 0 0 0 0 0 0 0 0 0 0 0 0 0 0 0 0 0 0 0 0 0 0 0 0 0 0 0 0 0 0 0 0 0 0 0 0 0 0 0 0 0 0 0 0 0 0 0 0 0 0 0 0 0 0 0 0 0 0 0 0 0 0 0 0 0 0 0 0 0 0 0 0 0 0 0 0 0 10 1 0 0 241 0 0 0 1 0 0 0 0 0 0 0 0 0 0 0 2 0 0 0 0 0 0 0 0 0 0 0 16 0 0 0 254 255 255 255 2 0 6 0 0 0 0 0 data 2 0x60002 0x1e oops 0
ciMethodData sun/reflect/generics/repository/ClassRepository <init> (Ljava/lang/String;Lsun/reflect/generics/factory/GenericsFactory;)V 1 296 orig 264 120 103 193 71 249 127 0 0 16 150 199 175 195 1 0 0 64 1 0 0 0 0 0 0 0 0 0 0 0 0 0 0 0 0 0 0 0 0 0 0 0 0 0 0 0 0 0 0 0 0 0 0 0 0 0 0 0 0 0 0 0 0 0 0 0 0 0 0 0 0 0 0 0 0 0 0 0 0 0 0 77 68 79 32 101 120 116 114 97 32 100 97 116 97 32 108 111 99 107 0 0 0 0 0 0 0 0 0 0 0 0 0 0 0 0 0 0 0 0 0 0 0 0 0 0 0 0 0 0 0 0 0 0 0 0 0 0 0 0 0 0 0 0 0 0 0 0 0 0 0 0 0 0 0 0 0 0 0 0 0 0 0 0 0 0 0 0 0 0 0 0 0 0 0 0 0 0 0 0 0 0 0 0 0 17 0 0 0 0 0 0 0 0 0 0 0 0 0 0 0 0 0 0 0 0 0 0 0 0 0 0 0 0 0 0 0 10 1 0 0 241 0 0 0 1 0 0 0 0 0 0 0 0 0 0 0 2 0 0 0 0 0 0 0 0 0 0 0 16 0 0 0 254 255 255 255 2 0 3 0 0 0 0 0 data 2 0x30002 0x1e oops 0
ciMethodData sun/reflect/generics/repository/GenericDeclRepository <init> (Ljava/lang/String;Lsun/reflect/generics/factory/GenericsFactory;)V 2 23402 orig 264 120 103 193 71 249 127 0 0 80 157 199 175 195 1 0 0 64 1 0 0 0 0 0 0 0 0 0 0 0 0 0 0 0 0 0 0 0 0 0 0 0 0 0 0 0 0 0 0 0 0 0 0 0 0 0 0 0 0 0 0 0 0 0 0 0 0 0 0 0 0 0 0 0 0 0 0 0 0 0 0 77 68 79 32 101 120 116 114 97 32 100 97 116 97 32 108 111 99 107 0 0 0 0 0 0 0 0 0 0 0 0 0 0 0 0 0 0 0 0 0 0 0 0 0 0 0 0 0 0 0 0 0 0 0 0 0 0 0 0 0 0 0 0 0 0 0 0 0 0 0 0 0 0 0 0 0 0 0 0 0 0 0 0 0 0 0 0 0 0 0 0 0 0 0 0 0 0 0 0 0 0 0 0 0 17 0 0 0 0 0 0 0 0 0 0 0 0 0 0 0 0 0 0 0 0 0 0 0 0 0 0 0 0 0 0 0 25 1 0 0 137 210 2 0 1 0 0 0 0 0 0 0 0 0 0 0 2 0 0 0 0 0 0 0 0 0 0 0 16 0 0 0 254 255 255 255 2 0 3 0 0 0 0 0 data 2 0x30002 0x5a51 oops 0
ciMethodData sun/reflect/generics/repository/AbstractRepository <init> (Ljava/lang/String;Lsun/reflect/generics/factory/GenericsFactory;)V 2 23445 orig 264 120 103 193 71 249 127 0 0 240 162 199 175 195 1 0 0 152 1 0 0 0 0 0 0 0 0 0 0 0 0 0 0 0 0 0 0 0 0 0 0 0 0 0 0 0 0 0 0 0 0 0 0 0 0 0 0 0 0 0 0 0 0 0 0 0 0 0 0 0 0 0 0 0 0 0 0 0 0 0 0 77 68 79 32 101 120 116 114 97 32 100 97 116 97 32 108 111 99 107 0 0 0 0 0 0 0 0 0 0 0 0 0 0 0 0 0 0 0 0 0 0 0 0 0 0 0 0 0 0 0 0 0 0 0 0 0 0 0 0 0 0 0 0 0 0 0 0 0 0 0 0 0 0 0 0 0 0 0 0 0 0 0 0 0 0 0 0 0 0 0 0 0 0 0 0 0 0 0 0 0 0 0 0 0 17 0 0 0 0 0 0 0 0 0 0 0 0 0 0 0 0 0 0 0 0 0 0 0 0 0 0 0 0 0 0 0 64 1 0 0 169 210 2 0 1 0 0 0 0 0 0 0 0 0 0 0 2 0 0 0 0 0 3 0 2 0 0 0 64 0 0 0 254 255 255 255 2 0 1 0 0 0 0 0 data 8 0x10002 0x5a55 0x70005 0x4 0x1c3b9395f10 0x1e 0x1c3b763bf40 0x5a33 oops 2 4 sun/reflect/generics/repository/ClassRepository 6 sun/reflect/generics/repository/MethodRepository
ciMethodData sun/reflect/generics/repository/AbstractRepository getReifier ()Lsun/reflect/generics/visitor/Reifier; 2 44426 orig 264 120 103 193 71 249 127 0 0 72 162 199 175 195 1 0 0 104 1 0 0 0 0 0 0 0 0 0 0 0 0 0 0 0 0 0 0 0 0 0 0 0 0 0 0 0 0 0 0 0 0 0 0 0 0 0 0 0 0 0 0 0 0 0 0 0 0 0 0 0 0 0 0 0 0 0 0 0 0 0 0 77 68 79 32 101 120 116 114 97 32 100 97 116 97 32 108 111 99 107 0 0 0 0 0 0 0 0 0 0 0 0 0 0 0 0 0 0 0 0 0 0 0 0 0 0 0 0 0 0 0 0 0 0 0 0 0 0 0 0 0 0 0 0 0 0 0 0 0 0 0 0 0 0 0 0 0 0 0 0 0 0 0 0 0 0 0 0 0 0 0 0 0 0 0 0 0 0 0 0 0 0 0 0 0 0 0 0 0 0 0 0 0 0 0 0 0 0 0 0 0 0 0 0 0 0 0 0 0 0 0 0 0 0 0 0 0 213 1 0 0 169 93 5 0 1 0 0 0 0 0 0 0 0 0 0 0 2 0 0 0 0 0 3 0 2 0 0 0 32 0 0 0 254 255 255 255 2 0 1 0 0 0 0 0 data 4 0x10002 0xabb5 0x40002 0xabb5 oops 0
ciMethodData sun/reflect/generics/tree/FormalTypeParameter accept (Lsun/reflect/generics/visitor/TypeTreeVisitor;)V 2 5826 orig 264 120 103 193 71 249 127 0 0 40 176 16 176 195 1 0 0 128 1 0 0 0 0 0 0 0 0 0 0 0 0 0 0 0 0 0 0 0 0 0 0 0 0 0 0 0 0 0 0 0 0 0 0 0 0 0 0 0 0 0 0 0 0 0 0 0 0 0 0 0 0 0 0 0 0 0 0 0 0 0 0 77 68 79 32 101 120 116 114 97 32 100 97 116 97 32 108 111 99 107 0 0 0 0 0 0 0 0 0 0 0 0 0 0 0 0 0 0 0 0 0 0 0 0 0 0 0 0 0 0 0 0 0 0 0 0 0 0 0 0 0 0 0 0 0 0 0 0 0 0 0 0 0 0 0 0 0 0 0 0 0 0 0 0 0 0 0 0 0 0 0 0 0 0 0 0 0 0 0 0 0 0 0 0 0 17 0 0 0 0 0 0 0 0 0 0 0 0 0 0 0 0 0 0 0 0 0 0 0 0 0 0 0 0 0 0 0 52 0 0 0 113 180 0 0 1 0 0 0 0 0 0 0 0 0 0 0 2 0 0 0 0 0 3 0 2 0 0 0 48 0 0 0 254 255 255 255 5 0 2 0 0 0 0 0 data 6 0x20005 0x0 0x1c3b6102e90 0x168e 0x0 0x0 oops 1 2 sun/reflect/generics/visitor/Reifier
ciMethodData sun/reflect/generics/visitor/Reifier visitFormalTypeParameter (Lsun/reflect/generics/tree/FormalTypeParameter;)V 2 5826 orig 264 120 103 193 71 249 127 0 0 112 95 10 176 195 1 0 0 240 1 0 0 0 0 0 0 0 0 0 0 0 0 0 0 0 0 0 0 0 0 0 0 0 0 0 0 0 0 0 0 0 0 0 0 0 0 0 0 0 0 0 0 0 0 0 0 0 0 0 0 0 0 0 0 0 0 0 0 0 0 0 0 77 68 79 32 101 120 116 114 97 32 100 97 116 97 32 108 111 99 107 0 0 0 0 0 0 0 0 0 0 0 0 0 0 0 0 0 0 0 0 0 0 0 0 0 0 0 0 0 0 0 0 0 0 0 0 0 0 0 0 0 0 0 0 0 0 0 0 0 0 0 0 0 0 0 0 0 0 0 0 0 0 0 0 0 0 0 0 0 0 0 0 0 0 0 0 0 0 0 0 0 0 0 0 0 0 0 0 0 0 0 0 0 0 0 0 0 0 0 0 0 0 0 0 0 0 0 0 0 0 0 0 0 0 0 0 0 52 0 0 0 113 180 0 0 1 0 0 0 0 0 0 0 0 0 0 0 2 0 0 0 0 0 3 0 2 0 0 0 160 0 0 0 254 255 255 255 2 0 2 0 0 0 0 0 data 20 0x20002 0x168e 0x60005 0x0 0x1c3ba2f5e70 0x168e 0x0 0x0 0xa0005 0x0 0x1c3ba2f5e70 0x168e 0x0 0x0 0xd0005 0x0 0x1c3b9034e90 0x168e 0x0 0x0 oops 3 4 sun/reflect/generics/tree/FormalTypeParameter 10 sun/reflect/generics/tree/FormalTypeParameter 16 sun/reflect/generics/factory/CoreReflectionFactory
ciMethodData sun/reflect/generics/factory/CoreReflectionFactory makeTypeVariable (Ljava/lang/String;[Lsun/reflect/generics/tree/FieldTypeSignature;)Ljava/lang/reflect/TypeVariable; 2 5826 orig 264 120 103 193 71 249 127 0 0 160 56 10 176 195 1 0 0 120 1 0 0 0 0 0 0 0 0 0 0 0 0 0 0 0 0 0 0 0 0 0 0 0 0 0 0 0 0 0 0 0 0 0 0 0 0 0 0 0 0 0 0 0 0 0 0 0 0 0 0 0 0 0 0 0 0 0 0 0 0 0 0 77 68 79 32 101 120 116 114 97 32 100 97 116 97 32 108 111 99 107 0 0 0 0 0 0 0 0 0 0 0 0 0 0 0 0 0 0 0 0 0 0 0 0 0 0 0 0 0 0 0 0 0 0 0 0 0 0 0 0 0 0 0 0 0 0 0 0 0 0 0 0 0 0 0 0 0 0 0 0 0 0 0 0 0 0 0 0 0 0 0 0 0 0 0 0 0 0 0 0 0 0 0 0 0 17 0 0 0 0 0 0 0 0 0 0 0 0 0 0 0 0 0 0 0 0 0 0 0 0 0 0 0 0 0 0 0 52 0 0 0 113 180 0 0 1 0 0 0 0 0 0 0 0 0 0 0 2 0 0 0 0 0 0 0 0 0 0 0 32 0 0 0 254 255 255 255 2 0 1 0 0 0 0 0 data 4 0x10002 0x168e 0x70002 0x4a oops 0
ciMethodData java/lang/reflect/Executable getGenericParameterTypes ()[Ljava/lang/reflect/Type; 2 50876 orig 264 120 103 193 71 249 127 0 0 56 80 187 175 195 1 0 0 40 2 0 0 128 0 0 0 0 0 0 0 0 0 0 0 0 0 0 0 0 0 0 0 0 0 0 0 0 0 0 0 0 0 0 0 0 0 0 0 0 0 0 0 0 0 0 0 0 0 0 0 0 0 0 0 0 0 0 0 0 0 0 0 77 68 79 32 101 120 116 114 97 32 100 97 116 97 32 108 111 99 107 0 0 0 0 0 0 0 0 0 0 0 0 0 0 0 0 0 0 0 0 0 0 0 0 0 0 0 0 0 0 0 0 0 0 0 0 0 0 0 0 0 0 0 0 0 0 0 0 0 0 0 0 0 0 0 0 0 0 0 0 0 0 0 0 0 0 0 0 0 0 0 0 0 0 0 0 0 0 0 0 0 0 0 0 0 0 0 0 0 0 0 0 0 0 0 0 0 0 0 0 0 0 0 0 0 0 0 0 0 0 0 0 0 0 0 0 0 0 2 0 0 225 37 6 0 1 0 0 0 0 0 0 0 0 0 0 0 2 0 0 0 0 0 5 0 2 0 0 0 224 0 0 0 254 255 255 255 5 0 1 0 0 0 0 0 data 28 0x10005 0x0 0x1c3b4177f20 0xc4ae 0x1c3b5be3f10 0xe 0x40007 0x6a99 0x80 0x5a23 0x80005 0x0 0x1c3b4177f20 0x5a23 0x0 0x0 0xb0005 0x0 0x1c3b763bf40 0x5a23 0x0 0x0 0x100005 0x0 0x1c3b4177f20 0x6a8b 0x1c3b5be3f10 0xe oops 6 2 java/lang/reflect/Method 4 java/lang/reflect/Constructor 12 java/lang/reflect/Method 18 sun/reflect/generics/repository/MethodRepository 24 java/lang/reflect/Method 26 java/lang/reflect/Constructor
ciMethodData sun/reflect/generics/repository/ConstructorRepository getParameterTypes ()[Ljava/lang/reflect/Type; 2 23105 orig 264 120 103 193 71 249 127 0 0 8 77 17 176 195 1 0 0 80 3 0 0 128 0 0 0 0 0 0 0 0 0 0 0 0 0 0 0 0 0 0 0 0 0 0 0 0 0 0 0 0 0 0 0 0 0 0 0 0 0 0 0 0 0 0 0 0 0 0 0 0 0 0 0 0 0 0 0 0 0 0 0 77 68 79 32 101 120 116 114 97 32 100 97 116 97 32 108 111 99 107 0 0 0 0 0 0 0 0 0 0 0 0 0 0 0 0 0 0 0 0 0 0 0 0 0 0 0 0 0 0 0 0 0 0 0 0 0 0 0 0 0 0 0 0 0 0 0 0 0 0 0 0 0 0 0 0 0 0 0 0 0 0 0 0 0 0 0 0 0 0 0 0 0 0 0 0 0 0 0 0 0 0 0 0 0 0 0 0 0 0 0 0 0 0 0 0 0 0 0 0 0 0 0 0 0 0 0 0 0 0 0 0 0 0 0 0 0 32 0 0 0 9 209 2 0 193 126 2 0 0 0 0 0 0 0 0 0 2 0 0 0 1 0 11 0 2 0 0 0 8 2 0 0 254 255 255 255 7 0 4 0 0 0 0 0 data 65 0x40007 0x0 0x1a8 0x5a21 0x80005 0x0 0x1c3b763bf40 0x5a21 0x0 0x0 0xb0004 0x0 0x1c3b61023e0 0x5a21 0x0 0x0 0xe0005 0x0 0x1c3b61023e0 0x5a21 0x0 0x0 0x1d0007 0x5a21 0xf8 0x4fd8 0x210005 0x0 0x1c3b763bf40 0x4fd8 0x0 0x0 0x2b0005 0x19ff 0x1c3b6103d50 0x34a4 0x1c3b6103e00 0x135 0x340005 0x0 0x1c3b6102e90 0x4fd8 0x0 0x0 0x370004 0x0 0x1c3b41768f0 0xa6f 0x1c3b6103eb0 0x2f88 0x3b0003 0x4fd8 0xffffffffffffff20 0x470005 0x0 0x1c3b8654450 0x5a21 0x0 0x0 0x4a0004 0x0 0x1c3b8654450 0x5a21 0x0 0x0 oops 11 6 sun/reflect/generics/repository/MethodRepository 12 sun/reflect/generics/tree/MethodTypeSignature 18 sun/reflect/generics/tree/MethodTypeSignature 28 sun/reflect/generics/repository/MethodRepository 34 sun/reflect/generics/tree/ClassTypeSignature 36 sun/reflect/generics/tree/BooleanSignature 40 sun/reflect/generics/visitor/Reifier 46 java/lang/Class 48 sun/reflect/generics/reflectiveObjects/ParameterizedTypeImpl 55 [Ljava/lang/reflect/Type; 61 [Ljava/lang/reflect/Type;
ciMethodData java/util/AbstractList hashCode ()I 2 6634 orig 264 120 103 193 71 249 127 0 0 0 113 195 175 195 1 0 0 120 2 0 0 0 0 0 0 0 0 0 0 0 0 0 0 0 0 0 0 0 0 0 0 0 0 0 0 0 0 0 0 0 0 0 0 0 0 0 0 0 0 0 0 0 0 0 0 0 0 0 0 0 0 0 0 0 0 0 0 0 0 0 0 77 68 79 32 101 120 116 114 97 32 100 97 116 97 32 108 111 99 107 0 0 0 0 0 0 0 0 0 0 0 0 0 0 0 0 0 0 0 0 0 0 0 0 0 0 0 0 0 0 0 0 0 0 0 0 0 0 0 0 0 0 0 0 0 0 0 0 0 0 0 0 0 0 0 0 0 0 0 0 0 0 0 0 0 0 0 0 0 0 0 0 0 0 0 0 0 0 0 0 0 0 0 0 0 17 0 0 0 0 0 0 0 0 0 0 0 0 0 0 0 0 0 0 0 0 0 0 0 0 0 0 0 0 0 0 0 135 1 0 0 25 195 0 0 25 69 0 0 0 0 0 0 0 0 0 0 2 0 0 0 1 0 9 0 2 0 0 0 48 1 0 0 254 255 255 255 5 0 3 0 0 0 0 0 data 38 0x30005 0x0 0x1c3b8d53030 0x1863 0x0 0x0 0x80005 0x0 0x1c3b681f520 0x2106 0x0 0x0 0xd0007 0x1863 0xd0 0x8a3 0x110005 0x0 0x1c3b681f520 0x8a3 0x0 0x0 0x1c0007 0x8a3 0x38 0x0 0x200003 0x0 0x48 0x240005 0x510 0x1c3b41768f0 0x12b 0x1c3b5f96920 0x268 0x290003 0x8a3 0xffffffffffffff18 oops 5 2 java/util/ArrayList 8 java/util/ArrayList$Itr 18 java/util/ArrayList$Itr 31 java/lang/Class 33 org/glassfish/gmbal/typelib/DeclarationFactory$EvaluatedClassDeclarationImpl
ciMethodData java/util/ArrayList listIterator ()Ljava/util/ListIterator; 2 6129 orig 264 120 103 193 71 249 127 0 0 168 26 196 175 195 1 0 0 48 1 0 0 0 0 0 0 0 0 0 0 0 0 0 0 0 0 0 0 0 0 0 0 0 0 0 0 0 0 0 0 0 0 0 0 0 0 0 0 0 0 0 0 0 0 0 0 0 0 0 0 0 0 0 0 0 0 0 0 0 0 0 0 77 68 79 32 101 120 116 114 97 32 100 97 116 97 32 108 111 99 107 0 0 0 0 0 0 0 0 0 0 0 0 0 0 0 0 0 0 0 0 0 0 0 0 0 0 0 0 0 0 0 0 0 0 0 0 0 0 0 0 0 0 0 0 0 0 0 0 0 0 0 0 0 0 0 0 0 0 0 0 0 0 0 0 0 0 0 0 0 0 0 0 0 0 0 0 0 0 0 0 0 0 0 0 0 13 0 0 0 0 0 0 0 0 0 0 0 0 0 0 0 0 0 0 0 0 0 0 0 0 0 0 0 0 0 0 0 147 1 0 0 241 178 0 0 1 0 0 0 0 0 0 0 0 0 0 0 2 0 0 0 0 0 3 0 2 0 0 0 16 0 0 0 254 255 255 255 2 0 6 0 0 0 0 0 data 2 0x60002 0x165e oops 0
ciMethod org/glassfish/pfl/basic/algorithm/Algorithms map (Ljava/util/Collection;Ljava/util/Collection;Lorg/glassfish/pfl/basic/func/UnaryFunction;)V 3241 4937 47583 0 3104
ciMethod org/glassfish/pfl/basic/algorithm/Algorithms map (Ljava/util/List;Lorg/glassfish/pfl/basic/func/UnaryFunction;)Ljava/util/List; 3305 1 64895 0 0
ciMethod org/glassfish/gmbal/typelib/TypeEvaluator getDeclaredMethods (Ljava/lang/Class;)Ljava/util/List; 2481 1 4838 0 -1
ciMethod org/glassfish/gmbal/typelib/TypeEvaluator getDeclaredFields (Ljava/lang/Class;)Ljava/util/List; 2049 1 4838 0 -1
ciMethod org/glassfish/gmbal/typelib/TypeEvaluator access$200 ()Ljava/util/Map; 4097 1 104677 0 0
ciMethod org/glassfish/gmbal/typelib/TypeEvaluator access$300 (Ljava/lang/Class;)Ljava/util/List; 2049 1 4838 0 0
ciMethod org/glassfish/gmbal/typelib/TypeEvaluator access$500 (Ljava/lang/Class;)Ljava/util/List; 2481 1 4838 0 0
ciMethod org/glassfish/gmbal/typelib/DeclarationFactory egat (Lorg/glassfish/gmbal/typelib/EvaluatedType;)Lorg/glassfish/gmbal/typelib/EvaluatedArrayType; 25 1 5656 0 -1
ciMethod org/glassfish/gmbal/typelib/DeclarationFactory ecdecl (ILjava/lang/String;Ljava/util/List;Ljava/util/List;Ljava/util/List;Ljava/lang/Class;Z)Lorg/glassfish/gmbal/typelib/EvaluatedClassDeclaration; 4097 1 16909 0 9056
ciMethod org/glassfish/gmbal/typelib/DeclarationFactory emdecl (Lorg/glassfish/gmbal/typelib/EvaluatedClassDeclaration;ILorg/glassfish/gmbal/typelib/EvaluatedType;Ljava/lang/String;Ljava/util/List;Ljava/lang/reflect/Method;)Lorg/glassfish/gmbal/typelib/EvaluatedMethodDeclaration; 3217 1 50382 0 0
ciMethod org/glassfish/gmbal/typelib/DeclarationFactory ecdecl (ILjava/lang/String;Ljava/lang/Class;)Lorg/glassfish/gmbal/typelib/EvaluatedClassDeclaration; 4097 1 99839 0 480
ciMethod org/glassfish/gmbal/typelib/DeclarationFactory ecdecl (ILjava/lang/String;Ljava/lang/Class;Z)Lorg/glassfish/gmbal/typelib/EvaluatedClassDeclaration; 4097 1 20487 0 512
ciMethod org/glassfish/gmbal/typelib/EvaluatedClassDeclaration simpleClass ()Z 0 0 1 0 -1
ciMethod org/glassfish/gmbal/typelib/EvaluatedClassDeclaration freeze ()V 0 0 1 0 -1
ciMethod org/glassfish/gmbal/typelib/EvaluatedClassDeclaration fields (Ljava/util/List;)V 0 0 1 0 -1
ciMethod org/glassfish/gmbal/typelib/EvaluatedClassDeclaration instantiations (Ljava/util/List;)V 0 0 1 0 -1
ciMethod org/glassfish/gmbal/typelib/EvaluatedClassDeclaration methods (Ljava/util/List;)V 0 0 1 0 -1
ciMethod org/glassfish/gmbal/typelib/EvaluatedClassDeclaration inheritance (Ljava/util/List;)V 0 0 1 0 -1
ciMethod org/glassfish/gmbal/typelib/DeclarationFactory$EvaluatedClassDeclarationImpl <init> (ILjava/lang/String;Ljava/util/List;Ljava/util/List;Ljava/util/List;Ljava/lang/Class;Z)V 2209 1 4263 0 -1
ciMethod org/glassfish/gmbal/typelib/DeclarationFactory$EvaluatedClassDeclarationImpl freeze ()V 3097 1 1414 0 0
ciMethod org/glassfish/gmbal/typelib/DeclarationFactory$EvaluatedClassDeclarationImpl checkFrozen ()V 4097 1 42962 0 0
ciMethod org/glassfish/gmbal/typelib/DeclarationFactory$EvaluatedClassDeclarationImpl methods (Ljava/util/List;)V 2049 1 4839 0 0
ciMethod org/glassfish/gmbal/typelib/DeclarationFactory$EvaluatedClassDeclarationImpl inheritance (Ljava/util/List;)V 3073 1 4863 0 0
ciMethod org/glassfish/gmbal/typelib/DeclarationFactory$EvaluatedClassDeclarationImpl instantiations (Ljava/util/List;)V 4097 1 28422 0 0
ciMethod org/glassfish/gmbal/typelib/DeclarationFactory$EvaluatedClassDeclarationImpl fields (Ljava/util/List;)V 3081 1 4838 0 0
ciMethod org/glassfish/gmbal/typelib/EvaluatedDeclarationBase <init> ()V 4097 1 58405 0 -1
ciMethod org/glassfish/gmbal/typelib/DeclarationFactory$EvaluatedMethodDeclarationImpl <init> (Lorg/glassfish/gmbal/typelib/EvaluatedClassDeclaration;ILorg/glassfish/gmbal/typelib/EvaluatedType;Ljava/lang/String;Ljava/util/List;Ljava/lang/reflect/Method;)V 3217 1 50382 0 -1
ciMethod org/glassfish/gmbal/typelib/EvaluatedMethodDeclarationBase <init> ()V 4097 1 50382 0 -1
ciMethod org/glassfish/gmbal/typelib/TypeEvaluator$EvalMapKey <init> (Ljava/lang/Class;Ljava/util/List;)V 4097 1 99866 0 0
ciMethod org/glassfish/gmbal/typelib/TypeEvaluator$TypeEvaluationVisitor evaluateType (Ljava/lang/Object;)Lorg/glassfish/gmbal/typelib/EvaluatedType; 165545 1 160451 0 0
ciMethod org/glassfish/gmbal/typelib/TypeEvaluator$TypeEvaluationVisitor describe (Ljava/lang/String;Ljava/lang/Object;)V 4097 1 60057 0 0
ciMethod org/glassfish/gmbal/typelib/TypeEvaluator$TypeEvaluationVisitor message (Ljava/lang/String;)V 4097 1 103371 0 0
ciMethod org/glassfish/gmbal/typelib/TypeEvaluator$TypeEvaluationVisitor visitClassDeclaration (Ljava/lang/Class;)Lorg/glassfish/gmbal/typelib/EvaluatedType; 2689 1 82249 0 28640
ciMethod org/glassfish/gmbal/typelib/TypeEvaluator$TypeEvaluationVisitor visitParameterizedType (Ljava/lang/reflect/ParameterizedType;)Lorg/glassfish/gmbal/typelib/EvaluatedType; 1169 1 27250 0 0
ciMethod org/glassfish/gmbal/typelib/TypeEvaluator$TypeEvaluationVisitor visitMethodDeclaration (Lorg/glassfish/gmbal/typelib/EvaluatedClassDeclaration;Ljava/lang/reflect/Method;)Lorg/glassfish/gmbal/typelib/EvaluatedMethodDeclaration; 3073 1 50381 0 0
ciMethod org/glassfish/gmbal/typelib/TypeEvaluator$TypeEvaluationVisitor visitTypeVariable (Ljava/lang/reflect/TypeVariable;)Lorg/glassfish/gmbal/typelib/EvaluatedType; 1489 1 25160 0 0
ciMethod org/glassfish/gmbal/typelib/TypeEvaluator$TypeEvaluationVisitor visitGenericArrayType (Ljava/lang/reflect/GenericArrayType;)Lorg/glassfish/gmbal/typelib/EvaluatedType; 0 0 1925 0 0
ciMethod org/glassfish/gmbal/typelib/TypeEvaluator$TypeEvaluationVisitor visitWildcardType (Ljava/lang/reflect/WildcardType;)Lorg/glassfish/gmbal/typelib/EvaluatedType; 713 1 15644 0 0
ciMethod org/glassfish/gmbal/typelib/TypeEvaluator$TypeEvaluationVisitor lookup (Ljava/lang/reflect/TypeVariable;)Lorg/glassfish/gmbal/typelib/EvaluatedType; 1753 1 33043 0 0
ciMethod org/glassfish/gmbal/typelib/TypeEvaluator$TypeEvaluationVisitor getCorrectDeclaration (Lorg/glassfish/gmbal/typelib/TypeEvaluator$TypeEvaluationVisitor$OrderedResult;Ljava/lang/Class;Lorg/glassfish/gmbal/typelib/EvaluatedClassDeclaration;)Lorg/glassfish/gmbal/typelib/EvaluatedType; 4097 1 99839 0 0
ciMethod org/glassfish/gmbal/typelib/TypeEvaluator$TypeEvaluationVisitor processClass (Lorg/glassfish/gmbal/typelib/EvaluatedClassDeclaration;Ljava/util/Map;Ljava/lang/Class;)V 481 1 4838 0 0
ciMethod org/glassfish/gmbal/typelib/TypeEvaluator$TypeEvaluationVisitor getInheritance (Ljava/lang/Class;)Ljava/util/List; 2537 1 4838 0 0
ciMethod org/glassfish/gmbal/typelib/TypeEvaluator$TypeEvaluationVisitor getBindings (Ljava/lang/Class;)Lorg/glassfish/gmbal/typelib/TypeEvaluator$TypeEvaluationVisitor$OrderedResult; 3689 417 73807 0 -1
ciMethod org/glassfish/gmbal/typelib/TypeEvaluator$TypeEvaluationVisitor getBindings (Ljava/lang/reflect/ParameterizedType;)Lorg/glassfish/gmbal/typelib/TypeEvaluator$TypeEvaluationVisitor$OrderedResult; 3905 5297 26032 0 0
ciMethod org/glassfish/gmbal/typelib/TypeEvaluator$TypeEvaluationVisitor access$600 (Lorg/glassfish/gmbal/typelib/TypeEvaluator$TypeEvaluationVisitor;Lorg/glassfish/gmbal/typelib/EvaluatedClassDeclaration;Ljava/lang/reflect/Method;)Lorg/glassfish/gmbal/typelib/EvaluatedMethodDeclaration; 3073 1 50381 0 0
ciMethod org/glassfish/pfl/basic/contain/Display enterScope ()V 2529 1 4838 0 0
ciMethod org/glassfish/pfl/basic/contain/Display exitScope ()V 2049 1 4838 0 0
ciMethod org/glassfish/pfl/basic/contain/Display bind (Ljava/util/Map;)V 2537 1 4838 0 0
ciMethod org/glassfish/pfl/basic/contain/Display lookup (Ljava/lang/Object;)Ljava/lang/Object; 4097 12217 29509 0 1152
ciMethod org/glassfish/gmbal/typelib/TypeEvaluator$PartialDefinitions getKey (Ljava/lang/reflect/ParameterizedType;)Lorg/glassfish/pfl/basic/contain/Pair; 4097 5521 69331 0 1664
ciMethod org/glassfish/gmbal/typelib/TypeEvaluator$PartialDefinitions get (Ljava/lang/Class;)Lorg/glassfish/gmbal/typelib/EvaluatedType; 3921 1 78726 0 -1
ciMethod org/glassfish/gmbal/typelib/TypeEvaluator$PartialDefinitions get (Ljava/lang/reflect/ParameterizedType;)Lorg/glassfish/gmbal/typelib/EvaluatedType; 4097 1 27250 0 0
ciMethod org/glassfish/gmbal/typelib/TypeEvaluator$PartialDefinitions put (Ljava/lang/Class;Lorg/glassfish/gmbal/typelib/EvaluatedType;)V 3689 1 73807 0 -1
ciMethod org/glassfish/gmbal/typelib/TypeEvaluator$PartialDefinitions put (Ljava/lang/reflect/ParameterizedType;Lorg/glassfish/gmbal/typelib/EvaluatedType;)V 3905 1 26032 0 0
ciMethod org/glassfish/gmbal/typelib/TypeEvaluator$PartialDefinitions remove (Ljava/lang/Class;)V 4097 1 73807 0 -1
ciMethod org/glassfish/gmbal/typelib/TypeEvaluator$PartialDefinitions remove (Ljava/lang/reflect/ParameterizedType;)V 3113 1 26032 0 0
ciMethod org/glassfish/gmbal/typelib/TypeEvaluator$TypeEvaluationVisitor$OrderedResult <init> ()V 4097 1 99839 0 0
ciMethod org/glassfish/gmbal/typelib/TypeEvaluator$TypeEvaluationVisitor$OrderedResult getList ()Ljava/util/List; 1489 1 186 0 0
ciMethod org/glassfish/gmbal/typelib/TypeEvaluator$TypeEvaluationVisitor$OrderedResult getMap ()Ljava/util/Map; 489 1 61 0 0
ciMethod org/glassfish/gmbal/typelib/TypeEvaluator$TypeEvaluationVisitor$OrderedResult add (Ljava/lang/Object;Ljava/lang/Object;)V 2049 1 36426 0 0
ciMethod org/glassfish/gmbal/typelib/TypeEvaluator$TypeEvaluationVisitor$2 <init> (Lorg/glassfish/gmbal/typelib/TypeEvaluator$TypeEvaluationVisitor;)V 2537 1 4838 0 0
ciMethod org/glassfish/gmbal/typelib/TypeEvaluator$TypeEvaluationVisitor$3 <init> (Lorg/glassfish/gmbal/typelib/TypeEvaluator$TypeEvaluationVisitor;Lorg/glassfish/gmbal/typelib/EvaluatedClassDeclaration;)V 2121 1 4838 0 0
ciMethod org/glassfish/gmbal/typelib/TypeEvaluator$TypeEvaluationVisitor$4 <init> (Lorg/glassfish/gmbal/typelib/TypeEvaluator$TypeEvaluationVisitor;Lorg/glassfish/gmbal/typelib/EvaluatedClassDeclaration;)V 2497 1 4838 0 0
ciMethod org/glassfish/gmbal/typelib/TypeEvaluator$TypeEvaluationVisitor$4 evaluate (Ljava/lang/reflect/Method;)Lorg/glassfish/gmbal/typelib/EvaluatedMethodDeclaration; 3073 1 50381 0 0
ciMethod org/glassfish/gmbal/typelib/TypeEvaluator$TypeEvaluationVisitor$4 evaluate (Ljava/lang/Object;)Ljava/lang/Object; 3073 1 50381 0 -1
ciMethod org/glassfish/gmbal/typelib/TypeEvaluator$TypeEvaluationVisitor$1 <init> (Lorg/glassfish/gmbal/typelib/TypeEvaluator$TypeEvaluationVisitor;)V 3193 1 50381 0 0
ciMethodData org/glassfish/pfl/basic/contain/Pair hashCode ()I 2 6743 orig 264 120 103 193 71 249 127 0 0 208 217 44 184 195 1 0 0 232 1 0 0 32 0 0 0 0 0 0 0 0 0 0 0 0 0 0 0 0 0 0 0 0 0 0 0 0 0 0 0 0 0 0 0 0 0 0 0 0 0 0 0 0 0 0 0 0 0 0 0 0 0 0 0 0 0 0 0 0 0 0 0 77 68 79 32 101 120 116 114 97 32 100 97 116 97 32 108 111 99 107 0 0 0 0 0 0 0 0 0 0 0 0 0 0 0 0 0 0 0 0 0 0 0 0 0 0 0 0 0 0 0 0 0 0 0 0 0 0 0 0 0 0 0 0 0 0 0 0 0 0 0 0 0 0 0 0 0 0 0 0 0 0 0 0 0 0 0 0 0 0 0 0 0 0 0 0 0 0 0 0 0 0 0 0 0 0 0 0 0 0 0 0 0 0 0 0 0 0 0 0 0 0 0 0 0 0 0 0 0 0 0 0 0 0 0 0 0 152 1 0 0 249 197 0 0 1 0 0 0 0 0 0 0 0 0 0 0 2 0 0 0 0 0 9 0 2 0 0 0 160 0 0 0 254 255 255 255 7 0 6 0 0 0 0 0 data 20 0x60007 0x0 0x50 0x18bf 0xe0005 0x0 0x1c3b41768f0 0x18bf 0x0 0x0 0x170007 0x0 0x50 0x18bf 0x1f0005 0x0 0x1c3b8d53030 0x18bf 0x0 0x0 oops 2 6 java/lang/Class 16 java/util/ArrayList
ciMethodData org/glassfish/pfl/basic/contain/Pair <init> (Ljava/lang/Object;Ljava/lang/Object;)V 2 182466 orig 264 120 103 193 71 249 127 0 0 32 213 44 184 195 1 0 0 64 1 0 0 0 0 0 0 0 0 0 0 0 0 0 0 0 0 0 0 0 0 0 0 0 0 0 0 0 0 0 0 0 0 0 0 0 0 0 0 0 0 0 0 0 0 0 0 0 0 0 0 0 0 0 0 0 0 0 0 0 0 0 0 77 68 79 32 101 120 116 114 97 32 100 97 116 97 32 108 111 99 107 0 0 0 0 0 0 0 0 0 0 0 0 0 0 0 0 0 0 0 0 0 0 0 0 0 0 0 0 0 0 0 0 0 0 0 0 0 0 0 0 0 0 0 0 0 0 0 0 0 0 0 0 0 0 0 0 0 0 0 0 0 0 0 0 0 0 0 0 0 0 0 0 0 0 0 0 0 0 0 0 0 0 0 0 0 1 0 0 0 0 0 0 0 0 0 0 0 0 0 0 0 1 0 0 0 0 0 0 0 0 0 0 0 0 0 0 0 0 2 0 0 17 54 22 0 1 0 0 0 0 0 0 0 0 0 0 0 2 0 0 0 0 0 3 0 2 0 0 0 16 0 0 0 254 255 255 255 2 0 1 0 0 0 0 0 data 2 0x10002 0x2c6c2 oops 0
ciMethodData org/glassfish/pfl/basic/contain/Pair equals (Ljava/lang/Object;)Z 2 7914 orig 264 120 103 193 71 249 127 0 0 224 216 44 184 195 1 0 0 184 4 0 0 168 2 0 0 0 0 0 0 0 0 0 0 0 0 0 0 0 0 0 0 0 0 0 0 0 0 0 0 0 0 0 0 0 0 0 0 0 0 0 0 0 0 0 0 0 0 0 0 0 0 0 0 0 0 0 0 0 0 0 0 77 68 79 32 101 120 116 114 97 32 100 97 116 97 32 108 111 99 107 0 0 0 0 0 0 0 0 0 0 0 0 0 0 0 0 0 0 0 0 0 0 0 0 0 0 0 0 0 0 0 0 0 0 0 0 0 0 0 0 0 0 0 0 0 0 0 0 0 0 0 0 0 0 0 0 0 0 0 0 0 0 0 0 0 0 0 0 0 0 0 0 0 0 0 0 0 0 0 0 0 0 0 0 0 0 0 0 0 0 0 0 0 0 0 0 0 0 0 0 0 0 0 0 0 0 0 0 0 0 0 0 0 0 0 0 0 0 2 0 0 81 231 0 0 1 0 0 0 0 0 0 0 0 0 0 0 2 0 0 0 0 0 20 0 2 0 0 0 104 3 0 0 254 255 255 255 7 0 2 0 0 0 0 0 data 109 0x20007 0x1cea 0x20 0x0 0x80004 0x0 0x1c3b5f963d0 0xfd3 0x1c3b67406f0 0xd17 0xb0007 0x1cea 0x20 0x0 0x110004 0x0 0x1c3b5f963d0 0xfd3 0x1c3b67406f0 0xd17 0x160005 0x0 0x1c3b5f963d0 0xfd3 0x1c3b67406f0 0xd17 0x190007 0x1cea 0x88 0x0 0x1d0005 0x0 0x0 0x0 0x0 0x0 0x200007 0x0 0x248 0x0 0x230003 0x0 0xc8 0x270005 0x0 0x1c3b5f963d0 0xfd3 0x1c3b67406f0 0xd17 0x2b0005 0x0 0x1c3b5f963d0 0xfd3 0x1c3b67406f0 0xd17 0x2e0005 0x0 0x1c3b41768f0 0x1cea 0x0 0x0 0x310007 0x0 0x180 0x1cea 0x350005 0x0 0x1c3b5f963d0 0xfd3 0x1c3b67406f0 0xd17 0x380007 0x1cea 0xa0 0x0 0x3c0005 0x0 0x0 0x0 0x0 0x0 0x3f0007 0x0 0x38 0x0 0x430003 0x0 0xc0 0x470003 0x0 0xa8 0x4b0005 0x0 0x1c3b5f963d0 0xfd3 0x1c3b67406f0 0xd17 0x4f0005 0x0 0x1c3b5f963d0 0xfd3 0x1c3b67406f0 0xd17 0x520005 0x0 0x1c3b8d53030 0x1cea 0x0 0x0 oops 18 6 org/glassfish/pfl/basic/contain/Pair 8 org/glassfish/gmbal/typelib/TypeEvaluator$EvalMapKey 16 org/glassfish/pfl/basic/contain/Pair 18 org/glassfish/gmbal/typelib/TypeEvaluator$EvalMapKey 22 org/glassfish/pfl/basic/contain/Pair 24 org/glassfish/gmbal/typelib/TypeEvaluator$EvalMapKey 45 org/glassfish/pfl/basic/contain/Pair 47 org/glassfish/gmbal/typelib/TypeEvaluator$EvalMapKey 51 org/glassfish/pfl/basic/contain/Pair 53 org/glassfish/gmbal/typelib/TypeEvaluator$EvalMapKey 57 java/lang/Class 67 org/glassfish/pfl/basic/contain/Pair 69 org/glassfish/gmbal/typelib/TypeEvaluator$EvalMapKey 93 org/glassfish/pfl/basic/contain/Pair 95 org/glassfish/gmbal/typelib/TypeEvaluator$EvalMapKey 99 org/glassfish/pfl/basic/contain/Pair 101 org/glassfish/gmbal/typelib/TypeEvaluator$EvalMapKey 105 java/util/ArrayList
ciMethodData org/glassfish/gmbal/typelib/TypeEvaluator$TypeEvaluationVisitor evaluateType (Ljava/lang/Object;)Lorg/glassfish/gmbal/typelib/EvaluatedType; 2 160451 orig 264 120 103 193 71 249 127 0 0 72 215 50 184 195 1 0 0 128 5 0 0 184 0 0 0 0 0 0 0 0 0 0 0 0 0 0 0 0 0 0 0 0 0 0 0 0 0 0 0 0 0 0 0 0 0 0 0 0 0 0 0 0 0 0 0 0 0 0 0 0 0 0 0 0 0 0 0 0 0 0 0 77 68 79 32 101 120 116 114 97 32 100 97 116 97 32 108 111 99 107 0 0 0 0 0 0 0 0 0 0 0 0 0 0 0 0 0 0 0 0 0 0 0 0 0 0 0 0 0 0 0 0 0 0 0 0 0 0 0 0 0 0 0 0 0 1 0 0 0 0 0 0 0 0 0 0 0 0 0 0 0 0 0 0 0 0 0 0 0 0 0 0 0 0 0 0 0 0 0 0 0 0 0 0 0 17 0 0 0 0 0 0 0 0 0 0 0 0 0 0 0 0 0 0 0 0 0 0 0 0 0 0 0 0 0 0 0 0 2 0 0 113 15 17 0 1 0 0 0 153 32 2 0 0 0 0 0 2 0 0 0 0 0 20 0 2 0 0 0 48 4 0 0 254 255 255 255 7 0 3 0 0 0 0 0 data 134 0x30007 0x2156b 0x38 0xc83 0x80003 0xc83 0x410 0xc0004 0xffffffffffff073f 0x1c3b7fd6bd0 0x50 0x1c3b41768f0 0x11caa 0xf0007 0xf8c1 0x78 0x11caa 0x130004 0x0 0x1c3b41768f0 0x11caa 0x0 0x0 0x190002 0x11caa 0x1d0003 0x11cab 0x368 0x210004 0xffffffffffff624f 0x1c3b7fd6bd0 0x50 0x1c3b6103eb0 0x5b10 0x240007 0x9db1 0x78 0x5b10 0x280004 0x0 0x1c3b6103eb0 0x5b10 0x0 0x0 0x2e0002 0x5b10 0x320003 0x5b10 0x2c0 0x360004 0xffffffffffffc41f 0x1c3b7fd6bd0 0x50 0x1c3b7fd6c80 0x61d0 0x390007 0x3be1 0x78 0x61d0 0x3d0004 0x0 0x1c3b7fd6c80 0x61d0 0x0 0x0 0x430002 0x61d0 0x470003 0x61d0 0x218 0x4b0004 0xffffffffffffcba4 0x1c3b7fd6bd0 0x50 0x1c3b7fd6d30 0x785 0x4e0007 0x345c 0x78 0x785 0x520004 0x0 0x1c3b7fd6d30 0x785 0x0 0x0 0x580002 0x785 0x5c0003 0x785 0x170 0x600004 0x0 0x1c3b7fd6bd0 0x345c 0x0 0x0 0x630007 0x0 0x78 0x345c 0x670004 0x0 0x1c3b7fd6bd0 0x345c 0x0 0x0 0x6d0002 0x345c 0x710003 0x345c 0xc8 0x750004 0x0 0x0 0x0 0x0 0x0 0x780007 0x0 0x50 0x0 0x7f0005 0x0 0x0 0x0 0x0 0x0 0x890005 0x0 0x0 0x0 0x0 0x0 oops 14 9 sun/reflect/generics/reflectiveObjects/WildcardTypeImpl 11 java/lang/Class 19 java/lang/Class 30 sun/reflect/generics/reflectiveObjects/WildcardTypeImpl 32 sun/reflect/generics/reflectiveObjects/ParameterizedTypeImpl 40 sun/reflect/generics/reflectiveObjects/ParameterizedTypeImpl 51 sun/reflect/generics/reflectiveObjects/WildcardTypeImpl 53 sun/reflect/generics/reflectiveObjects/TypeVariableImpl 61 sun/reflect/generics/reflectiveObjects/TypeVariableImpl 72 sun/reflect/generics/reflectiveObjects/WildcardTypeImpl 74 sun/reflect/generics/reflectiveObjects/GenericArrayTypeImpl 82 sun/reflect/generics/reflectiveObjects/GenericArrayTypeImpl 93 sun/reflect/generics/reflectiveObjects/WildcardTypeImpl 103 sun/reflect/generics/reflectiveObjects/WildcardTypeImpl
ciMethodData org/glassfish/gmbal/typelib/TypeEvaluator$TypeEvaluationVisitor visitClassDeclaration (Ljava/lang/Class;)Lorg/glassfish/gmbal/typelib/EvaluatedType; 2 82249 orig 264 120 103 193 71 249 127 0 0 184 218 50 184 195 1 0 0 48 4 0 0 32 1 0 0 0 0 0 0 0 0 0 0 0 0 0 0 0 0 0 0 0 0 0 0 0 0 0 0 0 0 0 0 0 0 0 0 0 0 0 0 0 0 0 0 0 0 0 0 0 0 0 0 0 0 0 0 0 0 0 0 77 68 79 32 101 120 116 114 97 32 100 97 116 97 32 108 111 99 107 0 0 0 0 0 0 0 0 0 0 0 0 0 0 0 0 0 0 0 0 0 0 0 0 0 0 0 0 0 0 0 0 0 0 0 0 0 0 0 0 0 0 0 0 0 1 0 0 0 1 0 0 0 0 0 0 0 0 0 0 0 0 2 0 0 0 0 0 0 0 0 0 0 0 0 0 0 0 0 0 0 0 0 0 0 25 0 0 0 0 0 0 0 0 0 0 0 0 0 0 0 0 0 0 0 0 0 0 0 0 0 0 0 0 0 0 0 80 1 0 0 201 255 9 0 1 0 0 0 216 27 1 0 0 0 0 0 2 0 0 0 0 0 30 0 2 0 0 0 224 2 0 0 254 255 255 255 5 0 3 0 0 0 0 0 data 92 0x30005 0x2f1d 0x1c3b41768f0 0x110dc 0x0 0x0 0x60007 0x13232 0xa0 0xdc7 0xc0002 0xdc7 0x110005 0x18f 0x1c3b41768f0 0xc38 0x0 0x0 0x140005 0x0 0x1c3b8651d80 0xdc7 0x0 0x0 0x170002 0x18f 0x200005 0x0 0x1c3b7fdadb0 0x13232 0x0 0x0 0x250007 0x131c 0x158 0x11f16 0x299005 0x2c26 0x1c3b41768f0 0xf2f2 0x0 0x0 0x2d0005 0x2c26 0x1c3b41768f0 0xf2f2 0x0 0x0 0x310002 0x11f18 0x3b0005 0x0 0x1c3b7fdadb0 0x11f18 0x0 0x0 0x400002 0x11f18 0x4a0002 0x11f18 0x530005 0x0 0x1c3b7fdadb0 0x11f18 0x0 0x0 0x560003 0x11f18 0x48 0x600005 0x0 0x0 0x0 0x0 0x0 0x6a0005 0x2d90 0x1c3b41768f0 0x104a4 0x0 0x0 0x6d0007 0x13234 0x30 0x0 0x760002 0x0 0x7a0003 0x13234 0x28 0x7e0002 0x0 oops 9 2 java/lang/Class 14 java/lang/Class 20 org/glassfish/gmbal/typelib/TypeEvaluator$TypeEvaluationVisitor 28 org/glassfish/gmbal/typelib/TypeEvaluator$PartialDefinitions 38 java/lang/Class 44 java/lang/Class 52 org/glassfish/gmbal/typelib/TypeEvaluator$PartialDefinitions 62 org/glassfish/gmbal/typelib/TypeEvaluator$PartialDefinitions 77 java/lang/Class
ciMethodData org/glassfish/gmbal/typelib/TypeEvaluator$TypeEvaluationVisitor visitParameterizedType (Ljava/lang/reflect/ParameterizedType;)Lorg/glassfish/gmbal/typelib/EvaluatedType; 2 27250 orig 264 120 103 193 71 249 127 0 0 96 220 50 184 195 1 0 0 56 3 0 0 0 0 0 0 0 0 0 0 0 0 0 0 0 0 0 0 0 0 0 0 0 0 0 0 0 0 0 0 0 0 0 0 0 0 0 0 0 0 0 0 0 0 0 0 0 0 0 0 0 0 0 0 0 0 0 0 0 0 0 0 77 68 79 32 101 120 116 114 97 32 100 97 116 97 32 108 111 99 107 0 0 0 0 0 0 0 0 0 0 0 0 0 0 0 0 0 0 0 0 0 0 0 0 0 0 0 0 0 0 0 0 0 0 0 0 0 0 0 0 0 0 0 0 0 0 0 0 0 0 0 0 0 0 0 0 0 0 0 0 0 0 0 0 0 0 0 0 0 0 0 0 0 0 0 0 0 0 0 0 0 0 0 0 0 17 0 0 0 0 0 0 0 0 0 0 0 0 0 0 0 0 0 0 0 0 0 0 0 0 0 0 0 0 0 0 0 146 0 0 0 1 79 3 0 1 0 0 0 0 0 0 0 0 0 0 0 2 0 0 0 0 0 14 0 2 0 0 0 232 1 0 0 254 255 255 255 5 0 1 0 0 0 0 0 data 61 0x10005 0x0 0x1c3b6103eb0 0x69e0 0x0 0x0 0x60004 0x0 0x1c3b41768f0 0x69e0 0x0 0x0 0x110005 0x0 0x1c3b7fdadb0 0x69e0 0x0 0x0 0x160007 0x4bb 0x158 0x6525 0x1a0005 0x161 0x1c3b41768f0 0x63c4 0x0 0x0 0x1e0005 0x161 0x1c3b41768f0 0x63c4 0x0 0x0 0x220002 0x6525 0x2e0005 0x0 0x1c3b7fdadb0 0x6525 0x0 0x0 0x330002 0x6525 0x3e0002 0x6525 0x470005 0x0 0x1c3b7fdadb0 0x6525 0x0 0x0 0x4a0003 0x6525 0x48 0x540005 0x0 0x0 0x0 0x0 0x0 oops 7 2 sun/reflect/generics/reflectiveObjects/ParameterizedTypeImpl 8 java/lang/Class 14 org/glassfish/gmbal/typelib/TypeEvaluator$PartialDefinitions 24 java/lang/Class 30 java/lang/Class 38 org/glassfish/gmbal/typelib/TypeEvaluator$PartialDefinitions 48 org/glassfish/gmbal/typelib/TypeEvaluator$PartialDefinitions
ciMethodData org/glassfish/gmbal/typelib/TypeEvaluator$TypeEvaluationVisitor visitTypeVariable (Ljava/lang/reflect/TypeVariable;)Lorg/glassfish/gmbal/typelib/EvaluatedType; 2 25160 orig 264 120 103 193 71 249 127 0 0 248 225 50 184 195 1 0 0 136 1 0 0 0 0 0 0 0 0 0 0 0 0 0 0 0 0 0 0 0 0 0 0 0 0 0 0 0 0 0 0 0 0 0 0 0 0 0 0 0 0 0 0 0 0 0 0 0 0 0 0 0 0 0 0 0 0 0 0 0 0 0 0 77 68 79 32 101 120 116 114 97 32 100 97 116 97 32 108 111 99 107 0 0 0 0 0 0 0 0 0 0 0 0 0 0 0 0 0 0 0 0 0 0 0 0 0 0 0 0 0 0 0 0 0 0 0 0 0 0 0 0 0 0 0 0 0 0 0 0 0 0 0 0 0 0 0 0 0 0 0 0 0 0 0 0 0 0 0 0 0 0 0 0 0 0 0 0 0 0 0 0 0 0 0 0 0 17 0 0 0 0 0 0 0 0 0 0 0 0 0 0 0 0 0 0 0 0 0 0 0 0 0 0 0 0 0 0 0 186 0 0 0 113 12 3 0 1 0 0 0 0 0 0 0 0 0 0 0 2 0 0 0 0 0 4 0 2 0 0 0 56 0 0 0 254 255 255 255 2 0 4 0 0 0 0 0 data 7 0x40002 0x618e 0x80003 0x618e 0x28 0xc0002 0x0 oops 0
ciMethodData org/glassfish/gmbal/typelib/TypeEvaluator$TypeEvaluationVisitor lookup (Ljava/lang/reflect/TypeVariable;)Lorg/glassfish/gmbal/typelib/EvaluatedType; 2 33043 orig 264 120 103 193 71 249 127 0 0 16 230 50 184 195 1 0 0 16 3 0 0 152 1 0 0 0 0 0 0 0 0 0 0 0 0 0 0 0 0 0 0 0 0 0 0 0 0 0 0 0 0 0 0 0 0 0 0 0 0 0 0 0 0 0 0 0 0 0 0 0 0 0 0 0 0 0 0 0 0 0 0 77 68 79 32 101 120 116 114 97 32 100 97 116 97 32 108 111 99 107 0 0 0 0 0 0 0 0 0 0 0 0 0 0 0 0 0 0 0 0 0 0 0 0 0 0 0 0 0 0 0 0 0 0 0 0 0 0 0 0 0 0 0 0 0 0 0 0 0 0 0 0 0 0 0 0 0 0 0 0 0 0 0 0 0 0 0 0 0 0 0 0 0 0 0 0 0 0 0 0 0 0 0 0 0 17 0 0 0 0 0 0 0 0 0 0 0 0 0 0 0 0 0 0 0 0 0 0 0 0 0 0 0 0 0 0 0 219 0 0 0 193 1 4 0 1 0 0 0 0 0 0 0 0 0 0 0 2 0 0 0 0 0 13 0 2 0 0 0 192 1 0 0 254 255 255 255 5 0 7 0 0 0 0 0 data 56 0x70005 0x0 0x1c3b7fd6c80 0x8038 0x0 0x0 0xc0005 0x0 0x1c3b7f228b0 0x8038 0x0 0x0 0xf0104 0x0 0x1c3b5f96920 0x6c25 0x1c3b6778420 0x2f 0x140007 0x6c54 0x108 0x13e4 0x180005 0x0 0x1c3b7fd6c80 0x13e4 0x0 0x0 0x200007 0x0 0xb8 0x13e4 0x260007 0x13e4 0x50 0x0 0x2d0005 0x0 0x0 0x0 0x0 0x0 0x370005 0x0 0x1c3b8651d80 0x13e4 0x0 0x0 0x3b0003 0x13e4 0x18 0x420003 0x8038 0x28 0x460002 0x0 oops 6 2 sun/reflect/generics/reflectiveObjects/TypeVariableImpl 8 org/glassfish/pfl/basic/contain/Display 14 org/glassfish/gmbal/typelib/DeclarationFactory$EvaluatedClassDeclarationImpl 16 org/glassfish/gmbal/typelib/DeclarationFactory$EvaluatedArrayTypeImpl 24 sun/reflect/generics/reflectiveObjects/TypeVariableImpl 44 org/glassfish/gmbal/typelib/TypeEvaluator$TypeEvaluationVisitor
ciMethodData org/glassfish/gmbal/typelib/TypeEvaluator$TypeEvaluationVisitor visitGenericArrayType (Ljava/lang/reflect/GenericArrayType;)Lorg/glassfish/gmbal/typelib/EvaluatedType; 2 1925 orig 264 120 103 193 71 249 127 0 0 40 227 50 184 195 1 0 0 232 1 0 0 0 0 0 0 0 0 0 0 0 0 0 0 0 0 0 0 0 0 0 0 0 0 0 0 0 0 0 0 0 0 0 0 0 0 0 0 0 0 0 0 0 0 0 0 0 0 0 0 0 0 0 0 0 0 0 0 0 0 0 0 77 68 79 32 101 120 116 114 97 32 100 97 116 97 32 108 111 99 107 0 0 0 0 0 0 0 0 0 0 0 0 0 0 0 0 0 0 0 0 0 0 0 0 0 0 0 0 0 0 0 0 0 0 0 0 0 0 0 0 0 0 0 0 0 0 0 0 0 0 0 0 0 0 0 0 0 0 0 0 0 0 0 0 0 0 0 0 0 0 0 0 0 0 0 0 0 0 0 0 0 0 0 0 0 17 0 0 0 0 0 0 0 0 0 0 0 0 0 0 0 0 0 0 0 0 0 0 0 0 0 0 0 0 0 0 0 0 0 0 0 41 60 0 0 1 0 0 0 0 0 0 0 0 0 0 0 2 0 0 0 0 0 0 0 0 0 0 0 152 0 0 0 254 255 255 255 5 0 4 0 0 0 0 0 data 19 0x40005 0x0 0x1c3b7fd6d30 0x785 0x0 0x0 0x90005 0x0 0x1c3b8651d80 0x785 0x0 0x0 0xc0002 0x5 0x100003 0x785 0x28 0x140002 0x0 oops 2 2 sun/reflect/generics/reflectiveObjects/GenericArrayTypeImpl 8 org/glassfish/gmbal/typelib/TypeEvaluator$TypeEvaluationVisitor
ciMethodData org/glassfish/gmbal/typelib/TypeEvaluator$TypeEvaluationVisitor visitWildcardType (Ljava/lang/reflect/WildcardType;)Lorg/glassfish/gmbal/typelib/EvaluatedType; 2 15644 orig 264 120 103 193 71 249 127 0 0 152 228 50 184 195 1 0 0 0 3 0 0 136 1 0 0 0 0 0 0 0 0 0 0 0 0 0 0 0 0 0 0 0 0 0 0 0 0 0 0 0 0 0 0 0 0 0 0 0 0 0 0 0 0 0 0 0 0 0 0 0 0 0 0 0 0 0 0 0 0 0 0 77 68 79 32 101 120 116 114 97 32 100 97 116 97 32 108 111 99 107 0 0 0 0 0 0 0 0 0 0 0 0 0 0 0 0 0 0 0 0 0 0 0 0 0 0 0 0 0 0 0 0 0 0 0 0 0 0 0 0 0 0 0 0 0 0 0 0 0 0 0 0 0 0 0 0 0 0 0 0 0 0 0 0 0 0 0 0 0 0 0 0 0 0 0 0 0 0 0 0 0 0 0 0 0 17 0 0 0 0 0 0 0 0 0 0 0 0 0 0 0 0 0 0 0 0 0 0 0 0 0 0 0 0 0 0 0 89 0 0 0 25 230 1 0 1 0 0 0 0 0 0 0 0 0 0 0 2 0 0 0 0 0 16 0 2 0 0 0 176 1 0 0 254 255 255 255 5 0 3 0 0 0 0 0 data 54 0x30005 0x0 0x1c3b7fd6bd0 0x3cc3 0x0 0x0 0x80002 0x3cc3 0xd0005 0x0 0x1c3b8d4dd20 0x3cc3 0x0 0x0 0x120007 0x0 0x118 0x3cc3 0x160005 0x0 0x1c3b8d4dd20 0x3cc3 0x0 0x0 0x1c0007 0x3cc3 0x50 0x0 0x230005 0x0 0x0 0x0 0x0 0x0 0x2c0005 0x0 0x1c3b8d4dd20 0x3cc3 0x0 0x0 0x310005 0x0 0x1c3b8651d80 0x3cc3 0x0 0x0 0x350003 0x3cc3 0x18 0x3c0003 0x3cc3 0x28 0x400002 0x0 oops 5 2 sun/reflect/generics/reflectiveObjects/WildcardTypeImpl 10 java/util/Arrays$ArrayList 20 java/util/Arrays$ArrayList 36 java/util/Arrays$ArrayList 42 org/glassfish/gmbal/typelib/TypeEvaluator$TypeEvaluationVisitor
ciMethodData org/glassfish/gmbal/typelib/TypeEvaluator access$200 ()Ljava/util/Map; 2 104677 orig 264 120 103 193 71 249 127 0 0 104 35 50 184 195 1 0 0 24 1 0 0 0 0 0 0 0 0 0 0 0 0 0 0 0 0 0 0 0 0 0 0 0 0 0 0 0 0 0 0 0 0 0 0 0 0 0 0 0 0 0 0 0 0 0 0 0 0 0 0 0 0 0 0 0 0 0 0 0 0 0 0 77 68 79 32 101 120 116 114 97 32 100 97 116 97 32 108 111 99 107 0 0 0 0 0 0 0 0 0 0 0 0 0 0 0 0 0 0 0 0 0 0 0 0 0 0 0 0 0 0 0 0 0 0 0 0 0 0 0 0 0 0 0 0 0 0 0 0 0 0 0 0 0 0 0 0 0 0 0 0 0 0 0 0 0 0 0 0 0 0 0 0 0 0 0 0 0 0 0 0 0 0 0 0 0 0 0 0 0 0 0 0 0 0 0 0 0 0 0 0 0 0 0 0 0 0 0 0 0 0 0 0 0 0 0 0 0 0 2 0 0 41 183 12 0 1 0 0 0 0 0 0 0 0 0 0 0 2 0 0 0 0 0 0 0 0 0 0 0 0 0 0 0 254 255 255 255 0 0 0 0 0 0 0 0 data 0 oops 0
ciMethodData org/glassfish/gmbal/typelib/TypeEvaluator$EvalMapKey <init> (Ljava/lang/Class;Ljava/util/List;)V 2 99866 orig 264 120 103 193 71 249 127 0 0 40 191 50 184 195 1 0 0 64 1 0 0 0 0 0 0 0 0 0 0 0 0 0 0 0 0 0 0 0 0 0 0 0 0 0 0 0 0 0 0 0 0 0 0 0 0 0 0 0 0 0 0 0 0 0 0 0 0 0 0 0 0 0 0 0 0 0 0 0 0 0 0 77 68 79 32 101 120 116 114 97 32 100 97 116 97 32 108 111 99 107 0 0 0 0 0 0 0 0 0 0 0 0 0 0 0 0 0 0 0 0 0 0 0 0 0 0 0 0 0 0 0 0 0 0 0 0 0 0 0 0 0 0 0 0 0 0 0 0 0 0 0 0 0 0 0 0 0 0 0 0 0 0 0 0 0 0 0 0 0 0 0 0 0 0 0 0 0 0 0 0 0 0 0 0 0 1 0 0 0 0 0 0 0 0 0 0 0 0 0 0 0 1 0 0 0 0 0 0 0 0 0 0 0 0 0 0 0 0 2 0 0 209 32 12 0 1 0 0 0 0 0 0 0 0 0 0 0 2 0 0 0 0 0 3 0 2 0 0 0 16 0 0 0 254 255 255 255 2 0 3 0 0 0 0 0 data 2 0x30002 0x1841a oops 0
ciMethodData org/glassfish/gmbal/typelib/DeclarationFactory ecdecl (ILjava/lang/String;Ljava/lang/Class;Z)Lorg/glassfish/gmbal/typelib/EvaluatedClassDeclaration; 2 20487 orig 264 120 103 193 71 249 127 0 0 160 62 50 184 195 1 0 0 160 1 0 0 0 0 0 0 0 0 0 0 0 0 0 0 0 0 0 0 0 0 0 0 0 0 0 0 0 0 0 0 0 0 0 0 0 0 0 0 0 0 0 0 0 0 0 0 0 0 0 0 0 0 0 0 0 0 0 0 0 0 0 0 77 68 79 32 101 120 116 114 97 32 100 97 116 97 32 108 111 99 107 0 0 0 0 0 0 0 0 0 0 0 0 0 0 0 0 0 0 0 0 0 0 0 0 0 0 0 0 0 0 0 0 0 0 0 0 0 0 0 0 0 0 0 0 0 0 0 0 0 0 0 0 0 0 0 0 0 0 0 0 0 0 0 0 0 0 0 0 0 0 0 0 0 0 0 0 0 0 0 0 0 0 0 0 0 25 0 0 0 0 0 0 0 0 0 0 0 0 0 0 0 0 0 0 0 0 0 0 0 0 0 0 0 0 0 0 0 0 2 0 0 57 112 2 0 1 0 0 0 0 0 0 0 0 0 0 0 2 0 0 0 0 0 3 0 2 0 0 0 64 0 0 0 254 255 255 255 2 0 7 0 0 0 0 0 data 8 0x70002 0x4e07 0xf0002 0x4e07 0x170002 0x4e07 0x1c0002 0xf oops 0
ciMethodData org/glassfish/gmbal/typelib/DeclarationFactory ecdecl (ILjava/lang/String;Ljava/util/List;Ljava/util/List;Ljava/util/List;Ljava/lang/Class;Z)Lorg/glassfish/gmbal/typelib/EvaluatedClassDeclaration; 2 16909 orig 264 120 103 193 71 249 127 0 0 160 58 50 184 195 1 0 0 216 2 0 0 128 0 0 0 0 0 0 0 0 0 0 0 0 0 0 0 0 0 0 0 0 0 0 0 0 0 0 0 0 0 0 0 0 0 0 0 0 0 0 0 0 0 0 0 0 0 0 0 0 0 0 0 0 0 0 0 0 0 0 0 77 68 79 32 101 120 116 114 97 32 100 97 116 97 32 108 111 99 107 0 0 0 0 0 0 0 0 0 0 0 0 0 0 0 0 0 0 0 0 0 0 0 0 0 0 0 0 0 0 0 0 0 0 0 0 0 0 0 0 0 0 0 0 0 0 0 0 0 0 0 0 0 0 0 0 0 0 0 0 0 0 0 0 0 0 0 0 0 0 0 0 0 0 0 0 0 0 0 0 0 0 0 0 0 25 0 0 0 0 0 0 0 0 0 0 0 0 0 0 0 0 0 0 0 0 0 0 0 0 0 0 0 0 0 0 0 0 2 0 0 105 0 2 0 1 0 0 0 0 0 0 0 0 0 0 0 2 0 0 0 0 0 27 0 2 0 0 0 96 1 0 0 254 255 255 255 5 0 5 0 0 0 0 0 data 44 0x50005 0xa8 0x1c3b41768f0 0x3f65 0x0 0x0 0x90007 0xed9 0x80 0x3134 0x100005 0x0 0x1c3b5f96870 0x3134 0x0 0x0 0x150104 0x0 0x1c3b5f96920 0x303e 0x0 0x0 0x1c0007 0x303e 0xb0 0xfcf 0x2d0002 0xfcf 0x340005 0x0 0x1c3b5f96920 0xfcf 0x0 0x0 0x390007 0xed9 0x50 0xf6 0x420005 0x0 0x1c3b5f96870 0xf6 0x0 0x0 oops 5 2 java/lang/Class 12 java/util/HashMap 18 org/glassfish/gmbal/typelib/DeclarationFactory$EvaluatedClassDeclarationImpl 30 org/glassfish/gmbal/typelib/DeclarationFactory$EvaluatedClassDeclarationImpl 40 java/util/HashMap
ciMethodData org/glassfish/pfl/basic/algorithm/Algorithms map (Ljava/util/Collection;Ljava/util/Collection;Lorg/glassfish/pfl/basic/func/UnaryFunction;)V 2 82425 orig 264 120 103 193 71 249 127 0 0 144 123 49 184 195 1 0 0 160 2 0 0 0 0 0 0 0 0 0 0 0 0 0 0 0 0 0 0 0 0 0 0 0 0 0 0 0 0 0 0 0 0 0 0 0 0 0 0 0 0 0 0 0 0 0 0 0 0 0 0 0 0 0 0 0 0 0 0 0 0 0 0 77 68 79 32 101 120 116 114 97 32 100 97 116 97 32 108 111 99 107 0 0 0 0 0 0 0 0 0 0 0 0 0 0 0 0 0 0 0 0 0 0 0 0 0 0 0 0 0 0 0 0 0 0 0 0 0 0 0 0 0 0 0 0 0 0 0 0 0 0 0 0 0 0 0 0 0 0 0 0 0 0 0 0 0 0 0 0 0 0 0 0 0 0 0 0 0 0 0 0 0 0 0 0 0 17 0 0 0 0 0 0 0 0 0 0 0 0 0 0 0 0 0 0 0 0 0 0 0 0 0 0 0 0 0 0 0 105 2 0 0 81 194 5 0 129 252 9 0 0 0 0 0 0 0 0 0 2 0 0 0 1 0 9 0 2 0 0 0 72 1 0 0 254 255 255 255 5 0 1 0 0 0 0 0 data 41 0x10005 0x0 0x1c3b8d4dd20 0xab3d 0x1c3b8d53030 0xd0d 0x80005 0x0 0x1c3b9b61440 0x1d6e5 0x1c3b681f520 0x1fb6 0xd0007 0xb84a 0xe8 0x13e51 0x110005 0x0 0x1c3b9b61440 0x12ba8 0x1c3b681f520 0x12a9 0x1b0005 0xac1c 0x1c3b86547f0 0x7f8c 0x1c3b7f23340 0x12a9 0x240007 0x1a1a 0x50 0x12437 0x2a0005 0x0 0x1c3b8d53030 0x12437 0x0 0x0 0x300003 0x13e51 0xffffffffffffff00 oops 9 2 java/util/Arrays$ArrayList 4 java/util/ArrayList 8 java/util/AbstractList$Itr 10 java/util/ArrayList$Itr 18 java/util/AbstractList$Itr 20 java/util/ArrayList$Itr 24 org/glassfish/gmbal/typelib/TypeEvaluator$TypeEvaluationVisitor$1 26 org/glassfish/gmbal/typelib/TypeEvaluator$TypeEvaluationVisitor$2 34 java/util/ArrayList
ciMethodData org/glassfish/pfl/basic/algorithm/Algorithms map (Ljava/util/List;Lorg/glassfish/pfl/basic/func/UnaryFunction;)Ljava/util/List; 2 64895 orig 264 120 103 193 71 249 127 0 0 160 125 49 184 195 1 0 0 112 1 0 0 0 0 0 0 0 0 0 0 0 0 0 0 0 0 0 0 0 0 0 0 0 0 0 0 0 0 0 0 0 0 0 0 0 0 0 0 0 0 0 0 0 0 0 0 0 0 0 0 0 0 0 0 0 0 0 0 0 0 0 0 77 68 79 32 101 120 116 114 97 32 100 97 116 97 32 108 111 99 107 0 0 0 0 0 0 0 0 0 0 0 0 0 0 0 0 0 0 0 0 0 0 0 0 0 0 0 0 0 0 0 0 0 0 0 0 0 0 0 0 0 0 0 0 0 0 0 0 0 0 0 0 0 0 0 0 0 0 0 0 0 0 0 0 0 0 0 0 0 0 0 0 0 0 0 0 0 0 0 0 0 0 0 0 0 29 0 0 0 0 0 0 0 0 0 0 0 0 0 0 0 0 0 0 0 0 0 0 0 0 0 0 0 0 0 0 0 157 1 0 0 17 223 7 0 1 0 0 0 0 0 0 0 0 0 0 0 2 0 0 0 0 0 3 0 2 0 0 0 32 0 0 0 254 255 255 255 2 0 4 0 0 0 0 0 data 4 0x40002 0xfbe2 0xb0002 0x4 oops 0
ciMethodData org/glassfish/gmbal/typelib/TypeEvaluator$TypeEvaluationVisitor$OrderedResult add (Ljava/lang/Object;Ljava/lang/Object;)V 2 36426 orig 264 120 103 193 71 249 127 0 0 8 35 51 184 195 1 0 0 184 1 0 0 0 0 0 0 0 0 0 0 0 0 0 0 0 0 0 0 0 0 0 0 0 0 0 0 0 0 0 0 0 0 0 0 0 0 0 0 0 0 0 0 0 0 0 0 0 0 0 0 0 0 0 0 0 0 0 0 0 0 0 0 77 68 79 32 101 120 116 114 97 32 100 97 116 97 32 108 111 99 107 0 0 0 0 0 0 0 0 0 0 0 0 0 0 0 0 0 0 0 0 0 0 0 0 0 0 0 0 0 0 0 0 0 0 0 0 0 0 0 0 0 0 0 0 0 0 0 0 0 0 0 0 0 0 0 0 0 0 0 0 0 0 0 0 0 0 0 0 0 0 0 0 0 0 0 0 0 0 0 0 0 0 0 0 0 17 0 0 0 0 0 0 0 0 0 0 0 0 0 0 0 1 0 0 0 0 0 0 0 0 0 0 0 0 0 0 0 0 1 0 0 81 106 4 0 1 0 0 0 0 0 0 0 0 0 0 0 2 0 0 0 0 0 3 0 2 0 0 0 96 0 0 0 254 255 255 255 5 0 5 0 0 0 0 0 data 12 0x50005 0x0 0x1c3b8d53030 0x8d4a 0x0 0x0 0x110005 0x0 0x1c3b5f96870 0x8d4a 0x0 0x0 oops 2 2 java/util/ArrayList 8 java/util/HashMap
ciMethodData org/glassfish/gmbal/typelib/TypeEvaluator$TypeEvaluationVisitor message (Ljava/lang/String;)V 2 103371 orig 264 120 103 193 71 249 127 0 0 0 217 50 184 195 1 0 0 40 1 0 0 0 0 0 0 0 0 0 0 0 0 0 0 0 0 0 0 0 0 0 0 0 0 0 0 0 0 0 0 0 0 0 0 0 0 0 0 0 0 0 0 0 0 0 0 0 0 0 0 0 0 0 0 0 0 0 0 0 0 0 0 77 68 79 32 101 120 116 114 97 32 100 97 116 97 32 108 111 99 107 0 0 0 0 0 0 0 0 0 0 0 0 0 0 0 0 0 0 0 0 0 0 0 0 0 0 0 0 0 0 0 0 0 0 0 0 0 0 0 0 0 0 0 0 0 0 0 0 0 0 0 0 0 0 0 0 0 0 0 0 0 0 0 0 0 0 0 0 0 0 0 0 0 0 0 0 0 0 0 0 0 0 0 0 0 1 0 0 0 0 0 0 0 3 0 0 0 0 0 0 0 3 0 0 0 0 0 0 0 0 0 0 0 0 0 0 0 0 2 0 0 89 142 12 0 1 0 0 0 0 0 0 0 0 0 0 0 2 0 0 0 0 0 3 0 1 0 0 0 0 0 0 0 254 255 255 255 0 0 0 0 0 0 0 0 data 0 oops 0
ciMethodData org/glassfish/gmbal/typelib/EvaluatedDeclarationBase <init> ()V 2 58405 orig 264 120 103 193 71 249 127 0 0 24 121 50 184 195 1 0 0 48 1 0 0 0 0 0 0 0 0 0 0 0 0 0 0 0 0 0 0 0 0 0 0 0 0 0 0 0 0 0 0 0 0 0 0 0 0 0 0 0 0 0 0 0 0 0 0 0 0 0 0 0 0 0 0 0 0 0 0 0 0 0 0 77 68 79 32 101 120 116 114 97 32 100 97 116 97 32 108 111 99 107 0 0 0 0 0 0 0 0 0 0 0 0 0 0 0 0 0 0 0 0 0 0 0 0 0 0 0 0 0 0 0 0 0 0 0 0 0 0 0 0 0 0 0 0 0 0 0 0 0 0 0 0 0 0 0 0 0 0 0 0 0 0 0 0 0 0 0 0 0 0 0 0 0 0 0 0 0 0 0 0 0 0 0 0 0 1 0 0 0 0 0 0 0 0 0 0 0 0 0 0 0 1 0 0 0 0 0 0 0 0 0 0 0 0 0 0 0 0 2 0 0 41 17 7 0 1 0 0 0 0 0 0 0 0 0 0 0 2 0 0 0 0 0 3 0 2 0 0 0 16 0 0 0 254 255 255 255 2 0 1 0 0 0 0 0 data 2 0x10002 0xe225 oops 0
ciMethodData org/glassfish/gmbal/typelib/DeclarationFactory ecdecl (ILjava/lang/String;Ljava/lang/Class;)Lorg/glassfish/gmbal/typelib/EvaluatedClassDeclaration; 2 99839 orig 264 120 103 193 71 249 127 0 0 192 61 50 184 195 1 0 0 104 1 0 0 0 0 0 0 0 0 0 0 0 0 0 0 0 0 0 0 0 0 0 0 0 0 0 0 0 0 0 0 0 0 0 0 0 0 0 0 0 0 0 0 0 0 0 0 0 0 0 0 0 0 0 0 0 0 0 0 0 0 0 0 77 68 79 32 101 120 116 114 97 32 100 97 116 97 32 108 111 99 107 0 0 0 0 0 0 0 0 0 0 0 0 0 0 0 0 0 0 0 0 0 0 0 0 0 0 0 0 0 0 0 0 0 0 0 0 0 0 0 0 0 0 0 0 0 0 0 0 0 0 0 0 0 0 0 0 0 0 0 0 0 0 0 0 0 0 0 0 0 0 0 0 0 0 0 0 0 0 0 0 0 0 0 0 0 17 0 0 0 0 0 0 0 0 0 0 0 0 0 0 0 0 0 0 0 0 0 0 0 0 0 0 0 0 0 0 0 0 2 0 0 249 31 12 0 1 0 0 0 0 0 0 0 0 0 0 0 2 0 0 0 0 0 3 0 2 0 0 0 16 0 0 0 254 255 255 255 2 0 4 0 0 0 0 0 data 2 0x40002 0x2d49 oops 0
ciMethodData org/glassfish/gmbal/typelib/TypeEvaluator$TypeEvaluationVisitor$OrderedResult <init> ()V 2 99839 orig 264 120 103 193 71 249 127 0 0 232 32 51 184 195 1 0 0 80 1 0 0 0 0 0 0 0 0 0 0 0 0 0 0 0 0 0 0 0 0 0 0 0 0 0 0 0 0 0 0 0 0 0 0 0 0 0 0 0 0 0 0 0 0 0 0 0 0 0 0 0 0 0 0 0 0 0 0 0 0 0 0 77 68 79 32 101 120 116 114 97 32 100 97 116 97 32 108 111 99 107 0 0 0 0 0 0 0 0 0 0 0 0 0 0 0 0 0 0 0 0 0 0 0 0 0 0 0 0 0 0 0 0 0 0 0 0 0 0 0 0 0 0 0 0 0 0 0 0 0 0 0 0 0 0 0 0 0 0 0 0 0 0 0 0 0 0 0 0 0 0 0 0 0 0 0 0 0 0 0 0 0 0 0 0 0 0 0 0 0 0 0 0 0 0 0 0 0 0 0 0 0 0 0 0 0 0 0 0 0 0 0 0 0 0 0 0 0 0 2 0 0 249 31 12 0 1 0 0 0 0 0 0 0 0 0 0 0 2 0 0 0 0 0 3 0 2 0 0 0 48 0 0 0 254 255 255 255 2 0 1 0 0 0 0 0 data 6 0x10002 0x183ff 0xa0002 0x183ff 0x150002 0x183ff oops 0
ciMethodData org/glassfish/gmbal/typelib/TypeEvaluator$TypeEvaluationVisitor getCorrectDeclaration (Lorg/glassfish/gmbal/typelib/TypeEvaluator$TypeEvaluationVisitor$OrderedResult;Ljava/lang/Class;Lorg/glassfish/gmbal/typelib/EvaluatedClassDeclaration;)Lorg/glassfish/gmbal/typelib/EvaluatedType; 2 99839 orig 264 120 103 193 71 249 127 0 0 208 231 50 184 195 1 0 0 144 3 0 0 8 2 0 0 0 0 0 0 0 0 0 0 0 0 0 0 0 0 0 0 0 0 0 0 0 0 0 0 0 0 0 0 0 0 0 0 0 0 0 0 0 0 0 0 0 0 0 0 0 0 0 0 0 0 0 0 0 0 0 0 77 68 79 32 101 120 116 114 97 32 100 97 116 97 32 108 111 99 107 0 0 0 0 0 0 0 0 0 0 0 0 0 0 0 0 0 0 0 0 0 0 0 0 0 0 0 0 0 0 0 0 0 0 0 0 0 0 0 0 0 0 0 0 0 0 0 0 0 0 0 0 0 0 0 0 0 0 0 0 0 0 0 0 0 0 0 0 0 0 0 0 0 0 0 0 0 0 0 0 0 0 0 0 0 0 0 0 0 0 0 0 0 0 0 0 0 0 0 0 0 0 0 0 0 0 0 0 0 0 0 0 0 0 0 0 0 0 2 0 0 249 31 12 0 1 0 0 0 0 0 0 0 0 0 0 0 2 0 0 0 0 0 12 0 2 0 0 0 48 2 0 0 254 255 255 255 5 0 4 0 0 0 0 0 data 70 0x40005 0x0 0x1c3b5f8fa20 0x183ff 0x0 0x0 0x100002 0x183ff 0x170005 0x0 0x1c3b8d53030 0x183ff 0x0 0x0 0x1c0007 0x115b1 0x50 0x6e4e 0x220005 0x0 0x1c3b5f96920 0x6e4e 0x0 0x0 0x270002 0x183ff 0x2c0005 0x0 0x1c3b5f96870 0x183ff 0x0 0x0 0x310104 0x0 0x1c3b5f96920 0x17154 0x0 0x0 0x380007 0x17154 0xc8 0x12ab 0x3e0002 0x12ab 0x410002 0x12ab 0x470005 0x0 0x1c3b5f96870 0x12ab 0x0 0x0 0x500005 0x0 0x1c3b5f8fa20 0x12ab 0x0 0x0 0x540002 0x12ab 0x5a0003 0x12ab 0x28 0x600002 0x17154 0x630003 0x183ff 0x28 0x680002 0x0 oops 7 2 org/glassfish/gmbal/typelib/TypeEvaluator$TypeEvaluationVisitor$OrderedResult 10 java/util/ArrayList 20 org/glassfish/gmbal/typelib/DeclarationFactory$EvaluatedClassDeclarationImpl 28 java/util/HashMap 34 org/glassfish/gmbal/typelib/DeclarationFactory$EvaluatedClassDeclarationImpl 48 java/util/HashMap 54 org/glassfish/gmbal/typelib/TypeEvaluator$TypeEvaluationVisitor$OrderedResult
ciMethodData org/glassfish/gmbal/typelib/TypeEvaluator$TypeEvaluationVisitor processClass (Lorg/glassfish/gmbal/typelib/EvaluatedClassDeclaration;Ljava/util/Map;Ljava/lang/Class;)V 2 4838 orig 264 120 103 193 71 249 127 0 0 200 233 50 184 195 1 0 0 184 3 0 0 0 0 0 0 0 0 0 0 0 0 0 0 0 0 0 0 0 0 0 0 0 0 0 0 0 0 0 0 0 0 0 0 0 0 0 0 0 0 0 0 0 0 0 0 0 0 0 0 0 0 0 0 0 0 0 0 0 0 0 0 77 68 79 32 101 120 116 114 97 32 100 97 116 97 32 108 111 99 107 0 0 0 0 0 0 0 0 0 0 0 0 0 0 0 0 0 0 0 0 0 0 0 0 0 0 0 0 0 0 0 0 0 0 0 0 0 0 0 0 0 0 0 0 0 0 0 0 0 0 0 0 0 0 0 0 0 0 0 0 0 0 0 0 0 0 0 0 0 0 0 0 0 0 0 0 0 0 0 0 0 0 0 0 0 25 0 0 0 0 0 0 0 0 0 0 0 0 0 0 0 0 0 0 0 0 0 0 0 0 0 0 0 0 0 0 0 60 0 0 0 81 149 0 0 1 0 0 0 0 0 0 0 0 0 0 0 2 0 0 0 0 0 27 0 2 0 0 0 88 2 0 0 254 255 255 255 5 0 4 0 0 0 0 0 data 75 0x40005 0x0 0x1c3b7f228b0 0x12aa 0x0 0x0 0xc0005 0x0 0x1c3b7f228b0 0x12aa 0x0 0x0 0x110002 0x12aa 0x190002 0x12aa 0x1c0002 0x12aa 0x260002 0x12aa 0x2c0005 0x0 0x1c3b5f96920 0x12aa 0x0 0x0 0x320002 0x12aa 0x3b0002 0x12aa 0x3e0002 0x12aa 0x460005 0x0 0x1c3b5f96920 0x12aa 0x0 0x0 0x4c0002 0x12aa 0x550002 0x12aa 0x580002 0x12aa 0x600005 0x0 0x1c3b5f96920 0x12aa 0x0 0x0 0x660005 0x0 0x1c3b5f96920 0x12aa 0x0 0x0 0x6f0002 0x12aa 0x760005 0x0 0x1c3b7f228b0 0x12aa 0x0 0x0 0x790003 0x12aa 0x58 0x7e0002 0x0 0x8a0005 0x0 0x0 0x0 0x0 0x0 oops 7 2 org/glassfish/pfl/basic/contain/Display 8 org/glassfish/pfl/basic/contain/Display 22 org/glassfish/gmbal/typelib/DeclarationFactory$EvaluatedClassDeclarationImpl 34 org/glassfish/gmbal/typelib/DeclarationFactory$EvaluatedClassDeclarationImpl 46 org/glassfish/gmbal/typelib/DeclarationFactory$EvaluatedClassDeclarationImpl 52 org/glassfish/gmbal/typelib/DeclarationFactory$EvaluatedClassDeclarationImpl 60 org/glassfish/pfl/basic/contain/Display
ciMethodData org/glassfish/gmbal/typelib/TypeEvaluator$PartialDefinitions getKey (Ljava/lang/reflect/ParameterizedType;)Lorg/glassfish/pfl/basic/contain/Pair; 2 87820 orig 264 120 103 193 71 249 127 0 0 32 20 51 184 195 1 0 0 104 2 0 0 16 0 0 0 0 0 0 0 0 0 0 0 0 0 0 0 0 0 0 0 0 0 0 0 0 0 0 0 0 0 0 0 0 0 0 0 0 0 0 0 0 0 0 0 0 0 0 0 0 0 0 0 0 0 0 0 0 0 0 0 77 68 79 32 101 120 116 114 97 32 100 97 116 97 32 108 111 99 107 0 0 0 0 0 0 0 0 0 0 0 0 0 0 0 0 0 0 0 0 0 0 0 0 0 0 0 0 0 0 0 0 0 0 0 0 0 0 0 0 0 0 0 0 0 0 0 0 0 0 0 0 0 0 0 0 0 0 0 0 0 0 0 0 0 0 0 0 0 0 0 0 0 0 0 0 0 0 0 0 0 0 0 0 0 25 0 0 0 0 0 0 0 1 0 0 0 0 0 0 0 1 0 0 0 0 0 0 0 0 0 0 0 0 0 0 0 178 2 0 0 153 102 8 0 209 162 10 0 0 0 0 0 0 0 0 0 2 0 0 0 1 0 19 0 2 0 0 0 24 1 0 0 254 255 255 255 2 0 4 0 0 0 0 0 data 35 0x40002 0x10cd3 0x90005 0x0 0x1c3b6103eb0 0x10cd3 0x0 0x0 0x1a0007 0x10cd3 0x68 0x15458 0x260005 0x0 0x1c3b8d53030 0x15458 0x0 0x0 0x2f0003 0x15458 0xffffffffffffffb0 0x370005 0x0 0x1c3b6103eb0 0x10cd3 0x0 0x0 0x3c0004 0x0 0x1c3b41768f0 0x10cd3 0x0 0x0 0x400002 0x10cd3 oops 4 4 sun/reflect/generics/reflectiveObjects/ParameterizedTypeImpl 14 java/util/ArrayList 23 sun/reflect/generics/reflectiveObjects/ParameterizedTypeImpl 29 java/lang/Class
ciMethodData org/glassfish/gmbal/typelib/TypeEvaluator$TypeEvaluationVisitor$4 evaluate (Ljava/lang/Object;)Ljava/lang/Object; 2 50381 orig 264 120 103 193 71 249 127 0 0 48 54 51 184 195 1 0 0 176 1 0 0 0 0 0 0 0 0 0 0 0 0 0 0 0 0 0 0 0 0 0 0 0 0 0 0 0 0 0 0 0 0 0 0 0 0 0 0 0 0 0 0 0 0 0 0 0 0 0 0 0 0 0 0 0 0 0 0 0 0 0 0 77 68 79 32 101 120 116 114 97 32 100 97 116 97 32 108 111 99 107 0 0 0 0 0 0 0 0 0 0 0 0 0 0 0 0 0 0 0 0 0 0 0 0 0 0 0 0 0 0 0 0 0 0 0 0 0 0 0 0 0 0 0 0 0 0 0 0 0 0 0 0 0 0 0 0 0 0 0 0 0 0 0 0 0 0 0 0 0 0 0 0 0 0 0 0 0 0 0 0 0 0 0 0 0 0 0 0 0 0 0 0 0 0 0 0 0 0 0 0 0 0 0 0 0 0 0 0 0 0 0 0 0 0 0 0 0 128 1 0 0 105 26 6 0 1 0 0 0 0 0 0 0 0 0 0 0 2 0 0 0 0 0 3 0 2 0 0 0 96 0 0 0 254 255 255 255 4 0 2 0 0 0 0 0 data 12 0x20004 0x0 0x1c3b4177f20 0xc34d 0x0 0x0 0x50005 0x0 0x1c3b864ea00 0xc34d 0x0 0x0 oops 2 2 java/lang/reflect/Method 8 org/glassfish/gmbal/typelib/TypeEvaluator$TypeEvaluationVisitor$4
ciMethodData org/glassfish/gmbal/typelib/TypeEvaluator$TypeEvaluationVisitor$4 evaluate (Ljava/lang/reflect/Method;)Lorg/glassfish/gmbal/typelib/EvaluatedMethodDeclaration; 2 50381 orig 264 120 103 193 71 249 127 0 0 136 53 51 184 195 1 0 0 96 1 0 0 0 0 0 0 0 0 0 0 0 0 0 0 0 0 0 0 0 0 0 0 0 0 0 0 0 0 0 0 0 0 0 0 0 0 0 0 0 0 0 0 0 0 0 0 0 0 0 0 0 0 0 0 0 0 0 0 0 0 0 0 77 68 79 32 101 120 116 114 97 32 100 97 116 97 32 108 111 99 107 0 0 0 0 0 0 0 0 0 0 0 0 0 0 0 0 0 0 0 0 0 0 0 0 0 0 0 0 0 0 0 0 0 0 0 0 0 0 0 0 0 0 0 0 0 0 0 0 0 0 0 0 0 0 0 0 0 0 0 0 0 0 0 0 0 0 0 0 0 0 0 0 0 0 0 0 0 0 0 0 0 0 0 0 0 0 0 0 0 0 0 0 0 0 0 0 0 0 0 0 0 0 0 0 0 0 0 0 0 0 0 0 0 0 0 0 0 128 1 0 0 105 26 6 0 1 0 0 0 0 0 0 0 0 0 0 0 2 0 0 0 0 0 3 0 2 0 0 0 16 0 0 0 254 255 255 255 2 0 9 0 0 0 0 0 data 2 0x90002 0xc34d oops 0
ciMethodData org/glassfish/gmbal/typelib/TypeEvaluator$TypeEvaluationVisitor access$600 (Lorg/glassfish/gmbal/typelib/TypeEvaluator$TypeEvaluationVisitor;Lorg/glassfish/gmbal/typelib/EvaluatedClassDeclaration;Ljava/lang/reflect/Method;)Lorg/glassfish/gmbal/typelib/EvaluatedMethodDeclaration; 2 50381 orig 264 120 103 193 71 249 127 0 0 176 239 50 184 195 1 0 0 64 1 0 0 0 0 0 0 0 0 0 0 0 0 0 0 0 0 0 0 0 0 0 0 0 0 0 0 0 0 0 0 0 0 0 0 0 0 0 0 0 0 0 0 0 0 0 0 0 0 0 0 0 0 0 0 0 0 0 0 0 0 0 0 77 68 79 32 101 120 116 114 97 32 100 97 116 97 32 108 111 99 107 0 0 0 0 0 0 0 0 0 0 0 0 0 0 0 0 0 0 0 0 0 0 0 0 0 0 0 0 0 0 0 0 0 0 0 0 0 0 0 0 0 0 0 0 0 0 0 0 0 0 0 0 0 0 0 0 0 0 0 0 0 0 0 0 0 0 0 0 0 0 0 0 0 0 0 0 0 0 0 0 0 0 0 0 0 0 0 0 0 0 0 0 0 0 0 0 0 0 0 0 0 0 0 0 0 0 0 0 0 0 0 0 0 0 0 0 0 128 1 0 0 105 26 6 0 1 0 0 0 0 0 0 0 0 0 0 0 2 0 0 0 0 0 3 0 2 0 0 0 16 0 0 0 254 255 255 255 2 0 3 0 0 0 0 0 data 2 0x30002 0xc34d oops 0
ciMethodData org/glassfish/gmbal/typelib/TypeEvaluator$TypeEvaluationVisitor visitMethodDeclaration (Lorg/glassfish/gmbal/typelib/EvaluatedClassDeclaration;Ljava/lang/reflect/Method;)Lorg/glassfish/gmbal/typelib/EvaluatedMethodDeclaration; 2 50381 orig 264 120 103 193 71 249 127 0 0 208 224 50 184 195 1 0 0 176 3 0 0 48 2 0 0 0 0 0 0 0 0 0 0 0 0 0 0 0 0 0 0 0 0 0 0 0 0 0 0 0 0 0 0 0 0 0 0 0 0 0 0 0 0 0 0 0 0 0 0 0 0 0 0 0 0 0 0 0 0 0 0 77 68 79 32 101 120 116 114 97 32 100 97 116 97 32 108 111 99 107 0 0 0 0 0 0 0 0 0 0 0 0 0 0 0 0 0 0 0 0 0 0 0 0 0 0 0 0 0 0 0 0 0 0 0 0 0 0 0 0 0 0 0 0 0 0 0 0 0 0 0 0 0 0 0 0 0 0 0 0 0 0 0 0 0 0 0 0 0 0 0 0 0 0 0 0 0 0 0 0 0 0 0 0 0 0 0 0 0 0 0 0 0 0 0 0 0 0 0 0 0 0 0 0 0 0 0 0 0 0 0 0 0 0 0 0 0 128 1 0 0 105 26 6 0 1 0 0 0 0 0 0 0 0 0 0 0 2 0 0 0 0 0 41 0 2 0 0 0 88 2 0 0 254 255 255 255 5 0 1 0 0 0 0 0 data 75 0x10005 0x50 0x1c3b4177f20 0xc2fd 0x0 0x0 0x40002 0xc34d 0xc0002 0xc34d 0xf0002 0xc34d 0x170002 0xc34d 0x1b0005 0x50 0x1c3b4177f20 0xc2fd 0x0 0x0 0x200005 0x50 0x1c3b4176860 0xc2fd 0x0 0x0 0x230007 0xc34d 0x30 0x0 0x290002 0x0 0x310005 0x50 0x1c3b4177f20 0xc2fd 0x0 0x0 0x360005 0x50 0x1c3b4177f20 0xc2fd 0x0 0x0 0x390005 0x0 0x1c3b8651d80 0xc34d 0x0 0x0 0x3d0005 0x50 0x1c3b4177f20 0xc2fd 0x0 0x0 0x420002 0xc34d 0x4b0005 0x0 0x1c3b4177f20 0xc34d 0x0 0x0 0x4e0007 0xc34d 0x30 0x0 0x570002 0x0 0x5b0003 0xc34d 0x28 0x600002 0x0 oops 8 2 java/lang/reflect/Method 16 java/lang/reflect/Method 22 java/lang/String 34 java/lang/reflect/Method 40 java/lang/reflect/Method 46 org/glassfish/gmbal/typelib/TypeEvaluator$TypeEvaluationVisitor 52 java/lang/reflect/Method 60 java/lang/reflect/Method
ciMethodData org/glassfish/gmbal/typelib/TypeEvaluator$TypeEvaluationVisitor describe (Ljava/lang/String;Ljava/lang/Object;)V 2 60057 orig 264 120 103 193 71 249 127 0 0 56 216 50 184 195 1 0 0 48 1 0 0 0 0 0 0 0 0 0 0 0 0 0 0 0 0 0 0 0 0 0 0 0 0 0 0 0 0 0 0 0 0 0 0 0 0 0 0 0 0 0 0 0 0 0 0 0 0 0 0 0 0 0 0 0 0 0 0 0 0 0 0 77 68 79 32 101 120 116 114 97 32 100 97 116 97 32 108 111 99 107 0 0 0 0 0 0 0 0 0 0 0 0 0 0 0 0 0 0 0 0 0 0 0 0 0 0 0 0 0 0 0 0 0 0 0 0 0 0 0 0 0 0 0 0 0 0 0 0 0 0 0 0 0 0 0 0 0 0 0 0 0 0 0 0 0 0 0 0 0 0 0 0 0 0 0 0 0 0 0 0 0 0 0 0 0 0 0 0 0 0 0 0 0 0 0 0 0 0 0 0 0 0 0 0 0 0 0 0 0 0 0 0 0 0 0 0 0 0 2 0 0 201 68 7 0 1 0 0 0 0 0 0 0 0 0 0 0 2 0 0 0 0 0 3 0 1 0 0 0 0 0 0 0 254 255 255 255 0 0 0 0 0 0 0 0 data 0 oops 0
ciMethodData org/glassfish/gmbal/typelib/TypeEvaluator$TypeEvaluationVisitor$1 <init> (Lorg/glassfish/gmbal/typelib/TypeEvaluator$TypeEvaluationVisitor;)V 2 50381 orig 264 120 103 193 71 249 127 0 0 168 58 51 184 195 1 0 0 56 1 0 0 0 0 0 0 0 0 0 0 0 0 0 0 0 0 0 0 0 0 0 0 0 0 0 0 0 0 0 0 0 0 0 0 0 0 0 0 0 0 0 0 0 0 0 0 0 0 0 0 0 0 0 0 0 0 0 0 0 0 0 0 77 68 79 32 101 120 116 114 97 32 100 97 116 97 32 108 111 99 107 0 0 0 0 0 0 0 0 0 0 0 0 0 0 0 0 0 0 0 0 0 0 0 0 0 0 0 0 0 0 0 0 0 0 0 0 0 0 0 0 0 0 0 0 0 0 0 0 0 0 0 0 0 0 0 0 0 0 0 0 0 0 0 0 0 0 0 0 0 0 0 0 0 0 0 0 0 0 0 0 0 0 0 0 0 0 0 0 0 0 0 0 0 0 0 0 0 0 0 0 0 0 0 0 0 0 0 0 0 0 0 0 0 0 0 0 0 143 1 0 0 241 25 6 0 1 0 0 0 0 0 0 0 0 0 0 0 2 0 0 0 0 0 3 0 2 0 0 0 16 0 0 0 254 255 255 255 2 0 6 0 0 0 0 0 data 2 0x60002 0xc33e oops 0
ciMethodData org/glassfish/gmbal/typelib/DeclarationFactory emdecl (Lorg/glassfish/gmbal/typelib/EvaluatedClassDeclaration;ILorg/glassfish/gmbal/typelib/EvaluatedType;Ljava/lang/String;Ljava/util/List;Ljava/lang/reflect/Method;)Lorg/glassfish/gmbal/typelib/EvaluatedMethodDeclaration; 2 50382 orig 264 120 103 193 71 249 127 0 0 232 60 50 184 195 1 0 0 88 1 0 0 0 0 0 0 0 0 0 0 0 0 0 0 0 0 0 0 0 0 0 0 0 0 0 0 0 0 0 0 0 0 0 0 0 0 0 0 0 0 0 0 0 0 0 0 0 0 0 0 0 0 0 0 0 0 0 0 0 0 0 0 77 68 79 32 101 120 116 114 97 32 100 97 116 97 32 108 111 99 107 0 0 0 0 0 0 0 0 0 0 0 0 0 0 0 0 0 0 0 0 0 0 0 0 0 0 0 0 0 0 0 0 0 0 0 0 0 0 0 0 0 0 0 0 0 0 0 0 0 0 0 0 0 0 0 0 0 0 0 0 0 0 0 0 0 0 0 0 0 0 0 0 0 0 0 0 0 0 0 0 0 0 0 0 0 0 0 0 0 0 0 0 0 0 0 0 0 0 0 0 0 0 0 0 0 0 0 0 0 0 0 0 0 0 0 0 0 146 1 0 0 225 25 6 0 1 0 0 0 0 0 0 0 0 0 0 0 2 0 0 0 0 0 0 0 0 0 0 0 16 0 0 0 254 255 255 255 2 0 12 0 0 0 0 0 data 2 0xc0002 0xc33c oops 0
ciMethodData org/glassfish/gmbal/typelib/DeclarationFactory$EvaluatedMethodDeclarationImpl <init> (Lorg/glassfish/gmbal/typelib/EvaluatedClassDeclaration;ILorg/glassfish/gmbal/typelib/EvaluatedType;Ljava/lang/String;Ljava/util/List;Ljava/lang/reflect/Method;)V 2 50382 orig 264 120 103 193 71 249 127 0 0 8 165 50 184 195 1 0 0 96 1 0 0 0 0 0 0 0 0 0 0 0 0 0 0 0 0 0 0 0 0 0 0 0 0 0 0 0 0 0 0 0 0 0 0 0 0 0 0 0 0 0 0 0 0 0 0 0 0 0 0 0 0 0 0 0 0 0 0 0 0 0 0 77 68 79 32 101 120 116 114 97 32 100 97 116 97 32 108 111 99 107 0 0 0 0 0 0 0 0 0 0 0 0 0 0 0 0 0 0 0 0 0 0 0 0 0 0 0 0 0 0 0 0 0 0 0 0 0 0 0 0 0 0 0 0 0 0 0 0 0 0 0 0 0 0 0 0 0 0 0 0 0 0 0 0 0 0 0 0 0 0 0 0 0 0 0 0 0 0 0 0 0 0 0 0 0 0 0 0 0 0 0 0 0 0 0 0 0 0 0 0 0 0 0 0 0 0 0 0 0 0 0 0 0 0 0 0 0 146 1 0 0 225 25 6 0 1 0 0 0 0 0 0 0 0 0 0 0 2 0 0 0 0 0 3 0 2 0 0 0 16 0 0 0 254 255 255 255 2 0 1 0 0 0 0 0 data 2 0x10002 0xc33c oops 0
ciMethodData org/glassfish/gmbal/typelib/DeclarationFactory$EvaluatedClassDeclarationImpl checkFrozen ()V 2 42962 orig 264 120 103 193 71 249 127 0 0 152 102 50 184 195 1 0 0 24 2 0 0 0 0 0 0 0 0 0 0 0 0 0 0 0 0 0 0 0 0 0 0 0 0 0 0 0 0 0 0 0 0 0 0 0 0 0 0 0 0 0 0 0 0 0 0 0 0 0 0 0 0 0 0 0 0 0 0 0 0 0 0 77 68 79 32 101 120 116 114 97 32 100 97 116 97 32 108 111 99 107 0 0 0 0 0 0 0 0 0 0 0 0 0 0 0 0 0 0 0 0 0 0 0 0 0 0 0 0 0 0 0 0 0 0 0 0 0 0 0 0 0 0 0 0 0 0 0 0 0 0 0 0 0 0 0 0 0 0 0 0 0 0 0 0 0 0 0 0 0 0 0 0 0 0 0 0 0 0 0 0 0 0 0 0 0 25 0 0 0 0 0 0 0 0 0 0 0 0 0 0 0 0 0 0 0 0 0 0 0 0 0 0 0 0 0 0 0 0 2 0 0 145 46 5 0 1 0 0 0 0 0 0 0 0 0 0 0 2 0 0 0 0 0 10 0 2 0 0 0 208 0 0 0 254 255 255 255 7 0 4 0 0 0 0 0 data 26 0x40007 0xa5d2 0xd0 0x0 0xf0002 0x0 0x140005 0x0 0x0 0x0 0x0 0x0 0x180005 0x0 0x0 0x0 0x0 0x0 0x1b0005 0x0 0x0 0x0 0x0 0x0 0x1e0002 0x0 oops 0
ciMethodData java/util/AbstractList equals (Ljava/lang/Object;)Z 2 7747 orig 264 120 103 193 71 249 127 0 0 64 112 195 175 195 1 0 0 200 4 0 0 208 0 0 0 0 0 0 0 0 0 0 0 0 0 0 0 0 0 0 0 0 0 0 0 0 0 0 0 0 0 0 0 0 0 0 0 0 0 0 0 0 0 0 0 0 0 0 0 0 0 0 0 0 0 0 0 0 0 0 0 77 68 79 32 101 120 116 114 97 32 100 97 116 97 32 108 111 99 107 0 0 0 0 0 0 0 0 0 0 0 0 0 0 0 0 0 0 0 0 0 0 0 0 0 0 0 0 0 0 0 0 0 0 0 0 0 0 0 0 0 0 0 0 0 0 0 0 0 0 0 0 0 0 0 0 0 0 0 0 0 0 0 0 0 0 0 0 0 0 0 0 0 0 0 0 0 0 0 0 0 0 0 0 0 17 0 0 0 0 0 0 0 0 0 0 0 0 0 0 0 0 0 0 0 0 0 0 0 0 0 0 0 0 0 0 0 156 1 0 0 57 229 0 0 201 49 0 0 0 0 0 0 0 0 0 0 2 0 0 0 1 0 27 0 2 0 0 0 120 3 0 0 254 255 255 255 7 0 2 0 0 0 0 0 data 111 0x20007 0x1ca7 0x20 0x0 0x80004 0x0 0x1c3b8d53030 0x1ca7 0x0 0x0 0xb0007 0x1ca7 0x20 0x0 0x110005 0x0 0x1c3b8d53030 0x1ca7 0x0 0x0 0x160004 0x0 0x1c3b8d53030 0x1ca7 0x0 0x0 0x190005 0x0 0x1c3b8d53030 0x1ca7 0x0 0x0 0x200005 0x0 0x1c3b7f374a0 0x22e0 0x0 0x0 0x250007 0x1ca7 0x190 0x639 0x290005 0x0 0x1c3b7f374a0 0x639 0x0 0x0 0x2e0007 0x0 0x140 0x639 0x320005 0x0 0x1c3b7f374a0 0x639 0x0 0x0 0x3a0005 0x0 0x1c3b7f374a0 0x639 0x0 0x0 0x430007 0x639 0x58 0x0 0x480007 0x0 0x88 0x0 0x4b0003 0x0 0x68 0x520005 0x203 0x1c3b7fd6bd0 0x1aa 0x1c3b5f96920 0x28c 0x550007 0x639 0x20 0x0 0x5a0003 0x639 0xfffffffffffffe58 0x5e0005 0x0 0x1c3b7f374a0 0x1ca7 0x0 0x0 0x630007 0x0 0x88 0x1ca7 0x670005 0x0 0x1c3b7f374a0 0x1ca7 0x0 0x0 0x6c0007 0x0 0x38 0x1ca7 0x700003 0x1ca7 0x18 oops 12 6 java/util/ArrayList 16 java/util/ArrayList 22 java/util/ArrayList 28 java/util/ArrayList 34 java/util/ArrayList$ListItr 44 java/util/ArrayList$ListItr 54 java/util/ArrayList$ListItr 60 java/util/ArrayList$ListItr 77 sun/reflect/generics/reflectiveObjects/WildcardTypeImpl 79 org/glassfish/gmbal/typelib/DeclarationFactory$EvaluatedClassDeclarationImpl 90 java/util/ArrayList$ListItr 100 java/util/ArrayList$ListItr
ciMethodData java/lang/reflect/Method getGenericReturnType ()Ljava/lang/reflect/Type; 2 50777 orig 264 120 103 193 71 249 127 0 0 88 33 187 175 195 1 0 0 8 2 0 0 96 0 0 0 0 0 0 0 0 0 0 0 0 0 0 0 0 0 0 0 0 0 0 0 0 0 0 0 0 0 0 0 0 0 0 0 0 0 0 0 0 0 0 0 0 0 0 0 0 0 0 0 0 0 0 0 0 0 0 0 77 68 79 32 101 120 116 114 97 32 100 97 116 97 32 108 111 99 107 0 0 0 0 0 0 0 0 0 0 0 0 0 0 0 0 0 0 0 0 0 0 0 0 0 0 0 0 0 0 0 0 0 0 0 0 0 0 0 0 0 0 0 0 0 0 0 0 0 0 0 0 0 0 0 0 0 0 0 0 0 0 0 0 0 0 0 0 0 0 0 0 0 0 0 0 0 0 0 0 0 0 0 0 0 0 0 0 0 0 0 0 0 0 0 0 0 0 0 0 0 0 0 0 0 0 0 0 0 0 0 0 0 0 0 0 0 0 2 0 0 201 34 6 0 1 0 0 0 0 0 0 0 0 0 0 0 2 0 0 0 0 0 9 0 2 0 0 0 192 0 0 0 254 255 255 255 2 0 1 0 0 0 0 0 data 24 0x10002 0xc459 0x40007 0x6a5d 0x80 0x59fc 0x80005 0x16 0x1c3b4177f20 0x59e6 0x0 0x0 0xb0005 0x0 0x1c3b763bf40 0x59fc 0x0 0x0 0x100005 0xf 0x1c3b4177f20 0x6a4e 0x0 0x0 oops 3 8 java/lang/reflect/Method 14 sun/reflect/generics/repository/MethodRepository 20 java/lang/reflect/Method
ciMethodData java/lang/reflect/Method getGenericInfo ()Lsun/reflect/generics/repository/MethodRepository; 2 74644 orig 264 120 103 193 71 249 127 0 0 8 26 187 175 195 1 0 0 152 1 0 0 0 0 0 0 0 0 0 0 0 0 0 0 0 0 0 0 0 0 0 0 0 0 0 0 0 0 0 0 0 0 0 0 0 0 0 0 0 0 0 0 0 0 0 0 0 0 0 0 0 0 0 0 0 0 0 0 0 0 0 0 77 68 79 32 101 120 116 114 97 32 100 97 116 97 32 108 111 99 107 0 0 0 0 0 0 0 0 0 0 0 0 0 0 0 0 0 0 0 0 0 0 0 0 0 0 0 0 0 0 0 0 0 0 0 0 0 0 0 0 0 0 0 0 0 0 0 0 0 0 0 0 0 0 0 0 0 0 0 0 0 0 0 0 0 0 0 0 0 0 0 0 0 0 0 0 0 0 0 0 0 0 0 0 0 0 0 0 0 0 0 0 0 0 0 0 0 0 0 0 0 0 0 0 0 0 0 0 0 0 0 0 0 0 0 0 0 54 1 0 0 241 18 9 0 1 0 0 0 0 0 0 0 0 0 0 0 2 0 0 0 0 0 6 0 2 0 0 0 80 0 0 0 254 255 255 255 7 0 4 0 0 0 0 0 data 10 0x40007 0xc874 0x50 0x59ea 0x90002 0x59ea 0xd0002 0x59ea 0x100002 0x59ea oops 0
ciMethodData java/lang/reflect/Method getFactory ()Lsun/reflect/generics/factory/GenericsFactory; 2 23105 orig 264 120 103 193 71 249 127 0 0 88 25 187 175 195 1 0 0 104 1 0 0 0 0 0 0 0 0 0 0 0 0 0 0 0 0 0 0 0 0 0 0 0 0 0 0 0 0 0 0 0 0 0 0 0 0 0 0 0 0 0 0 0 0 0 0 0 0 0 0 0 0 0 0 0 0 0 0 0 0 0 0 77 68 79 32 101 120 116 114 97 32 100 97 116 97 32 108 111 99 107 0 0 0 0 0 0 0 0 0 0 0 0 0 0 0 0 0 0 0 0 0 0 0 0 0 0 0 0 0 0 0 0 0 0 0 0 0 0 0 0 0 0 0 0 0 0 0 0 0 0 0 0 0 0 0 0 0 0 0 0 0 0 0 0 0 0 0 0 0 0 0 0 0 0 0 0 0 0 0 0 0 0 0 0 0 0 0 0 0 0 0 0 0 0 0 0 0 0 0 0 0 0 0 0 0 0 0 0 0 0 0 0 0 0 0 0 0 88 0 0 0 73 207 2 0 1 0 0 0 0 0 0 0 0 0 0 0 2 0 0 0 0 0 0 0 0 0 0 0 32 0 0 0 254 255 255 255 2 0 2 0 0 0 0 0 data 4 0x20002 0x59e9 0x50002 0x59e9 oops 0
ciMethodData sun/reflect/generics/scope/MethodScope make (Ljava/lang/reflect/Method;)Lsun/reflect/generics/scope/MethodScope; 2 23105 orig 264 120 103 193 71 249 127 0 0 120 65 17 176 195 1 0 0 48 1 0 0 0 0 0 0 0 0 0 0 0 0 0 0 0 0 0 0 0 0 0 0 0 0 0 0 0 0 0 0 0 0 0 0 0 0 0 0 0 0 0 0 0 0 0 0 0 0 0 0 0 0 0 0 0 0 0 0 0 0 0 0 77 68 79 32 101 120 116 114 97 32 100 97 116 97 32 108 111 99 107 0 0 0 0 0 0 0 0 0 0 0 0 0 0 0 0 0 0 0 0 0 0 0 0 0 0 0 0 0 0 0 0 0 0 0 0 0 0 0 0 0 0 0 0 0 0 0 0 0 0 0 0 0 0 0 0 0 0 0 0 0 0 0 0 0 0 0 0 0 0 0 0 0 0 0 0 0 0 0 0 0 0 0 0 0 0 0 0 0 0 0 0 0 0 0 0 0 0 0 0 0 0 0 0 0 0 0 0 0 0 0 0 0 0 0 0 0 88 0 0 0 73 207 2 0 1 0 0 0 0 0 0 0 0 0 0 0 2 0 0 0 0 0 0 0 0 0 0 0 16 0 0 0 254 255 255 255 2 0 5 0 0 0 0 0 data 2 0x50002 0x59e9 oops 0
ciMethodData sun/reflect/generics/scope/MethodScope <init> (Ljava/lang/reflect/Method;)V 2 23105 orig 264 120 103 193 71 249 127 0 0 168 63 17 176 195 1 0 0 56 1 0 0 0 0 0 0 0 0 0 0 0 0 0 0 0 0 0 0 0 0 0 0 0 0 0 0 0 0 0 0 0 0 0 0 0 0 0 0 0 0 0 0 0 0 0 0 0 0 0 0 0 0 0 0 0 0 0 0 0 0 0 0 77 68 79 32 101 120 116 114 97 32 100 97 116 97 32 108 111 99 107 0 0 0 0 0 0 0 0 0 0 0 0 0 0 0 0 0 0 0 0 0 0 0 0 0 0 0 0 0 0 0 0 0 0 0 0 0 0 0 0 0 0 0 0 0 0 0 0 0 0 0 0 0 0 0 0 0 0 0 0 0 0 0 0 0 0 0 0 0 0 0 0 0 0 0 0 0 0 0 0 0 0 0 0 0 0 0 0 0 0 0 0 0 0 0 0 0 0 0 0 0 0 0 0 0 0 0 0 0 0 0 0 0 0 0 0 0 88 0 0 0 73 207 2 0 1 0 0 0 0 0 0 0 0 0 0 0 2 0 0 0 0 0 0 0 0 0 0 0 16 0 0 0 254 255 255 255 2 0 2 0 0 0 0 0 data 2 0x20002 0x59e9 oops 0
ciMethodData sun/reflect/generics/repository/MethodRepository make (Ljava/lang/String;Lsun/reflect/generics/factory/GenericsFactory;)Lsun/reflect/generics/repository/MethodRepository; 2 23105 orig 264 120 103 193 71 249 127 0 0 240 69 17 176 195 1 0 0 56 1 0 0 0 0 0 0 0 0 0 0 0 0 0 0 0 0 0 0 0 0 0 0 0 0 0 0 0 0 0 0 0 0 0 0 0 0 0 0 0 0 0 0 0 0 0 0 0 0 0 0 0 0 0 0 0 0 0 0 0 0 0 0 77 68 79 32 101 120 116 114 97 32 100 97 116 97 32 108 111 99 107 0 0 0 0 0 0 0 0 0 0 0 0 0 0 0 0 0 0 0 0 0 0 0 0 0 0 0 0 0 0 0 0 0 0 0 0 0 0 0 0 0 0 0 0 0 0 0 0 0 0 0 0 0 0 0 0 0 0 0 0 0 0 0 0 0 0 0 0 0 0 0 0 0 0 0 0 0 0 0 0 0 0 0 0 0 0 0 0 0 0 0 0 0 0 0 0 0 0 0 0 0 0 0 0 0 0 0 0 0 0 0 0 0 0 0 0 0 88 0 0 0 73 207 2 0 1 0 0 0 0 0 0 0 0 0 0 0 2 0 0 0 0 0 0 0 0 0 0 0 16 0 0 0 254 255 255 255 2 0 6 0 0 0 0 0 data 2 0x60002 0x59e9 oops 0
ciMethodData sun/reflect/generics/repository/MethodRepository <init> (Ljava/lang/String;Lsun/reflect/generics/factory/GenericsFactory;)V 2 23105 orig 264 120 103 193 71 249 127 0 0 88 69 17 176 195 1 0 0 64 1 0 0 0 0 0 0 0 0 0 0 0 0 0 0 0 0 0 0 0 0 0 0 0 0 0 0 0 0 0 0 0 0 0 0 0 0 0 0 0 0 0 0 0 0 0 0 0 0 0 0 0 0 0 0 0 0 0 0 0 0 0 0 77 68 79 32 101 120 116 114 97 32 100 97 116 97 32 108 111 99 107 0 0 0 0 0 0 0 0 0 0 0 0 0 0 0 0 0 0 0 0 0 0 0 0 0 0 0 0 0 0 0 0 0 0 0 0 0 0 0 0 0 0 0 0 0 0 0 0 0 0 0 0 0 0 0 0 0 0 0 0 0 0 0 0 0 0 0 0 0 0 0 0 0 0 0 0 0 0 0 0 0 0 0 0 0 0 0 0 0 0 0 0 0 0 0 0 0 0 0 0 0 0 0 0 0 0 0 0 0 0 0 0 0 0 0 0 0 88 0 0 0 73 207 2 0 1 0 0 0 0 0 0 0 0 0 0 0 2 0 0 0 0 0 0 0 0 0 0 0 16 0 0 0 254 255 255 255 2 0 3 0 0 0 0 0 data 2 0x30002 0x59e9 oops 0
ciMethodData sun/reflect/generics/repository/ConstructorRepository <init> (Ljava/lang/String;Lsun/reflect/generics/factory/GenericsFactory;)V 2 23106 orig 264 120 103 193 71 249 127 0 0 240 74 17 176 195 1 0 0 64 1 0 0 0 0 0 0 0 0 0 0 0 0 0 0 0 0 0 0 0 0 0 0 0 0 0 0 0 0 0 0 0 0 0 0 0 0 0 0 0 0 0 0 0 0 0 0 0 0 0 0 0 0 0 0 0 0 0 0 0 0 0 0 77 68 79 32 101 120 116 114 97 32 100 97 116 97 32 108 111 99 107 0 0 0 0 0 0 0 0 0 0 0 0 0 0 0 0 0 0 0 0 0 0 0 0 0 0 0 0 0 0 0 0 0 0 0 0 0 0 0 0 0 0 0 0 0 0 0 0 0 0 0 0 0 0 0 0 0 0 0 0 0 0 0 0 0 0 0 0 0 0 0 0 0 0 0 0 0 0 0 0 0 0 0 0 0 0 0 0 0 0 0 0 0 0 0 0 0 0 0 0 0 0 0 0 0 0 0 0 0 0 0 0 0 0 0 0 0 89 0 0 0 73 207 2 0 1 0 0 0 0 0 0 0 0 0 0 0 2 0 0 0 0 0 0 0 0 0 0 0 16 0 0 0 254 255 255 255 2 0 3 0 0 0 0 0 data 2 0x30002 0x59e9 oops 0
ciMethodData sun/reflect/generics/repository/MethodRepository getReturnType ()Ljava/lang/reflect/Type; 2 23103 orig 264 120 103 193 71 249 127 0 0 176 70 17 176 195 1 0 0 136 2 0 0 0 0 0 0 0 0 0 0 0 0 0 0 0 0 0 0 0 0 0 0 0 0 0 0 0 0 0 0 0 0 0 0 0 0 0 0 0 0 0 0 0 0 0 0 0 0 0 0 0 0 0 0 0 0 0 0 0 0 0 0 77 68 79 32 101 120 116 114 97 32 100 97 116 97 32 108 111 99 107 0 0 0 0 0 0 0 0 0 0 0 0 0 0 0 0 0 0 0 0 0 0 0 0 0 0 0 0 0 0 0 0 0 0 0 0 0 0 0 0 0 0 0 0 0 0 0 0 0 0 0 0 0 0 0 0 0 0 0 0 0 0 0 0 0 0 0 0 0 0 0 0 0 0 0 0 0 0 0 0 0 0 0 0 0 0 0 0 0 0 0 0 0 0 0 0 0 0 0 0 0 0 0 0 0 0 0 0 0 0 0 0 0 0 0 0 0 86 0 0 0 73 207 2 0 1 0 0 0 0 0 0 0 0 0 0 0 2 0 0 0 0 0 8 0 2 0 0 0 64 1 0 0 254 255 255 255 7 0 4 0 0 0 0 0 data 40 0x40007 0x0 0x140 0x59e9 0x80005 0x0 0x1c3b763bf40 0x59e9 0x0 0x0 0xd0005 0x0 0x1c3b763bf40 0x59e9 0x0 0x0 0x100004 0x0 0x1c3b61023e0 0x59e9 0x0 0x0 0x130005 0x0 0x1c3b61023e0 0x59e9 0x0 0x0 0x170005 0x26df 0x1c3b8097650 0x90 0x1c3b6103d50 0x327a 0x1e0005 0x0 0x1c3b6102e90 0x59e9 0x0 0x0 oops 7 6 sun/reflect/generics/repository/MethodRepository 12 sun/reflect/generics/repository/MethodRepository 18 sun/reflect/generics/tree/MethodTypeSignature 24 sun/reflect/generics/tree/MethodTypeSignature 30 sun/reflect/generics/tree/LongSignature 32 sun/reflect/generics/tree/ClassTypeSignature 36 sun/reflect/generics/visitor/Reifier
ciMethodData java/util/HashMap$TreeNode getTreeNode (ILjava/lang/Object;)Ljava/util/HashMap$TreeNode; 1 199 orig 264 120 103 193 71 249 127 0 0 88 202 210 175 195 1 0 0 240 1 0 0 80 0 0 0 0 0 0 0 0 0 0 0 0 0 0 0 0 0 0 0 0 0 0 0 0 0 0 0 0 0 0 0 0 0 0 0 0 0 0 0 0 0 0 0 0 0 0 0 0 0 0 0 0 0 0 0 0 0 0 0 77 68 79 32 101 120 116 114 97 32 100 97 116 97 32 108 111 99 107 0 0 0 0 0 0 0 0 0 0 0 0 0 0 0 0 0 0 0 0 0 0 0 0 0 0 0 0 0 0 0 0 0 0 0 0 0 0 0 0 0 0 0 0 0 0 0 0 0 0 0 0 0 0 0 0 0 0 0 0 0 0 0 0 0 0 0 0 0 0 0 0 0 0 0 0 0 0 0 0 0 0 0 0 0 17 0 0 0 0 0 0 0 0 0 0 0 0 0 0 0 0 0 0 0 0 0 0 0 0 0 0 0 0 0 0 0 199 0 0 0 1 0 0 0 1 0 0 0 0 0 0 0 0 0 0 0 2 0 0 0 0 0 0 0 0 0 0 0 152 0 0 0 254 255 255 255 7 0 4 0 0 0 0 0 data 19 0x40007 0x0 0x68 0x0 0x80005 0x0 0x0 0x0 0x0 0x0 0xb0003 0x0 0x18 0x120005 0x0 0x0 0x0 0x0 0x0 oops 0
ciMethodData java/util/HashMap remove (Ljava/lang/Object;)Ljava/lang/Object; 2 67647 orig 264 120 103 193 71 249 127 0 0 64 171 197 175 195 1 0 0 200 1 0 0 16 0 0 0 0 0 0 0 0 0 0 0 0 0 0 0 0 0 0 0 0 0 0 0 0 0 0 0 0 0 0 0 0 0 0 0 0 0 0 0 0 0 0 0 0 0 0 0 0 0 0 0 0 0 0 0 0 0 0 0 77 68 79 32 101 120 116 114 97 32 100 97 116 97 32 108 111 99 107 0 0 0 0 0 0 0 0 0 0 0 0 0 0 0 0 0 0 0 0 0 0 0 0 0 0 0 0 0 0 0 0 0 0 0 0 0 0 0 0 0 0 0 0 0 1 0 0 0 0 0 0 0 0 0 0 0 0 0 0 0 0 0 0 0 0 0 0 0 0 0 0 0 0 0 0 0 0 0 0 0 0 0 0 0 0 0 0 0 0 0 0 0 0 0 0 0 0 0 0 0 0 0 0 0 0 0 0 0 0 0 0 0 0 0 0 0 0 2 0 0 169 11 1 0 1 0 0 0 49 32 0 0 0 0 0 0 2 0 0 0 0 0 9 0 2 0 0 0 120 0 0 0 254 255 255 255 2 0 2 0 0 0 0 0 data 15 0x20002 0x2175 0x90005 0x1e6 0x1c3b5f96870 0x1f8f 0x0 0x0 0xe0007 0x2173 0x38 0x3 0x120003 0x3 0x18 oops 1 4 java/util/HashMap
ciMethodData java/lang/reflect/Method getGenericParameterTypes ()[Ljava/lang/reflect/Type; 2 50686 orig 264 120 103 193 71 249 127 0 0 40 35 187 175 195 1 0 0 48 1 0 0 0 0 0 0 0 0 0 0 0 0 0 0 0 0 0 0 0 0 0 0 0 0 0 0 0 0 0 0 0 0 0 0 0 0 0 0 0 0 0 0 0 0 0 0 0 0 0 0 0 0 0 0 0 0 0 0 0 0 0 0 77 68 79 32 101 120 116 114 97 32 100 97 116 97 32 108 111 99 107 0 0 0 0 0 0 0 0 0 0 0 0 0 0 0 0 0 0 0 0 0 0 0 0 0 0 0 0 0 0 0 0 0 0 0 0 0 0 0 0 0 0 0 0 0 0 0 0 0 0 0 0 0 0 0 0 0 0 0 0 0 0 0 0 0 0 0 0 0 0 0 0 0 0 0 0 0 0 0 0 0 0 0 0 0 0 0 0 0 0 0 0 0 0 0 0 0 0 0 0 0 0 0 0 0 0 0 0 0 0 0 0 0 0 0 0 0 0 2 0 0 241 31 6 0 1 0 0 0 0 0 0 0 0 0 0 0 2 0 0 0 0 0 15 0 2 0 0 0 16 0 0 0 254 255 255 255 2 0 1 0 0 0 0 0 data 2 0x10002 0xc3fe oops 0
ciMethodData java/lang/reflect/Method hasGenericInformation ()Z 2 50686 orig 264 120 103 193 71 249 127 0 0 8 29 187 175 195 1 0 0 104 1 0 0 0 0 0 0 0 0 0 0 0 0 0 0 0 0 0 0 0 0 0 0 0 0 0 0 0 0 0 0 0 0 0 0 0 0 0 0 0 0 0 0 0 0 0 0 0 0 0 0 0 0 0 0 0 0 0 0 0 0 0 0 77 68 79 32 101 120 116 114 97 32 100 97 116 97 32 108 111 99 107 0 0 0 0 0 0 0 0 0 0 0 0 0 0 0 0 0 0 0 0 0 0 0 0 0 0 0 0 0 0 0 0 0 0 0 0 0 0 0 0 0 0 0 0 0 0 0 0 0 0 0 0 0 0 0 0 0 0 0 0 0 0 0 0 0 0 0 0 0 0 0 0 0 0 0 0 0 0 0 0 0 0 0 0 0 0 0 0 0 0 0 0 0 0 0 0 0 0 0 0 0 0 0 0 0 0 0 0 0 0 0 0 0 0 0 0 0 0 2 0 0 241 31 6 0 1 0 0 0 0 0 0 0 0 0 0 0 2 0 0 0 0 0 0 0 0 0 0 0 72 0 0 0 254 255 255 255 2 0 1 0 0 0 0 0 data 9 0x10002 0xc3fe 0x40007 0x6a3a 0x38 0x59c4 0x80003 0x59c4 0x18 oops 0
ciMethodData java/lang/reflect/Method getGenericInfo ()Lsun/reflect/generics/repository/ConstructorRepository; 2 23103 orig 264 120 103 193 71 249 127 0 0 184 50 187 175 195 1 0 0 120 1 0 0 0 0 0 0 0 0 0 0 0 0 0 0 0 0 0 0 0 0 0 0 0 0 0 0 0 0 0 0 0 0 0 0 0 0 0 0 0 0 0 0 0 0 0 0 0 0 0 0 0 0 0 0 0 0 0 0 0 0 0 0 77 68 79 32 101 120 116 114 97 32 100 97 116 97 32 108 111 99 107 0 0 0 0 0 0 0 0 0 0 0 0 0 0 0 0 0 0 0 0 0 0 0 0 0 0 0 0 0 0 0 0 0 0 0 0 0 0 0 0 0 0 0 0 0 0 0 0 0 0 0 0 0 0 0 0 0 0 0 0 0 0 0 0 0 0 0 0 0 0 0 0 0 0 0 0 0 0 0 0 0 0 0 0 0 0 0 0 0 0 0 0 0 0 0 0 0 0 0 0 0 0 0 0 0 0 0 0 0 0 0 0 0 0 0 0 0 141 0 0 0 145 205 2 0 1 0 0 0 0 0 0 0 0 0 0 0 2 0 0 0 0 0 0 0 0 0 0 0 48 0 0 0 254 255 255 255 5 0 1 0 0 0 0 0 data 6 0x10005 0x6 0x1c3b4177f20 0x59ac 0x0 0x0 oops 1 2 java/lang/reflect/Method
ciMethodData sun/reflect/generics/reflectiveObjects/LazyReflectiveObjectGenerator getReifier ()Lsun/reflect/generics/visitor/Reifier; 2 11572 orig 264 120 103 193 71 249 127 0 0 128 246 16 176 195 1 0 0 104 1 0 0 0 0 0 0 0 0 0 0 0 0 0 0 0 0 0 0 0 0 0 0 0 0 0 0 0 0 0 0 0 0 0 0 0 0 0 0 0 0 0 0 0 0 0 0 0 0 0 0 0 0 0 0 0 0 0 0 0 0 0 0 77 68 79 32 101 120 116 114 97 32 100 97 116 97 32 108 111 99 107 0 0 0 0 0 0 0 0 0 0 0 0 0 0 0 0 0 0 0 0 0 0 0 0 0 0 0 0 0 0 0 0 0 0 0 0 0 0 0 0 0 0 0 0 0 0 0 0 0 0 0 0 0 0 0 0 0 0 0 0 0 0 0 0 0 0 0 0 0 0 0 0 0 0 0 0 0 0 0 0 0 0 0 0 0 17 0 0 0 0 0 0 0 0 0 0 0 0 0 0 0 1 0 0 0 0 0 0 0 0 0 0 0 0 0 0 0 207 0 0 0 41 99 1 0 1 0 0 0 0 0 0 0 0 0 0 0 2 0 0 0 0 0 0 0 0 0 0 0 32 0 0 0 254 255 255 255 2 0 1 0 0 0 0 0 data 4 0x10002 0x2c65 0x40002 0x2c65 oops 0
ciMethodData sun/reflect/generics/repository/ConstructorRepository parse (Ljava/lang/String;)Lsun/reflect/generics/tree/Tree; 2 23106 orig 264 120 103 193 71 249 127 0 0 136 78 17 176 195 1 0 0 128 1 0 0 0 0 0 0 0 0 0 0 0 0 0 0 0 0 0 0 0 0 0 0 0 0 0 0 0 0 0 0 0 0 0 0 0 0 0 0 0 0 0 0 0 0 0 0 0 0 0 0 0 0 0 0 0 0 0 0 0 0 0 0 77 68 79 32 101 120 116 114 97 32 100 97 116 97 32 108 111 99 107 0 0 0 0 0 0 0 0 0 0 0 0 0 0 0 0 0 0 0 0 0 0 0 0 0 0 0 0 0 0 0 0 0 0 0 0 0 0 0 0 0 0 0 0 0 0 0 0 0 0 0 0 0 0 0 0 0 0 0 0 0 0 0 0 0 0 0 0 0 0 0 0 0 0 0 0 0 0 0 0 0 0 0 0 0 0 0 0 0 0 0 0 0 0 0 0 0 0 0 0 0 0 0 0 0 0 0 0 0 0 0 0 0 0 0 0 0 194 0 0 0 1 204 2 0 1 0 0 0 0 0 0 0 0 0 0 0 2 0 0 0 0 0 0 0 0 0 0 0 48 0 0 0 254 255 255 255 5 0 2 0 0 0 0 0 data 6 0x20005 0x0 0x1c3b763bf40 0x5980 0x0 0x0 oops 1 2 sun/reflect/generics/repository/MethodRepository
ciMethodData sun/reflect/generics/repository/ConstructorRepository parse (Ljava/lang/String;)Lsun/reflect/generics/tree/MethodTypeSignature; 2 23106 orig 264 120 103 193 71 249 127 0 0 136 75 17 176 195 1 0 0 144 1 0 0 0 0 0 0 0 0 0 0 0 0 0 0 0 0 0 0 0 0 0 0 0 0 0 0 0 0 0 0 0 0 0 0 0 0 0 0 0 0 0 0 0 0 0 0 0 0 0 0 0 0 0 0 0 0 0 0 0 0 0 0 77 68 79 32 101 120 116 114 97 32 100 97 116 97 32 108 111 99 107 0 0 0 0 0 0 0 0 0 0 0 0 0 0 0 0 0 0 0 0 0 0 0 0 0 0 0 0 0 0 0 0 0 0 0 0 0 0 0 0 0 0 0 0 0 0 0 0 0 0 0 0 0 0 0 0 0 0 0 0 0 0 0 0 0 0 0 0 0 0 0 0 0 0 0 0 0 0 0 0 0 0 0 0 0 0 0 0 0 0 0 0 0 0 0 0 0 0 0 0 0 0 0 0 0 0 0 0 0 0 0 0 0 0 0 0 0 194 0 0 0 1 204 2 0 1 0 0 0 0 0 0 0 0 0 0 0 2 0 0 0 0 0 0 0 0 0 0 0 64 0 0 0 254 255 255 255 2 0 0 0 0 0 0 0 data 8 0x2 0x5980 0x40005 0x0 0x1c3b9c81ad0 0x5980 0x0 0x0 oops 1 4 sun/reflect/generics/parser/SignatureParser
ciMethodData sun/reflect/generics/parser/SignatureParser parseMethodSig (Ljava/lang/String;)Lsun/reflect/generics/tree/MethodTypeSignature; 2 23106 orig 264 120 103 193 71 249 127 0 0 56 217 9 176 195 1 0 0 72 1 0 0 0 0 0 0 0 0 0 0 0 0 0 0 0 0 0 0 0 0 0 0 0 0 0 0 0 0 0 0 0 0 0 0 0 0 0 0 0 0 0 0 0 0 0 0 0 0 0 0 0 0 0 0 0 0 0 0 0 0 0 0 77 68 79 32 101 120 116 114 97 32 100 97 116 97 32 108 111 99 107 0 0 0 0 0 0 0 0 0 0 0 0 0 0 0 0 0 0 0 0 0 0 0 0 0 0 0 0 0 0 0 0 0 0 0 0 0 0 0 0 0 0 0 0 0 0 0 0 0 0 0 0 0 0 0 0 0 0 0 0 0 0 0 0 0 0 0 0 0 0 0 0 0 0 0 0 0 0 0 0 0 0 0 0 0 17 0 0 0 0 0 0 0 0 0 0 0 0 0 0 0 0 0 0 0 0 0 0 0 0 0 0 0 0 0 0 0 194 0 0 0 1 204 2 0 1 0 0 0 0 0 0 0 0 0 0 0 2 0 0 0 0 0 0 0 0 0 0 0 32 0 0 0 254 255 255 255 2 0 2 0 0 0 0 0 data 4 0x20002 0x5980 0x60002 0x5980 oops 0
ciMethodData org/glassfish/gmbal/typelib/EvaluatedMethodDeclarationBase <init> ()V 2 50382 orig 264 120 103 193 71 249 127 0 0 232 177 50 184 195 1 0 0 48 1 0 0 0 0 0 0 0 0 0 0 0 0 0 0 0 0 0 0 0 0 0 0 0 0 0 0 0 0 0 0 0 0 0 0 0 0 0 0 0 0 0 0 0 0 0 0 0 0 0 0 0 0 0 0 0 0 0 0 0 0 0 0 77 68 79 32 101 120 116 114 97 32 100 97 116 97 32 108 111 99 107 0 0 0 0 0 0 0 0 0 0 0 0 0 0 0 0 0 0 0 0 0 0 0 0 0 0 0 0 0 0 0 0 0 0 0 0 0 0 0 0 0 0 0 0 0 0 0 0 0 0 0 0 0 0 0 0 0 0 0 0 0 0 0 0 0 0 0 0 0 0 0 0 0 0 0 0 0 0 0 0 0 0 0 0 0 0 0 0 0 0 0 0 0 0 0 0 0 0 0 0 0 0 0 0 0 0 0 0 0 0 0 0 0 0 0 0 0 0 2 0 0 113 22 6 0 1 0 0 0 0 0 0 0 0 0 0 0 2 0 0 0 0 0 3 0 2 0 0 0 16 0 0 0 254 255 255 255 2 0 1 0 0 0 0 0 data 2 0x10002 0xc2ce oops 0
ciMethodData org/glassfish/pfl/basic/contain/Display lookup (Ljava/lang/Object;)Ljava/lang/Object; 2 115147 orig 264 120 103 193 71 249 127 0 0 160 8 51 184 195 1 0 0 128 2 0 0 48 0 0 0 0 0 0 0 0 0 0 0 0 0 0 0 0 0 0 0 0 0 0 0 0 0 0 0 0 0 0 0 0 0 0 0 0 0 0 0 0 0 0 0 0 0 0 0 0 0 0 0 0 0 0 0 0 0 0 0 77 68 79 32 101 120 116 114 97 32 100 97 116 97 32 108 111 99 107 0 0 0 0 0 0 0 0 0 0 0 0 0 0 0 0 0 0 0 0 0 0 0 0 0 0 0 0 0 0 0 0 0 0 0 0 0 0 0 0 0 0 0 0 0 1 0 0 0 0 0 0 0 0 0 0 0 0 0 0 0 0 0 0 0 0 0 0 0 0 0 0 0 0 0 0 0 1 0 0 0 0 0 0 0 0 0 0 0 0 0 0 0 0 0 0 0 0 0 0 0 0 0 0 0 0 0 0 0 0 0 0 0 0 0 0 0 247 5 0 0 41 138 3 0 161 222 13 0 0 0 0 0 0 0 0 0 2 0 0 0 1 0 9 0 2 0 0 0 48 1 0 0 254 255 255 255 5 0 6 0 0 0 0 0 data 38 0x60005 0x0 0x1c3b8d53030 0x7145 0x0 0x0 0xf0007 0x1154 0x100 0x21bc5 0x170005 0x0 0x1c3b8d53030 0x21bc6 0x0 0x0 0x1c0004 0x0 0x1c3b5f96870 0x21bc6 0x0 0x0 0x200005 0x0 0x1c3b5f96870 0x21bc6 0x0 0x0 0x270007 0x1bbd4 0x38 0x5ff2 0x2a0003 0x5ff2 0x30 0x300003 0x1bbd4 0xffffffffffffff18 oops 4 2 java/util/ArrayList 12 java/util/ArrayList 18 java/util/HashMap 24 java/util/HashMap
ciMethodData org/glassfish/gmbal/typelib/TypeEvaluator$PartialDefinitions remove (Ljava/lang/reflect/ParameterizedType;)V 2 26032 orig 264 120 103 193 71 249 127 0 0 200 24 51 184 195 1 0 0 144 1 0 0 0 0 0 0 0 0 0 0 0 0 0 0 0 0 0 0 0 0 0 0 0 0 0 0 0 0 0 0 0 0 0 0 0 0 0 0 0 0 0 0 0 0 0 0 0 0 0 0 0 0 0 0 0 0 0 0 0 0 0 0 77 68 79 32 101 120 116 114 97 32 100 97 116 97 32 108 111 99 107 0 0 0 0 0 0 0 0 0 0 0 0 0 0 0 0 0 0 0 0 0 0 0 0 0 0 0 0 0 0 0 0 0 0 0 0 0 0 0 0 0 0 0 0 0 0 0 0 0 0 0 0 0 0 0 0 0 0 0 0 0 0 0 0 0 0 0 0 0 0 0 0 0 0 0 0 0 0 0 0 0 0 0 0 0 17 0 0 0 0 0 0 0 0 0 0 0 0 0 0 0 1 0 0 0 0 0 0 0 0 0 0 0 0 0 0 0 133 1 0 0 89 33 3 0 1 0 0 0 0 0 0 0 0 0 0 0 2 0 0 0 0 0 3 0 2 0 0 0 64 0 0 0 254 255 255 255 2 0 6 0 0 0 0 0 data 8 0x60002 0x642b 0x90005 0x0 0x1c3b5f96870 0x642b 0x0 0x0 oops 1 4 java/util/HashMap
ciMethodData org/glassfish/gmbal/typelib/TypeEvaluator$PartialDefinitions get (Ljava/lang/reflect/ParameterizedType;)Lorg/glassfish/gmbal/typelib/EvaluatedType; 2 27250 orig 264 120 103 193 71 249 127 0 0 200 21 51 184 195 1 0 0 192 1 0 0 0 0 0 0 0 0 0 0 0 0 0 0 0 0 0 0 0 0 0 0 0 0 0 0 0 0 0 0 0 0 0 0 0 0 0 0 0 0 0 0 0 0 0 0 0 0 0 0 0 0 0 0 0 0 0 0 0 0 0 0 77 68 79 32 101 120 116 114 97 32 100 97 116 97 32 108 111 99 107 0 0 0 0 0 0 0 0 0 0 0 0 0 0 0 0 0 0 0 0 0 0 0 0 0 0 0 0 0 0 0 0 0 0 0 0 0 0 0 0 0 0 0 0 0 0 0 0 0 0 0 0 0 0 0 0 0 0 0 0 0 0 0 0 0 0 0 0 0 0 0 0 0 0 0 0 0 0 0 0 0 0 0 0 0 0 0 0 0 0 0 0 0 0 0 0 0 0 0 0 0 0 0 0 0 0 0 0 0 0 0 0 0 0 0 0 0 0 2 0 0 145 67 3 0 1 0 0 0 0 0 0 0 0 0 0 0 2 0 0 0 0 0 3 0 2 0 0 0 112 0 0 0 254 255 255 255 2 0 6 0 0 0 0 0 data 14 0x60002 0x6872 0x90005 0x0 0x1c3b5f96870 0x6872 0x0 0x0 0xe0104 0x0 0x1c3b5f96920 0x480 0x0 0x0 oops 2 4 java/util/HashMap 10 org/glassfish/gmbal/typelib/DeclarationFactory$EvaluatedClassDeclarationImpl
ciMethodData org/glassfish/gmbal/typelib/DeclarationFactory$EvaluatedClassDeclarationImpl instantiations (Ljava/util/List;)V 2 28422 orig 264 120 103 193 71 249 127 0 0 48 106 50 184 195 1 0 0 104 1 0 0 0 0 0 0 0 0 0 0 0 0 0 0 0 0 0 0 0 0 0 0 0 0 0 0 0 0 0 0 0 0 0 0 0 0 0 0 0 0 0 0 0 0 0 0 0 0 0 0 0 0 0 0 0 0 0 0 0 0 0 0 77 68 79 32 101 120 116 114 97 32 100 97 116 97 32 108 111 99 107 0 0 0 0 0 0 0 0 0 0 0 0 0 0 0 0 0 0 0 0 0 0 0 0 0 0 0 0 0 0 0 0 0 0 0 0 0 0 0 0 0 0 0 0 0 0 0 0 0 0 0 0 0 0 0 0 0 0 0 0 0 0 0 0 0 0 0 0 0 0 0 0 0 0 0 0 0 0 0 0 0 0 0 0 0 0 0 0 0 0 0 0 0 0 0 0 0 0 0 0 0 0 0 0 0 0 0 0 0 0 0 0 0 0 0 0 0 0 2 0 0 49 104 3 0 1 0 0 0 0 0 0 0 0 0 0 0 2 0 0 0 0 0 13 0 2 0 0 0 64 0 0 0 254 255 255 255 2 0 1 0 0 0 0 0 data 8 0x10002 0x6d06 0x80007 0x6d06 0x30 0x0 0x110002 0x0 oops 0
ciMethodData org/glassfish/gmbal/typelib/TypeEvaluator$PartialDefinitions put (Ljava/lang/reflect/ParameterizedType;Lorg/glassfish/gmbal/typelib/EvaluatedType;)V 2 26032 orig 264 120 103 193 71 249 127 0 0 88 23 51 184 195 1 0 0 152 1 0 0 0 0 0 0 0 0 0 0 0 0 0 0 0 0 0 0 0 0 0 0 0 0 0 0 0 0 0 0 0 0 0 0 0 0 0 0 0 0 0 0 0 0 0 0 0 0 0 0 0 0 0 0 0 0 0 0 0 0 0 0 77 68 79 32 101 120 116 114 97 32 100 97 116 97 32 108 111 99 107 0 0 0 0 0 0 0 0 0 0 0 0 0 0 0 0 0 0 0 0 0 0 0 0 0 0 0 0 0 0 0 0 0 0 0 0 0 0 0 0 0 0 0 0 0 0 0 0 0 0 0 0 0 0 0 0 0 0 0 0 0 0 0 0 0 0 0 0 0 0 0 0 0 0 0 0 0 0 0 0 0 0 0 0 0 0 0 0 0 0 0 0 0 0 0 0 0 0 0 0 0 0 0 0 0 0 0 0 0 0 0 0 0 0 0 0 0 232 1 0 0 65 30 3 0 1 0 0 0 0 0 0 0 0 0 0 0 2 0 0 0 0 0 0 0 0 0 0 0 64 0 0 0 254 255 255 255 2 0 6 0 0 0 0 0 data 8 0x60002 0x63c8 0xa0005 0x0 0x1c3b5f96870 0x63c8 0x0 0x0 oops 1 4 java/util/HashMap
ciMethodData org/glassfish/gmbal/typelib/TypeEvaluator$TypeEvaluationVisitor getBindings (Ljava/lang/reflect/ParameterizedType;)Lorg/glassfish/gmbal/typelib/TypeEvaluator$TypeEvaluationVisitor$OrderedResult; 2 32774 orig 264 120 103 193 71 249 127 0 0 24 238 50 184 195 1 0 0 88 5 0 0 32 1 0 0 0 0 0 0 0 0 0 0 0 0 0 0 0 0 0 0 0 0 0 0 0 0 0 0 0 0 0 0 0 0 0 0 0 0 0 0 0 0 0 0 0 0 0 0 0 0 0 0 0 0 0 0 0 0 0 0 77 68 79 32 101 120 116 114 97 32 100 97 116 97 32 108 111 99 107 0 0 0 0 0 0 0 0 0 0 0 0 0 0 0 0 0 0 0 0 0 0 0 0 0 0 0 0 0 0 0 0 0 0 0 0 0 0 0 0 0 0 0 0 0 0 0 0 0 0 0 0 0 0 0 0 0 0 0 0 0 0 0 0 0 0 0 0 0 0 0 0 0 0 0 0 0 0 0 0 0 0 0 0 0 25 0 0 0 0 0 0 0 0 0 0 0 0 0 0 0 0 0 0 0 0 0 0 0 0 0 0 0 0 0 0 0 150 2 0 0 65 30 3 0 129 235 3 0 0 0 0 0 0 0 0 0 2 0 0 0 1 0 40 0 2 0 0 0 8 4 0 0 254 255 255 255 2 0 4 0 0 0 0 0 data 129 0x40002 0x63c8 0x90005 0x0 0x1c3b6103eb0 0x63c8 0x0 0x0 0xe0002 0x63c8 0x110005 0x0 0x1c3b8d4dd20 0x63c8 0x0 0x0 0x180005 0x0 0x1c3b6103eb0 0x63c8 0x0 0x0 0x1d0004 0x0 0x1c3b41768f0 0x63c8 0x0 0x0 0x200005 0x92 0x1c3b41768f0 0x6336 0x0 0x0 0x230002 0x63c8 0x260005 0x0 0x1c3b8d4dd20 0x63c8 0x0 0x0 0x2e0005 0x0 0x1c3b9b61440 0xe136 0x0 0x0 0x330007 0x63c8 0x1d8 0x7d6e 0x380005 0x0 0x1c3b9b61440 0x7d6e 0x0 0x0 0x3d0007 0x0 0x188 0x7d6e 0x410005 0x0 0x1c3b9b61440 0x7d6e 0x0 0x0 0x460004 0x0 0x1c3b7fd6bd0 0x3bc2 0x1c3b7fd6c80 0x3c3f 0x4d0005 0x0 0x1c3b9b61440 0x7d6e 0x0 0x0 0x520004 0x0 0x1c3b7fd6c80 0x7d6e 0x0 0x0 0x5a0005 0x0 0x1c3b7fd6c80 0x7d6e 0x0 0x0 0x620005 0x0 0x1c3b8651d80 0x7d6e 0x0 0x0 0x650005 0x0 0x1c3b5f8fa20 0x7d6e 0x0 0x0 0x680003 0x7d6e 0xfffffffffffffe10 0x6c0005 0x0 0x1c3b9b61440 0x63c8 0x0 0x0 0x730005 0x0 0x1c3b9b61440 0x63c8 0x0 0x0 0x780007 0x63c8 0x50 0x0 0x7f0005 0x0 0x0 0x0 0x0 0x0 oops 18 4 sun/reflect/generics/reflectiveObjects/ParameterizedTypeImpl 12 java/util/Arrays$ArrayList 18 sun/reflect/generics/reflectiveObjects/ParameterizedTypeImpl 24 java/lang/Class 30 java/lang/Class 38 java/util/Arrays$ArrayList 44 java/util/AbstractList$Itr 54 java/util/AbstractList$Itr 64 java/util/AbstractList$Itr 70 sun/reflect/generics/reflectiveObjects/WildcardTypeImpl 72 sun/reflect/generics/reflectiveObjects/TypeVariableImpl 76 java/util/AbstractList$Itr 82 sun/reflect/generics/reflectiveObjects/TypeVariableImpl 88 sun/reflect/generics/reflectiveObjects/TypeVariableImpl 94 org/glassfish/gmbal/typelib/TypeEvaluator$TypeEvaluationVisitor 100 org/glassfish/gmbal/typelib/TypeEvaluator$TypeEvaluationVisitor$OrderedResult 109 java/util/AbstractList$Itr 115 java/util/AbstractList$Itr
ciMethodData org/glassfish/gmbal/typelib/TypeEvaluator access$300 (Ljava/lang/Class;)Ljava/util/List; 2 4838 orig 264 120 103 193 71 249 127 0 0 8 36 50 184 195 1 0 0 88 1 0 0 0 0 0 0 0 0 0 0 0 0 0 0 0 0 0 0 0 0 0 0 0 0 0 0 0 0 0 0 0 0 0 0 0 0 0 0 0 0 0 0 0 0 0 0 0 0 0 0 0 0 0 0 0 0 0 0 0 0 0 0 77 68 79 32 101 120 116 114 97 32 100 97 116 97 32 108 111 99 107 0 0 0 0 0 0 0 0 0 0 0 0 0 0 0 0 0 0 0 0 0 0 0 0 0 0 0 0 0 0 0 0 0 0 0 0 0 0 0 0 0 0 0 0 0 0 0 0 0 0 0 0 0 0 0 0 0 0 0 0 0 0 0 0 0 0 0 0 0 0 0 0 0 0 0 0 0 0 0 0 0 0 0 0 0 0 0 0 0 0 0 0 0 0 0 0 0 0 0 0 0 0 0 0 0 0 0 0 0 0 0 0 0 0 0 0 0 0 1 0 0 49 143 0 0 1 0 0 0 0 0 0 0 0 0 0 0 2 0 0 0 0 0 11 0 2 0 0 0 16 0 0 0 254 255 255 255 2 0 1 0 0 0 0 0 data 2 0x10002 0x11e6 oops 0
ciMethodData org/glassfish/gmbal/typelib/TypeEvaluator getDeclaredFields (Ljava/lang/Class;)Ljava/util/List; 2 4838 orig 264 120 103 193 71 249 127 0 0 144 29 50 184 195 1 0 0 8 2 0 0 96 0 0 0 0 0 0 0 0 0 0 0 0 0 0 0 0 0 0 0 0 0 0 0 0 0 0 0 0 0 0 0 0 0 0 0 0 0 0 0 0 0 0 0 0 0 0 0 0 0 0 0 0 0 0 0 0 0 0 0 77 68 79 32 101 120 116 114 97 32 100 97 116 97 32 108 111 99 107 0 0 0 0 0 0 0 0 0 0 0 0 0 0 0 0 0 0 0 0 0 0 0 0 0 0 0 0 0 0 0 0 0 0 0 0 0 0 0 0 0 0 0 0 0 0 0 0 0 0 0 0 0 0 0 0 0 0 0 0 0 0 0 0 0 0 0 0 0 0 0 0 0 0 0 0 0 0 0 0 0 0 0 0 0 0 0 0 0 0 0 0 0 0 0 0 0 0 0 0 0 0 0 0 0 0 0 0 0 0 0 0 0 0 0 0 0 0 1 0 0 49 143 0 0 1 0 0 0 0 0 0 0 0 0 0 0 2 0 0 0 0 0 10 0 2 0 0 0 192 0 0 0 254 255 255 255 2 0 0 0 0 0 0 0 data 24 0x2 0x11e6 0x50007 0x0 0x60 0x11e6 0x90005 0x6 0x1c3b41768f0 0x11e0 0x0 0x0 0xc0002 0x11e6 0x150002 0x0 0x180002 0x0 0x1b0004 0x0 0x0 0x0 0x0 0x0 oops 1 8 java/lang/Class
ciMethodData org/glassfish/gmbal/typelib/TypeEvaluator$TypeEvaluationVisitor$3 <init> (Lorg/glassfish/gmbal/typelib/TypeEvaluator$TypeEvaluationVisitor;Lorg/glassfish/gmbal/typelib/EvaluatedClassDeclaration;)V 2 4838 orig 264 120 103 193 71 249 127 0 0 224 46 51 184 195 1 0 0 64 1 0 0 0 0 0 0 0 0 0 0 0 0 0 0 0 0 0 0 0 0 0 0 0 0 0 0 0 0 0 0 0 0 0 0 0 0 0 0 0 0 0 0 0 0 0 0 0 0 0 0 0 0 0 0 0 0 0 0 0 0 0 0 77 68 79 32 101 120 116 114 97 32 100 97 116 97 32 108 111 99 107 0 0 0 0 0 0 0 0 0 0 0 0 0 0 0 0 0 0 0 0 0 0 0 0 0 0 0 0 0 0 0 0 0 0 0 0 0 0 0 0 0 0 0 0 0 0 0 0 0 0 0 0 0 0 0 0 0 0 0 0 0 0 0 0 0 0 0 0 0 0 0 0 0 0 0 0 0 0 0 0 0 0 0 0 0 1 0 0 0 0 0 0 0 0 0 0 0 0 0 0 0 1 0 0 0 0 0 0 0 0 0 0 0 0 0 0 0 9 1 0 0 233 142 0 0 1 0 0 0 0 0 0 0 0 0 0 0 2 0 0 0 0 0 3 0 2 0 0 0 16 0 0 0 254 255 255 255 2 0 11 0 0 0 0 0 data 2 0xb0002 0x11dd oops 0
ciMethodData org/glassfish/gmbal/typelib/DeclarationFactory$EvaluatedClassDeclarationImpl methods (Ljava/util/List;)V 2 4839 orig 264 120 103 193 71 249 127 0 0 104 103 50 184 195 1 0 0 56 1 0 0 0 0 0 0 0 0 0 0 0 0 0 0 0 0 0 0 0 0 0 0 0 0 0 0 0 0 0 0 0 0 0 0 0 0 0 0 0 0 0 0 0 0 0 0 0 0 0 0 0 0 0 0 0 0 0 0 0 0 0 0 77 68 79 32 101 120 116 114 97 32 100 97 116 97 32 108 111 99 107 0 0 0 0 0 0 0 0 0 0 0 0 0 0 0 0 0 0 0 0 0 0 0 0 0 0 0 0 0 0 0 0 0 0 0 0 0 0 0 0 0 0 0 0 0 0 0 0 0 0 0 0 0 0 0 0 0 0 0 0 0 0 0 0 0 0 0 0 0 0 0 0 0 0 0 0 0 0 0 0 0 0 0 0 0 17 0 0 0 0 0 0 0 0 0 0 0 0 0 0 0 0 0 0 0 0 0 0 0 0 0 0 0 0 0 0 0 0 1 0 0 57 143 0 0 1 0 0 0 0 0 0 0 0 0 0 0 2 0 0 0 0 0 11 0 2 0 0 0 16 0 0 0 254 255 255 255 2 0 1 0 0 0 0 0 data 2 0x10002 0x11e7 oops 0
ciMethodData org/glassfish/pfl/basic/contain/Display exitScope ()V 2 4838 orig 264 120 103 193 71 249 127 0 0 136 5 51 184 195 1 0 0 8 2 0 0 80 0 0 0 0 0 0 0 0 0 0 0 0 0 0 0 0 0 0 0 0 0 0 0 0 0 0 0 0 0 0 0 0 0 0 0 0 0 0 0 0 0 0 0 0 0 0 0 0 0 0 0 0 0 0 0 0 0 0 0 77 68 79 32 101 120 116 114 97 32 100 97 116 97 32 108 111 99 107 0 0 0 0 0 0 0 0 0 0 0 0 0 0 0 0 0 0 0 0 0 0 0 0 0 0 0 0 0 0 0 0 0 0 0 0 0 0 0 0 0 0 0 0 0 0 0 0 0 0 0 0 0 0 0 0 0 0 0 0 0 0 0 0 0 0 0 0 0 0 0 0 0 0 0 0 0 0 0 0 0 0 0 0 0 25 0 0 0 0 0 0 0 0 0 0 0 0 0 0 0 1 0 0 0 0 0 0 0 0 0 0 0 0 0 0 0 0 1 0 0 49 143 0 0 1 0 0 0 0 0 0 0 0 0 0 0 2 0 0 0 0 0 5 0 2 0 0 0 192 0 0 0 254 255 255 255 5 0 4 0 0 0 0 0 data 24 0x40005 0x0 0x1c3b8d53030 0x11e6 0x0 0x0 0x90007 0x11e6 0x30 0x0 0x120002 0x0 0x1e0005 0x0 0x1c3b8d53030 0x11e6 0x0 0x0 0x250005 0x0 0x1c3b8d53030 0x11e6 0x0 0x0 oops 3 2 java/util/ArrayList 14 java/util/ArrayList 20 java/util/ArrayList
ciMethodData org/glassfish/pfl/basic/contain/Display enterScope ()V 2 4838 orig 264 120 103 193 71 249 127 0 0 184 4 51 184 195 1 0 0 136 1 0 0 0 0 0 0 0 0 0 0 0 0 0 0 0 0 0 0 0 0 0 0 0 0 0 0 0 0 0 0 0 0 0 0 0 0 0 0 0 0 0 0 0 0 0 0 0 0 0 0 0 0 0 0 0 0 0 0 0 0 0 0 77 68 79 32 101 120 116 114 97 32 100 97 116 97 32 108 111 99 107 0 0 0 0 0 0 0 0 0 0 0 0 0 0 0 0 0 0 0 0 0 0 0 0 0 0 0 0 0 0 0 0 0 0 0 0 0 0 0 0 0 0 0 0 0 0 0 0 0 0 0 0 0 0 0 0 0 0 0 0 0 0 0 0 0 0 0 0 0 0 0 0 0 0 0 0 0 0 0 0 0 0 0 0 0 0 0 0 0 0 0 0 0 0 0 0 0 0 0 0 0 0 0 0 0 0 0 0 0 0 0 0 0 0 0 0 0 60 1 0 0 81 141 0 0 1 0 0 0 0 0 0 0 0 0 0 0 2 0 0 0 0 0 0 0 0 0 0 0 64 0 0 0 254 255 255 255 2 0 8 0 0 0 0 0 data 8 0x80002 0x11aa 0xb0005 0x0 0x1c3b8d53030 0x11aa 0x0 0x0 oops 1 4 java/util/ArrayList
ciMethodData org/glassfish/pfl/basic/contain/Display bind (Ljava/util/Map;)V 2 4838 orig 264 120 103 193 71 249 127 0 0 136 7 51 184 195 1 0 0 112 2 0 0 80 0 0 0 0 0 0 0 0 0 0 0 0 0 0 0 0 0 0 0 0 0 0 0 0 0 0 0 0 0 0 0 0 0 0 0 0 0 0 0 0 0 0 0 0 0 0 0 0 0 0 0 0 0 0 0 0 0 0 0 77 68 79 32 101 120 116 114 97 32 100 97 116 97 32 108 111 99 107 0 0 0 0 0 0 0 0 0 0 0 0 0 0 0 0 0 0 0 0 0 0 0 0 0 0 0 0 0 0 0 0 0 0 0 0 0 0 0 0 0 0 0 0 0 0 0 0 0 0 0 0 0 0 0 0 0 0 0 0 0 0 0 0 0 0 0 0 0 0 0 0 0 0 0 0 0 0 0 0 0 0 0 0 0 25 0 0 0 0 0 0 0 0 0 0 0 0 0 0 0 1 0 0 0 0 0 0 0 0 0 0 0 0 0 0 0 61 1 0 0 73 141 0 0 1 0 0 0 0 0 0 0 0 0 0 0 2 0 0 0 0 0 5 0 2 0 0 0 32 1 0 0 254 255 255 255 5 0 4 0 0 0 0 0 data 36 0x40005 0x0 0x1c3b8d53030 0x11a9 0x0 0x0 0x90007 0x11a9 0x30 0x0 0x120002 0x0 0x1e0005 0x0 0x1c3b8d53030 0x11a9 0x0 0x0 0x250005 0x0 0x1c3b8d53030 0x11a9 0x0 0x0 0x2a0004 0x0 0x1c3b5f96870 0x11a9 0x0 0x0 0x2e0005 0x0 0x1c3b5f96870 0x11a9 0x0 0x0 oops 5 2 java/util/ArrayList 14 java/util/ArrayList 20 java/util/ArrayList 26 java/util/HashMap 32 java/util/HashMap
ciMethodData org/glassfish/gmbal/typelib/TypeEvaluator$TypeEvaluationVisitor getInheritance (Ljava/lang/Class;)Ljava/util/List; 2 4838 orig 264 120 103 193 71 249 127 0 0 8 235 50 184 195 1 0 0 88 2 0 0 0 0 0 0 0 0 0 0 0 0 0 0 0 0 0 0 0 0 0 0 0 0 0 0 0 0 0 0 0 0 0 0 0 0 0 0 0 0 0 0 0 0 0 0 0 0 0 0 0 0 0 0 0 0 0 0 0 0 0 0 77 68 79 32 101 120 116 114 97 32 100 97 116 97 32 108 111 99 107 0 0 0 0 0 0 0 0 0 0 0 0 0 0 0 0 0 0 0 0 0 0 0 0 0 0 0 0 0 0 0 0 0 0 0 0 0 0 0 0 0 0 0 0 0 0 0 0 0 0 0 0 0 0 0 0 0 0 0 0 0 0 0 0 0 0 0 0 0 0 0 0 0 0 0 0 0 0 0 0 0 0 0 0 0 29 0 0 0 0 0 0 0 0 0 0 0 0 0 0 0 0 0 0 0 0 0 0 0 0 0 0 0 0 0 0 0 61 1 0 0 73 141 0 0 1 0 0 0 0 0 0 0 0 0 0 0 2 0 0 0 0 0 34 0 2 0 0 0 8 1 0 0 254 255 255 255 2 0 5 0 0 0 0 0 data 33 0x50002 0x11a9 0xb0005 0x8e 0x1c3b41768f0 0x111b 0x0 0x0 0xe0005 0x0 0x1c3b8d53030 0x11a9 0x0 0x0 0x160005 0x8e 0x1c3b41768f0 0x111b 0x0 0x0 0x190002 0x11a9 0x1c0005 0x0 0x1c3b8d53030 0x11a9 0x0 0x0 0x220003 0x11a9 0x28 0x260002 0x0 oops 4 4 java/lang/Class 10 java/util/ArrayList 16 java/lang/Class 24 java/util/ArrayList
ciMethodData org/glassfish/gmbal/typelib/TypeEvaluator$TypeEvaluationVisitor$2 <init> (Lorg/glassfish/gmbal/typelib/TypeEvaluator$TypeEvaluationVisitor;)V 2 4838 orig 264 120 103 193 71 249 127 0 0 120 40 51 184 195 1 0 0 56 1 0 0 0 0 0 0 0 0 0 0 0 0 0 0 0 0 0 0 0 0 0 0 0 0 0 0 0 0 0 0 0 0 0 0 0 0 0 0 0 0 0 0 0 0 0 0 0 0 0 0 0 0 0 0 0 0 0 0 0 0 0 0 77 68 79 32 101 120 116 114 97 32 100 97 116 97 32 108 111 99 107 0 0 0 0 0 0 0 0 0 0 0 0 0 0 0 0 0 0 0 0 0 0 0 0 0 0 0 0 0 0 0 0 0 0 0 0 0 0 0 0 0 0 0 0 0 0 0 0 0 0 0 0 0 0 0 0 0 0 0 0 0 0 0 0 0 0 0 0 0 0 0 0 0 0 0 0 0 0 0 0 0 0 0 0 0 0 0 0 0 0 0 0 0 0 0 0 0 0 0 0 0 0 0 0 0 0 0 0 0 0 0 0 0 0 0 0 0 61 1 0 0 73 141 0 0 1 0 0 0 0 0 0 0 0 0 0 0 2 0 0 0 0 0 0 0 0 0 0 0 16 0 0 0 254 255 255 255 2 0 6 0 0 0 0 0 data 2 0x60002 0x11a9 oops 0
ciMethodData org/glassfish/gmbal/typelib/TypeEvaluator access$500 (Ljava/lang/Class;)Ljava/util/List; 2 4838 orig 264 120 103 193 71 249 127 0 0 168 36 50 184 195 1 0 0 88 1 0 0 0 0 0 0 0 0 0 0 0 0 0 0 0 0 0 0 0 0 0 0 0 0 0 0 0 0 0 0 0 0 0 0 0 0 0 0 0 0 0 0 0 0 0 0 0 0 0 0 0 0 0 0 0 0 0 0 0 0 0 0 77 68 79 32 101 120 116 114 97 32 100 97 116 97 32 108 111 99 107 0 0 0 0 0 0 0 0 0 0 0 0 0 0 0 0 0 0 0 0 0 0 0 0 0 0 0 0 0 0 0 0 0 0 0 0 0 0 0 0 0 0 0 0 0 0 0 0 0 0 0 0 0 0 0 0 0 0 0 0 0 0 0 0 0 0 0 0 0 0 0 0 0 0 0 0 0 0 0 0 0 0 0 0 0 0 0 0 0 0 0 0 0 0 0 0 0 0 0 0 0 0 0 0 0 0 0 0 0 0 0 0 0 0 0 0 0 54 1 0 0 129 141 0 0 1 0 0 0 0 0 0 0 0 0 0 0 2 0 0 0 0 0 0 0 0 0 0 0 16 0 0 0 254 255 255 255 2 0 1 0 0 0 0 0 data 2 0x10002 0x11b0 oops 0
ciMethodData org/glassfish/gmbal/typelib/TypeEvaluator getDeclaredMethods (Ljava/lang/Class;)Ljava/util/List; 2 4838 orig 264 120 103 193 71 249 127 0 0 168 28 50 184 195 1 0 0 8 2 0 0 96 0 0 0 0 0 0 0 0 0 0 0 0 0 0 0 0 0 0 0 0 0 0 0 0 0 0 0 0 0 0 0 0 0 0 0 0 0 0 0 0 0 0 0 0 0 0 0 0 0 0 0 0 0 0 0 0 0 0 0 77 68 79 32 101 120 116 114 97 32 100 97 116 97 32 108 111 99 107 0 0 0 0 0 0 0 0 0 0 0 0 0 0 0 0 0 0 0 0 0 0 0 0 0 0 0 0 0 0 0 0 0 0 0 0 0 0 0 0 0 0 0 0 0 0 0 0 0 0 0 0 0 0 0 0 0 0 0 0 0 0 0 0 0 0 0 0 0 0 0 0 0 0 0 0 0 0 0 0 0 0 0 0 0 25 0 0 0 0 0 0 0 0 0 0 0 0 0 0 0 0 0 0 0 0 0 0 0 0 0 0 0 0 0 0 0 54 1 0 0 129 141 0 0 1 0 0 0 0 0 0 0 0 0 0 0 2 0 0 0 0 0 0 0 0 0 0 0 192 0 0 0 254 255 255 255 2 0 0 0 0 0 0 0 data 24 0x2 0x11b0 0x50007 0x0 0x60 0x11b0 0x90005 0x10 0x1c3b41768f0 0x11a0 0x0 0x0 0xc0002 0x11b0 0x150002 0x0 0x180002 0x0 0x1b0004 0x0 0x0 0x0 0x0 0x0 oops 1 8 java/lang/Class
ciMethodData org/glassfish/gmbal/typelib/TypeEvaluator$TypeEvaluationVisitor$4 <init> (Lorg/glassfish/gmbal/typelib/TypeEvaluator$TypeEvaluationVisitor;Lorg/glassfish/gmbal/typelib/EvaluatedClassDeclaration;)V 2 4838 orig 264 120 103 193 71 249 127 0 0 208 52 51 184 195 1 0 0 64 1 0 0 0 0 0 0 0 0 0 0 0 0 0 0 0 0 0 0 0 0 0 0 0 0 0 0 0 0 0 0 0 0 0 0 0 0 0 0 0 0 0 0 0 0 0 0 0 0 0 0 0 0 0 0 0 0 0 0 0 0 0 0 77 68 79 32 101 120 116 114 97 32 100 97 116 97 32 108 111 99 107 0 0 0 0 0 0 0 0 0 0 0 0 0 0 0 0 0 0 0 0 0 0 0 0 0 0 0 0 0 0 0 0 0 0 0 0 0 0 0 0 0 0 0 0 0 0 0 0 0 0 0 0 0 0 0 0 0 0 0 0 0 0 0 0 0 0 0 0 0 0 0 0 0 0 0 0 0 0 0 0 0 0 0 0 0 1 0 0 0 0 0 0 0 0 0 0 0 0 0 0 0 1 0 0 0 0 0 0 0 0 0 0 0 0 0 0 0 56 1 0 0 113 141 0 0 1 0 0 0 0 0 0 0 0 0 0 0 2 0 0 0 0 0 0 0 0 0 0 0 16 0 0 0 254 255 255 255 2 0 11 0 0 0 0 0 data 2 0xb0002 0x11ae oops 0
ciMethodData org/glassfish/gmbal/typelib/DeclarationFactory$EvaluatedClassDeclarationImpl inheritance (Ljava/util/List;)V 2 4863 orig 264 120 103 193 71 249 127 0 0 32 104 50 184 195 1 0 0 56 1 0 0 0 0 0 0 0 0 0 0 0 0 0 0 0 0 0 0 0 0 0 0 0 0 0 0 0 0 0 0 0 0 0 0 0 0 0 0 0 0 0 0 0 0 0 0 0 0 0 0 0 0 0 0 0 0 0 0 0 0 0 0 77 68 79 32 101 120 116 114 97 32 100 97 116 97 32 108 111 99 107 0 0 0 0 0 0 0 0 0 0 0 0 0 0 0 0 0 0 0 0 0 0 0 0 0 0 0 0 0 0 0 0 0 0 0 0 0 0 0 0 0 0 0 0 0 0 0 0 0 0 0 0 0 0 0 0 0 0 0 0 0 0 0 0 0 0 0 0 0 0 0 0 0 0 0 0 0 0 0 0 0 0 0 0 0 0 0 0 0 0 0 0 0 0 0 0 0 0 0 0 0 0 0 0 0 0 0 0 0 0 0 0 0 0 0 0 0 128 1 0 0 249 139 0 0 1 0 0 0 0 0 0 0 0 0 0 0 2 0 0 0 0 0 11 0 2 0 0 0 16 0 0 0 254 255 255 255 2 0 1 0 0 0 0 0 data 2 0x10002 0x117f oops 0
ciMethodData org/glassfish/gmbal/typelib/DeclarationFactory$EvaluatedClassDeclarationImpl fields (Ljava/util/List;)V 2 4838 orig 264 120 103 193 71 249 127 0 0 168 107 50 184 195 1 0 0 56 1 0 0 0 0 0 0 0 0 0 0 0 0 0 0 0 0 0 0 0 0 0 0 0 0 0 0 0 0 0 0 0 0 0 0 0 0 0 0 0 0 0 0 0 0 0 0 0 0 0 0 0 0 0 0 0 0 0 0 0 0 0 0 77 68 79 32 101 120 116 114 97 32 100 97 116 97 32 108 111 99 107 0 0 0 0 0 0 0 0 0 0 0 0 0 0 0 0 0 0 0 0 0 0 0 0 0 0 0 0 0 0 0 0 0 0 0 0 0 0 0 0 0 0 0 0 0 0 0 0 0 0 0 0 0 0 0 0 0 0 0 0 0 0 0 0 0 0 0 0 0 0 0 0 0 0 0 0 0 0 0 0 0 0 0 0 0 17 0 0 0 0 0 0 0 0 0 0 0 0 0 0 0 0 0 0 0 0 0 0 0 0 0 0 0 0 0 0 0 129 1 0 0 41 139 0 0 1 0 0 0 0 0 0 0 0 0 0 0 2 0 0 0 0 0 11 0 2 0 0 0 16 0 0 0 254 255 255 255 2 0 1 0 0 0 0 0 data 2 0x10002 0x1165 oops 0
ciMethodData org/glassfish/gmbal/typelib/DeclarationFactory$EvaluatedClassDeclarationImpl freeze ()V 2 1414 orig 264 120 103 193 71 249 127 0 0 80 96 50 184 195 1 0 0 32 1 0 0 0 0 0 0 0 0 0 0 0 0 0 0 0 0 0 0 0 0 0 0 0 0 0 0 0 0 0 0 0 0 0 0 0 0 0 0 0 0 0 0 0 0 0 0 0 0 0 0 0 0 0 0 0 0 0 0 0 0 0 0 77 68 79 32 101 120 116 114 97 32 100 97 116 97 32 108 111 99 107 0 0 0 0 0 0 0 0 0 0 0 0 0 0 0 0 0 0 0 0 0 0 0 0 0 0 0 0 0 0 0 0 0 0 0 0 0 0 0 0 0 0 0 0 0 0 0 0 0 0 0 0 0 0 0 0 0 0 0 0 0 0 0 0 0 0 0 0 0 0 0 0 0 0 0 0 0 0 0 0 0 0 0 0 0 0 0 0 0 0 0 0 0 0 0 0 0 0 0 0 0 0 0 0 0 0 0 0 0 0 0 0 0 0 0 0 0 131 1 0 0 25 32 0 0 1 0 0 0 0 0 0 0 0 0 0 0 2 0 0 0 0 0 3 0 1 0 0 0 0 0 0 0 254 255 255 255 0 0 0 0 0 0 0 0 data 0 oops 0
ciMethodData sun/reflect/generics/reflectiveObjects/TypeVariableImpl getBounds ()[Ljava/lang/reflect/Type; 2 5591 orig 264 120 103 193 71 249 127 0 0 128 232 16 176 195 1 0 0 208 2 0 0 32 0 0 0 0 0 0 0 0 0 0 0 0 0 0 0 0 0 0 0 0 0 0 0 0 0 0 0 0 0 0 0 0 0 0 0 0 0 0 0 0 0 0 0 0 0 0 0 0 0 0 0 0 0 0 0 0 0 0 0 77 68 79 32 101 120 116 114 97 32 100 97 116 97 32 108 111 99 107 0 0 0 0 0 0 0 0 0 0 0 0 0 0 0 0 0 0 0 0 0 0 0 0 0 0 0 0 0 0 0 0 0 0 0 0 0 0 0 0 0 0 0 0 0 0 0 0 0 0 0 0 0 0 0 0 0 0 0 0 0 0 0 0 0 0 0 0 0 0 0 0 0 0 0 0 0 0 0 0 0 0 0 0 0 0 0 0 0 0 0 0 0 0 0 0 0 0 0 0 0 0 0 0 0 0 0 0 0 0 0 0 0 0 0 0 0 148 1 0 0 25 162 0 0 65 75 0 0 0 0 0 0 0 0 0 0 2 0 0 0 1 0 13 0 2 0 0 0 136 1 0 0 254 255 255 255 7 0 4 0 0 0 0 0 data 49 0x40007 0xadb 0x128 0x968 0x80002 0x968 0x170007 0x968 0xf8 0x968 0x1b0005 0x0 0x1c3b7fd6c80 0x968 0x0 0x0 0x250005 0x0 0x1c3b6103d50 0x968 0x0 0x0 0x2e0005 0x0 0x1c3b6102e90 0x968 0x0 0x0 0x310004 0x0 0x1c3b41768f0 0x83e 0x1c3b6103eb0 0x12a 0x350003 0x968 0xffffffffffffff20 0x410005 0x0 0x1c3b8654450 0x1443 0x0 0x0 0x440004 0x0 0x1c3b8654450 0x1443 0x0 0x0 oops 7 12 sun/reflect/generics/reflectiveObjects/TypeVariableImpl 18 sun/reflect/generics/tree/ClassTypeSignature 24 sun/reflect/generics/visitor/Reifier 30 java/lang/Class 32 sun/reflect/generics/reflectiveObjects/ParameterizedTypeImpl 39 [Ljava/lang/reflect/Type; 45 [Ljava/lang/reflect/Type;
ciMethodData sun/reflect/generics/reflectiveObjects/TypeVariableImpl getBoundASTs ()[Lsun/reflect/generics/tree/FieldTypeSignature; 2 2468 orig 264 120 103 193 71 249 127 0 0 200 230 16 176 195 1 0 0 112 1 0 0 0 0 0 0 0 0 0 0 0 0 0 0 0 0 0 0 0 0 0 0 0 0 0 0 0 0 0 0 0 0 0 0 0 0 0 0 0 0 0 0 0 0 0 0 0 0 0 0 0 0 0 0 0 0 0 0 0 0 0 0 77 68 79 32 101 120 116 114 97 32 100 97 116 97 32 108 111 99 107 0 0 0 0 0 0 0 0 0 0 0 0 0 0 0 0 0 0 0 0 0 0 0 0 0 0 0 0 0 0 0 0 0 0 0 0 0 0 0 0 0 0 0 0 0 0 0 0 0 0 0 0 0 0 0 0 0 0 0 0 0 0 0 0 0 0 0 0 0 0 0 0 0 0 0 0 0 0 0 0 0 0 0 0 0 25 0 0 0 0 0 0 0 0 0 0 0 0 0 0 0 1 0 0 0 0 0 0 0 0 0 0 0 0 0 0 0 45 0 0 0 185 75 0 0 1 0 0 0 0 0 0 0 0 0 0 0 2 0 0 0 0 0 0 0 0 0 0 0 80 0 0 0 254 255 255 255 7 0 3 0 0 0 0 0 data 10 0x30007 0x977 0x50 0x0 0xa0007 0x0 0x30 0x0 0x110002 0x0 oops 0
ciMethod org/glassfish/pfl/basic/logex/OperationTracer freeze ()V 0 0 1 0 0
compile org/glassfish/gmbal/typelib/TypeEvaluator$TypeEvaluationVisitor$4 evaluate (Ljava/lang/Object;)Ljava/lang/Object; -1 4 inline 288 0 -1 org/glassfish/gmbal/typelib/TypeEvaluator$TypeEvaluationVisitor$4 evaluate (Ljava/lang/Object;)Ljava/lang/Object; 1 5 org/glassfish/gmbal/typelib/TypeEvaluator$TypeEvaluationVisitor$4 evaluate (Ljava/lang/reflect/Method;)Lorg/glassfish/gmbal/typelib/EvaluatedMethodDeclaration; 2 9 org/glassfish/gmbal/typelib/TypeEvaluator$TypeEvaluationVisitor access$600 (Lorg/glassfish/gmbal/typelib/TypeEvaluator$TypeEvaluationVisitor;Lorg/glassfish/gmbal/typelib/EvaluatedClassDeclaration;Ljava/lang/reflect/Method;)Lorg/glassfish/gmbal/typelib/EvaluatedMethodDeclaration; 3 3 org/glassfish/gmbal/typelib/TypeEvaluator$TypeEvaluationVisitor visitMethodDeclaration (Lorg/glassfish/gmbal/typelib/EvaluatedClassDeclaration;Ljava/lang/reflect/Method;)Lorg/glassfish/gmbal/typelib/EvaluatedMethodDeclaration; 4 1 java/lang/reflect/Method getGenericParameterTypes ()[Ljava/lang/reflect/Type; 5 1 java/lang/reflect/Executable getGenericParameterTypes ()[Ljava/lang/reflect/Type; 6 1 java/lang/reflect/Method hasGenericInformation ()Z 7 1 java/lang/reflect/Method getGenericSignature ()Ljava/lang/String; 6 8 java/lang/reflect/Method getGenericInfo ()Lsun/reflect/generics/repository/ConstructorRepository; 7 1 java/lang/reflect/Method getGenericInfo ()Lsun/reflect/generics/repository/MethodRepository; 8 9 java/lang/reflect/Method getGenericSignature ()Ljava/lang/String; 8 13 java/lang/reflect/Method getFactory ()Lsun/reflect/generics/factory/GenericsFactory; 9 2 sun/reflect/generics/scope/MethodScope make (Ljava/lang/reflect/Method;)Lsun/reflect/generics/scope/MethodScope; 10 5 sun/reflect/generics/scope/MethodScope <init> (Ljava/lang/reflect/Method;)V 9 5 sun/reflect/generics/factory/CoreReflectionFactory make (Ljava/lang/reflect/GenericDeclaration;Lsun/reflect/generics/scope/Scope;)Lsun/reflect/generics/factory/CoreReflectionFactory; 10 6 sun/reflect/generics/factory/CoreReflectionFactory <init> (Ljava/lang/reflect/GenericDeclaration;Lsun/reflect/generics/scope/Scope;)V 8 16 sun/reflect/generics/repository/MethodRepository make (Ljava/lang/String;Lsun/reflect/generics/factory/GenericsFactory;)Lsun/reflect/generics/repository/MethodRepository; 9 6 sun/reflect/generics/repository/MethodRepository <init> (Ljava/lang/String;Lsun/reflect/generics/factory/GenericsFactory;)V 10 3 sun/reflect/generics/repository/ConstructorRepository <init> (Ljava/lang/String;Lsun/reflect/generics/factory/GenericsFactory;)V 6 11 sun/reflect/generics/repository/ConstructorRepository getParameterTypes ()[Ljava/lang/reflect/Type; 7 8 sun/reflect/generics/repository/AbstractRepository getTree ()Lsun/reflect/generics/tree/Tree; 7 14 sun/reflect/generics/tree/MethodTypeSignature getParameterTypes ()[Lsun/reflect/generics/tree/TypeSignature; 7 33 sun/reflect/generics/repository/AbstractRepository getReifier ()Lsun/reflect/generics/visitor/Reifier; 8 1 sun/reflect/generics/repository/AbstractRepository getFactory ()Lsun/reflect/generics/factory/GenericsFactory; 8 4 sun/reflect/generics/visitor/Reifier make (Lsun/reflect/generics/factory/GenericsFactory;)Lsun/reflect/generics/visitor/Reifier; 9 5 sun/reflect/generics/visitor/Reifier <init> (Lsun/reflect/generics/factory/GenericsFactory;)V 10 1 java/lang/Object <init> ()V 7 52 sun/reflect/generics/visitor/Reifier getResult ()Ljava/lang/reflect/Type; 6 16 java/lang/reflect/Method getParameterTypes ()[Ljava/lang/Class; 4 4 java/util/Arrays asList ([Ljava/lang/Object;)Ljava/util/List; 5 5 java/util/Arrays$ArrayList <init> ([Ljava/lang/Object;)V 6 1 java/util/AbstractList <init> ()V 7 1 java/util/AbstractCollection <init> ()V 8 1 java/lang/Object <init> ()V 6 6 java/util/Objects requireNonNull (Ljava/lang/Object;)Ljava/lang/Object; 4 12 org/glassfish/gmbal/typelib/TypeEvaluator$TypeEvaluationVisitor$1 <init> (Lorg/glassfish/gmbal/typelib/TypeEvaluator$TypeEvaluationVisitor;)V 5 6 java/lang/Object <init> ()V 4 15 org/glassfish/pfl/basic/algorithm/Algorithms map (Ljava/util/List;Lorg/glassfish/pfl/basic/func/UnaryFunction;)Ljava/util/List; 5 4 java/util/ArrayList <init> ()V 6 1 java/util/AbstractList <init> ()V 7 1 java/util/AbstractCollection <init> ()V 8 1 java/lang/Object <init> ()V 4 23 org/glassfish/gmbal/typelib/TypeEvaluator$TypeEvaluationVisitor describe (Ljava/lang/String;Ljava/lang/Object;)V 4 27 java/lang/reflect/Method getName ()Ljava/lang/String; 4 49 java/lang/reflect/Method getModifiers ()I 4 54 java/lang/reflect/Method getGenericReturnType ()Ljava/lang/reflect/Type; 5 1 java/lang/reflect/Method getGenericSignature ()Ljava/lang/String; 5 8 java/lang/reflect/Method getGenericInfo ()Lsun/reflect/generics/repository/MethodRepository; 6 9 java/lang/reflect/Method getGenericSignature ()Ljava/lang/String; 6 13 java/lang/reflect/Method getFactory ()Lsun/reflect/generics/factory/GenericsFactory; 7 2 sun/reflect/generics/scope/MethodScope make (Ljava/lang/reflect/Method;)Lsun/reflect/generics/scope/MethodScope; 8 5 sun/reflect/generics/scope/MethodScope <init> (Ljava/lang/reflect/Method;)V 9 2 sun/reflect/generics/scope/AbstractScope <init> (Ljava/lang/reflect/GenericDeclaration;)V 10 1 java/lang/Object <init> ()V 7 5 sun/reflect/generics/factory/CoreReflectionFactory make (Ljava/lang/reflect/GenericDeclaration;Lsun/reflect/generics/scope/Scope;)Lsun/reflect/generics/factory/CoreReflectionFactory; 8 6 sun/reflect/generics/factory/CoreReflectionFactory <init> (Ljava/lang/reflect/GenericDeclaration;Lsun/reflect/generics/scope/Scope;)V 9 1 java/lang/Object <init> ()V 6 16 sun/reflect/generics/repository/MethodRepository make (Ljava/lang/String;Lsun/reflect/generics/factory/GenericsFactory;)Lsun/reflect/generics/repository/MethodRepository; 7 6 sun/reflect/generics/repository/MethodRepository <init> (Ljava/lang/String;Lsun/reflect/generics/factory/GenericsFactory;)V 8 3 sun/reflect/generics/repository/ConstructorRepository <init> (Ljava/lang/String;Lsun/reflect/generics/factory/GenericsFactory;)V 9 3 sun/reflect/generics/repository/GenericDeclRepository <init> (Ljava/lang/String;Lsun/reflect/generics/factory/GenericsFactory;)V 10 3 sun/reflect/generics/repository/AbstractRepository <init> (Ljava/lang/String;Lsun/reflect/generics/factory/GenericsFactory;)V 5 11 sun/reflect/generics/repository/MethodRepository getReturnType ()Ljava/lang/reflect/Type; 6 8 sun/reflect/generics/repository/AbstractRepository getReifier ()Lsun/reflect/generics/visitor/Reifier; 7 1 sun/reflect/generics/repository/AbstractRepository getFactory ()Lsun/reflect/generics/factory/GenericsFactory; 7 4 sun/reflect/generics/visitor/Reifier make (Lsun/reflect/generics/factory/GenericsFactory;)Lsun/reflect/generics/visitor/Reifier; 8 5 sun/reflect/generics/visitor/Reifier <init> (Lsun/reflect/generics/factory/GenericsFactory;)V 9 1 java/lang/Object <init> ()V 6 13 sun/reflect/generics/repository/AbstractRepository getTree ()Lsun/reflect/generics/tree/Tree; 6 19 sun/reflect/generics/tree/MethodTypeSignature getReturnType ()Lsun/reflect/generics/tree/ReturnType; 6 30 sun/reflect/generics/visitor/Reifier getResult ()Ljava/lang/reflect/Type; 5 16 java/lang/reflect/Method getReturnType ()Ljava/lang/Class; 4 57 org/glassfish/gmbal/typelib/TypeEvaluator$TypeEvaluationVisitor evaluateType (Ljava/lang/Object;)Lorg/glassfish/gmbal/typelib/EvaluatedType; 5 46 org/glassfish/gmbal/typelib/TypeEvaluator$TypeEvaluationVisitor visitParameterizedType (Ljava/lang/reflect/ParameterizedType;)Lorg/glassfish/gmbal/typelib/EvaluatedType; 6 1 sun/reflect/generics/reflectiveObjects/ParameterizedTypeImpl getRawType ()Ljava/lang/reflect/Type; 7 1 sun/reflect/generics/reflectiveObjects/ParameterizedTypeImpl getRawType ()Ljava/lang/Class; 6 17 org/glassfish/gmbal/typelib/TypeEvaluator$PartialDefinitions get (Ljava/lang/reflect/ParameterizedType;)Lorg/glassfish/gmbal/typelib/EvaluatedType; 7 6 org/glassfish/gmbal/typelib/TypeEvaluator$PartialDefinitions getKey (Ljava/lang/reflect/ParameterizedType;)Lorg/glassfish/pfl/basic/contain/Pair; 8 4 java/util/ArrayList <init> ()V 9 1 java/util/AbstractList <init> ()V 10 1 java/util/AbstractCollection <init> ()V 8 9 sun/reflect/generics/reflectiveObjects/ParameterizedTypeImpl getActualTypeArguments ()[Ljava/lang/reflect/Type; 8 38 java/util/ArrayList add (Ljava/lang/Object;)Z 9 7 java/util/ArrayList ensureCapacityInternal (I)V 10 6 java/util/ArrayList calculateCapacity ([Ljava/lang/Object;I)I 10 9 java/util/ArrayList ensureExplicitCapacity (I)V 8 55 sun/reflect/generics/reflectiveObjects/ParameterizedTypeImpl getRawType ()Ljava/lang/reflect/Type; 9 1 sun/reflect/generics/reflectiveObjects/ParameterizedTypeImpl getRawType ()Ljava/lang/Class; 8 64 org/glassfish/pfl/basic/contain/Pair <init> (Ljava/lang/Object;Ljava/lang/Object;)V 9 1 java/lang/Object <init> ()V 7 9 java/util/HashMap get (Ljava/lang/Object;)Ljava/lang/Object; 8 2 java/util/HashMap hash (Ljava/lang/Object;)I 9 9 org/glassfish/pfl/basic/contain/Pair hashCode ()I 10 31 java/util/AbstractList hashCode ()I 8 6 java/util/HashMap getNode (ILjava/lang/Object;)Ljava/util/HashMap$Node; 9 59 org/glassfish/pfl/basic/contain/Pair equals (Ljava/lang/Object;)Z 10 22 org/glassfish/pfl/basic/contain/Pair first ()Ljava/lang/Object; 10 39 org/glassfish/pfl/basic/contain/Pair first ()Ljava/lang/Object; 10 43 org/glassfish/pfl/basic/contain/Pair first ()Ljava/lang/Object; 10 46 java/lang/Object equals (Ljava/lang/Object;)Z 10 53 org/glassfish/pfl/basic/contain/Pair second ()Ljava/lang/Object; 10 75 org/glassfish/pfl/basic/contain/Pair second ()Ljava/lang/Object; 10 79 org/glassfish/pfl/basic/contain/Pair second ()Ljava/lang/Object; 10 82 java/util/AbstractList equals (Ljava/lang/Object;)Z 9 126 org/glassfish/pfl/basic/contain/Pair equals (Ljava/lang/Object;)Z 10 22 org/glassfish/pfl/basic/contain/Pair first ()Ljava/lang/Object; 10 39 org/glassfish/pfl/basic/contain/Pair first ()Ljava/lang/Object; 10 43 org/glassfish/pfl/basic/contain/Pair first ()Ljava/lang/Object; 10 46 java/lang/Object equals (Ljava/lang/Object;)Z 10 53 org/glassfish/pfl/basic/contain/Pair second ()Ljava/lang/Object; 10 75 org/glassfish/pfl/basic/contain/Pair second ()Ljava/lang/Object; 10 79 org/glassfish/pfl/basic/contain/Pair second ()Ljava/lang/Object; 10 82 java/util/AbstractList equals (Ljava/lang/Object;)Z 6 30 java/lang/Class getName ()Ljava/lang/String; 6 34 org/glassfish/gmbal/typelib/DeclarationFactory ecdecl (ILjava/lang/String;Ljava/lang/Class;)Lorg/glassfish/gmbal/typelib/EvaluatedClassDeclaration; 7 4 org/glassfish/gmbal/typelib/DeclarationFactory ecdecl (ILjava/lang/String;Ljava/lang/Class;Z)Lorg/glassfish/gmbal/typelib/EvaluatedClassDeclaration; 8 7 java/util/ArrayList <init> (I)V 9 1 java/util/AbstractList <init> ()V 10 1 java/util/AbstractCollection <init> ()V 8 15 java/util/ArrayList <init> (I)V 9 1 java/util/AbstractList <init> ()V 10 1 java/util/AbstractCollection <init> ()V 8 23 java/util/ArrayList <init> (I)V 9 1 java/util/AbstractList <init> ()V 10 1 java/util/AbstractCollection <init> ()V 6 46 org/glassfish/gmbal/typelib/TypeEvaluator$PartialDefinitions put (Ljava/lang/reflect/ParameterizedType;Lorg/glassfish/gmbal/typelib/EvaluatedType;)V 7 6 org/glassfish/gmbal/typelib/TypeEvaluator$PartialDefinitions getKey (Ljava/lang/reflect/ParameterizedType;)Lorg/glassfish/pfl/basic/contain/Pair; 8 4 java/util/ArrayList <init> ()V 9 1 java/util/AbstractList <init> ()V 10 1 java/util/AbstractCollection <init> ()V 8 9 sun/reflect/generics/reflectiveObjects/ParameterizedTypeImpl getActualTypeArguments ()[Ljava/lang/reflect/Type; 8 38 java/util/ArrayList add (Ljava/lang/Object;)Z 9 7 java/util/ArrayList ensureCapacityInternal (I)V 10 6 java/util/ArrayList calculateCapacity ([Ljava/lang/Object;I)I 10 9 java/util/ArrayList ensureExplicitCapacity (I)V 8 55 sun/reflect/generics/reflectiveObjects/ParameterizedTypeImpl getRawType ()Ljava/lang/reflect/Type; 9 1 sun/reflect/generics/reflectiveObjects/ParameterizedTypeImpl getRawType ()Ljava/lang/Class; 8 64 org/glassfish/pfl/basic/contain/Pair <init> (Ljava/lang/Object;Ljava/lang/Object;)V 9 1 java/lang/Object <init> ()V 7 10 java/util/HashMap put (Ljava/lang/Object;Ljava/lang/Object;)Ljava/lang/Object; 8 2 java/util/HashMap hash (Ljava/lang/Object;)I 9 9 org/glassfish/pfl/basic/contain/Pair hashCode ()I 10 31 java/util/AbstractList hashCode ()I 8 9 java/util/HashMap putVal (ILjava/lang/Object;Ljava/lang/Object;ZZ)Ljava/lang/Object; 9 56 java/util/HashMap newNode (ILjava/lang/Object;Ljava/lang/Object;Ljava/util/HashMap$Node;)Ljava/util/HashMap$Node; 10 9 java/util/HashMap$Node <init> (ILjava/lang/Object;Ljava/lang/Object;Ljava/util/HashMap$Node;)V 9 91 org/glassfish/pfl/basic/contain/Pair equals (Ljava/lang/Object;)Z 10 22 org/glassfish/pfl/basic/contain/Pair first ()Ljava/lang/Object; 10 39 org/glassfish/pfl/basic/contain/Pair first ()Ljava/lang/Object; 10 43 org/glassfish/pfl/basic/contain/Pair first ()Ljava/lang/Object; 10 46 java/lang/Object equals (Ljava/lang/Object;)Z 10 53 org/glassfish/pfl/basic/contain/Pair second ()Ljava/lang/Object; 10 75 org/glassfish/pfl/basic/contain/Pair second ()Ljava/lang/Object; 10 79 org/glassfish/pfl/basic/contain/Pair second ()Ljava/lang/Object; 10 82 java/util/AbstractList equals (Ljava/lang/Object;)Z 9 203 org/glassfish/pfl/basic/contain/Pair equals (Ljava/lang/Object;)Z 10 22 org/glassfish/pfl/basic/contain/Pair first ()Ljava/lang/Object; 10 39 org/glassfish/pfl/basic/contain/Pair first ()Ljava/lang/Object; 10 43 org/glassfish/pfl/basic/contain/Pair first ()Ljava/lang/Object; 10 46 java/lang/Object equals (Ljava/lang/Object;)Z 10 53 org/glassfish/pfl/basic/contain/Pair second ()Ljava/lang/Object; 10 75 org/glassfish/pfl/basic/contain/Pair second ()Ljava/lang/Object; 10 79 org/glassfish/pfl/basic/contain/Pair second ()Ljava/lang/Object; 10 82 java/util/AbstractList equals (Ljava/lang/Object;)Z 9 152 java/util/HashMap newNode (ILjava/lang/Object;Ljava/lang/Object;Ljava/util/HashMap$Node;)Ljava/util/HashMap$Node; 10 9 java/util/HashMap$Node <init> (ILjava/lang/Object;Ljava/lang/Object;Ljava/util/HashMap$Node;)V 9 253 java/util/HashMap afterNodeAccess (Ljava/util/HashMap$Node;)V 9 295 java/util/HashMap afterNodeInsertion (Z)V 6 51 org/glassfish/gmbal/typelib/TypeEvaluator$TypeEvaluationVisitor getBindings (Ljava/lang/reflect/ParameterizedType;)Lorg/glassfish/gmbal/typelib/TypeEvaluator$TypeEvaluationVisitor$OrderedResult; 7 4 org/glassfish/gmbal/typelib/TypeEvaluator$TypeEvaluationVisitor$OrderedResult <init> ()V 8 1 java/lang/Object <init> ()V 8 10 java/util/ArrayList <init> (I)V 9 1 java/util/AbstractList <init> ()V 10 1 java/util/AbstractCollection <init> ()V 8 21 java/util/HashMap <init> ()V 9 1 java/util/AbstractMap <init> ()V 10 1 java/lang/Object <init> ()V 7 9 sun/reflect/generics/reflectiveObjects/ParameterizedTypeImpl getActualTypeArguments ()[Ljava/lang/reflect/Type; 7 14 java/util/Arrays asList ([Ljava/lang/Object;)Ljava/util/List; 8 5 java/util/Arrays$ArrayList <init> ([Ljava/lang/Object;)V 9 1 java/util/AbstractList <init> ()V 10 1 java/util/AbstractCollection <init> ()V 9 6 java/util/Objects requireNonNull (Ljava/lang/Object;)Ljava/lang/Object; 7 17 java/util/AbstractList iterator ()Ljava/util/Iterator; 8 6 java/util/AbstractList$Itr <init> (Ljava/util/AbstractList;Ljava/util/AbstractList$1;)V 9 2 java/util/AbstractList$Itr <init> (Ljava/util/AbstractList;)V 10 6 java/lang/Object <init> ()V 7 24 sun/reflect/generics/reflectiveObjects/ParameterizedTypeImpl getRawType ()Ljava/lang/reflect/Type; 8 1 sun/reflect/generics/reflectiveObjects/ParameterizedTypeImpl getRawType ()Ljava/lang/Class; 7 32 java/lang/Class getTypeParameters ()[Ljava/lang/reflect/TypeVariable; 8 1 java/lang/Class getGenericInfo ()Lsun/reflect/generics/repository/ClassRepository; 9 27 java/lang/Class getFactory ()Lsun/reflect/generics/factory/GenericsFactory; 10 2 sun/reflect/generics/scope/ClassScope make (Ljava/lang/Class;)Lsun/reflect/generics/scope/ClassScope; 10 5 sun/reflect/generics/factory/CoreReflectionFactory make (Ljava/lang/reflect/GenericDeclaration;Lsun/reflect/generics/scope/Scope;)Lsun/reflect/generics/factory/CoreReflectionFactory; 9 30 sun/reflect/generics/repository/ClassRepository make (Ljava/lang/String;Lsun/reflect/generics/factory/GenericsFactory;)Lsun/reflect/generics/repository/ClassRepository; 10 6 sun/reflect/generics/repository/ClassRepository <init> (Ljava/lang/String;Lsun/reflect/generics/factory/GenericsFactory;)V 8 10 sun/reflect/generics/repository/GenericDeclRepository getTypeParameters ()[Ljava/lang/reflect/TypeVariable; 9 10 sun/reflect/generics/repository/AbstractRepository getTree ()Lsun/reflect/generics/tree/Tree; 9 16 sun/reflect/generics/tree/MethodTypeSignature getFormalTypeParameters ()[Lsun/reflect/generics/tree/FormalTypeParameter; 9 16 sun/reflect/generics/tree/ClassSignature getFormalTypeParameters ()[Lsun/reflect/generics/tree/FormalTypeParameter; 9 37 sun/reflect/generics/repository/AbstractRepository getReifier ()Lsun/reflect/generics/visitor/Reifier; 10 1 sun/reflect/generics/repository/AbstractRepository getFactory ()Lsun/reflect/generics/factory/GenericsFactory; 10 4 sun/reflect/generics/visitor/Reifier make (Lsun/reflect/generics/factory/GenericsFactory;)Lsun/reflect/generics/visitor/Reifier; 9 47 sun/reflect/generics/tree/FormalTypeParameter accept (Lsun/reflect/generics/visitor/TypeTreeVisitor;)V 10 2 sun/reflect/generics/visitor/Reifier visitFormalTypeParameter (Lsun/reflect/generics/tree/FormalTypeParameter;)V 11 2 sun/reflect/generics/visitor/Reifier getFactory ()Lsun/reflect/generics/factory/GenericsFactory; 11 6 sun/reflect/generics/tree/FormalTypeParameter getName ()Ljava/lang/String; 11 10 sun/reflect/generics/tree/FormalTypeParameter getBounds ()[Lsun/reflect/generics/tree/FieldTypeSignature; 9 54 sun/reflect/generics/visitor/Reifier getResult ()Ljava/lang/reflect/Type; 7 35 java/util/Arrays asList ([Ljava/lang/Object;)Ljava/util/List; 8 5 java/util/Arrays$ArrayList <init> ([Ljava/lang/Object;)V 9 1 java/util/AbstractList <init> ()V 10 1 java/util/AbstractCollection <init> ()V 9 6 java/util/Objects requireNonNull (Ljava/lang/Object;)Ljava/lang/Object; 7 38 java/util/AbstractList iterator ()Ljava/util/Iterator; 8 6 java/util/AbstractList$Itr <init> (Ljava/util/AbstractList;Ljava/util/AbstractList$1;)V 9 2 java/util/AbstractList$Itr <init> (Ljava/util/AbstractList;)V 10 6 java/lang/Object <init> ()V 7 46 java/util/AbstractList$Itr hasNext ()Z 8 8 java/util/Arrays$ArrayList size ()I 7 56 java/util/AbstractList$Itr hasNext ()Z 8 8 java/util/Arrays$ArrayList size ()I 7 65 java/util/AbstractList$Itr next ()Ljava/lang/Object; 8 1 java/util/AbstractList$Itr checkForComodification ()V 8 14 java/util/Arrays$ArrayList get (I)Ljava/lang/Object; 7 77 java/util/AbstractList$Itr next ()Ljava/lang/Object; 8 1 java/util/AbstractList$Itr checkForComodification ()V 8 14 java/util/Arrays$ArrayList get (I)Ljava/lang/Object; 7 90 sun/reflect/generics/reflectiveObjects/TypeVariableImpl getName ()Ljava/lang/String; 7 98 org/glassfish/gmbal/typelib/TypeEvaluator$TypeEvaluationVisitor evaluateType (Ljava/lang/Object;)Lorg/glassfish/gmbal/typelib/EvaluatedType; 8 46 org/glassfish/gmbal/typelib/TypeEvaluator$TypeEvaluationVisitor visitParameterizedType (Ljava/lang/reflect/ParameterizedType;)Lorg/glassfish/gmbal/typelib/EvaluatedType; 9 1 sun/reflect/generics/reflectiveObjects/ParameterizedTypeImpl getRawType ()Ljava/lang/reflect/Type; 10 1 sun/reflect/generics/reflectiveObjects/ParameterizedTypeImpl getRawType ()Ljava/lang/Class; 9 17 org/glassfish/gmbal/typelib/TypeEvaluator$PartialDefinitions get (Ljava/lang/reflect/ParameterizedType;)Lorg/glassfish/gmbal/typelib/EvaluatedType; 10 6 org/glassfish/gmbal/typelib/TypeEvaluator$PartialDefinitions getKey (Ljava/lang/reflect/ParameterizedType;)Lorg/glassfish/pfl/basic/contain/Pair; 10 9 java/util/HashMap get (Ljava/lang/Object;)Ljava/lang/Object; 9 30 java/lang/Class getName ()Ljava/lang/String; 9 34 org/glassfish/gmbal/typelib/DeclarationFactory ecdecl (ILjava/lang/String;Ljava/lang/Class;)Lorg/glassfish/gmbal/typelib/EvaluatedClassDeclaration; 10 4 org/glassfish/gmbal/typelib/DeclarationFactory ecdecl (ILjava/lang/String;Ljava/lang/Class;Z)Lorg/glassfish/gmbal/typelib/EvaluatedClassDeclaration; 9 46 org/glassfish/gmbal/typelib/TypeEvaluator$PartialDefinitions put (Ljava/lang/reflect/ParameterizedType;Lorg/glassfish/gmbal/typelib/EvaluatedType;)V 10 6 org/glassfish/gmbal/typelib/TypeEvaluator$PartialDefinitions getKey (Ljava/lang/reflect/ParameterizedType;)Lorg/glassfish/pfl/basic/contain/Pair; 10 10 java/util/HashMap put (Ljava/lang/Object;Ljava/lang/Object;)Ljava/lang/Object; 9 51 org/glassfish/gmbal/typelib/TypeEvaluator$TypeEvaluationVisitor getBindings (Ljava/lang/reflect/ParameterizedType;)Lorg/glassfish/gmbal/typelib/TypeEvaluator$TypeEvaluationVisitor$OrderedResult; 10 4 org/glassfish/gmbal/typelib/TypeEvaluator$TypeEvaluationVisitor$OrderedResult <init> ()V 10 9 sun/reflect/generics/reflectiveObjects/ParameterizedTypeImpl getActualTypeArguments ()[Ljava/lang/reflect/Type; 10 14 java/util/Arrays asList ([Ljava/lang/Object;)Ljava/util/List; 10 17 java/util/AbstractList iterator ()Ljava/util/Iterator; 10 24 sun/reflect/generics/reflectiveObjects/ParameterizedTypeImpl getRawType ()Ljava/lang/reflect/Type; 11 1 sun/reflect/generics/reflectiveObjects/ParameterizedTypeImpl getRawType ()Ljava/lang/Class; 10 32 java/lang/Class getTypeParameters ()[Ljava/lang/reflect/TypeVariable; 10 35 java/util/Arrays asList ([Ljava/lang/Object;)Ljava/util/List; 10 38 java/util/AbstractList iterator ()Ljava/util/Iterator; 10 46 java/util/AbstractList$Itr hasNext ()Z 10 56 java/util/AbstractList$Itr hasNext ()Z 10 65 java/util/AbstractList$Itr next ()Ljava/lang/Object; 10 77 java/util/AbstractList$Itr next ()Ljava/lang/Object; 10 90 sun/reflect/generics/reflectiveObjects/TypeVariableImpl getName ()Ljava/lang/String; 10 101 org/glassfish/gmbal/typelib/TypeEvaluator$TypeEvaluationVisitor$OrderedResult add (Ljava/lang/Object;Ljava/lang/Object;)V 10 108 java/util/AbstractList$Itr hasNext ()Z 10 115 java/util/AbstractList$Itr hasNext ()Z 9 62 org/glassfish/gmbal/typelib/TypeEvaluator$TypeEvaluationVisitor getCorrectDeclaration (Lorg/glassfish/gmbal/typelib/TypeEvaluator$TypeEvaluationVisitor$OrderedResult;Ljava/lang/Class;Lorg/glassfish/gmbal/typelib/EvaluatedClassDeclaration;)Lorg/glassfish/gmbal/typelib/EvaluatedType; 10 4 org/glassfish/gmbal/typelib/TypeEvaluator$TypeEvaluationVisitor$OrderedResult getList ()Ljava/util/List; 10 16 org/glassfish/gmbal/typelib/TypeEvaluator$EvalMapKey <init> (Ljava/lang/Class;Ljava/util/List;)V 10 23 java/util/ArrayList size ()I 10 34 org/glassfish/gmbal/typelib/DeclarationFactory$EvaluatedClassDeclarationImpl instantiations (Ljava/util/List;)V 10 39 org/glassfish/gmbal/typelib/TypeEvaluator access$200 ()Ljava/util/Map; 10 44 java/util/HashMap get (Ljava/lang/Object;)Ljava/lang/Object; 10 62 org/glassfish/gmbal/typelib/TypeEvaluator$TypeEvaluationVisitor message (Ljava/lang/String;)V 10 65 org/glassfish/gmbal/typelib/TypeEvaluator access$200 ()Ljava/util/Map; 10 71 java/util/HashMap put (Ljava/lang/Object;Ljava/lang/Object;)Ljava/lang/Object; 10 80 org/glassfish/gmbal/typelib/TypeEvaluator$TypeEvaluationVisitor$OrderedResult getMap ()Ljava/util/Map; 10 84 org/glassfish/gmbal/typelib/TypeEvaluator$TypeEvaluationVisitor processClass (Lorg/glassfish/gmbal/typelib/EvaluatedClassDeclaration;Ljava/util/Map;Ljava/lang/Class;)V 10 96 org/glassfish/gmbal/typelib/TypeEvaluator$TypeEvaluationVisitor message (Ljava/lang/String;)V 10 104 org/glassfish/pfl/basic/logex/OperationTracer freeze ()V 9 71 org/glassfish/gmbal/typelib/TypeEvaluator$PartialDefinitions remove (Ljava/lang/reflect/ParameterizedType;)V 10 6 org/glassfish/gmbal/typelib/TypeEvaluator$PartialDefinitions getKey (Ljava/lang/reflect/ParameterizedType;)Lorg/glassfish/pfl/basic/contain/Pair; 10 9 java/util/HashMap remove (Ljava/lang/Object;)Ljava/lang/Object; 8 67 org/glassfish/gmbal/typelib/TypeEvaluator$TypeEvaluationVisitor visitTypeVariable (Ljava/lang/reflect/TypeVariable;)Lorg/glassfish/gmbal/typelib/EvaluatedType; 9 4 org/glassfish/gmbal/typelib/TypeEvaluator$TypeEvaluationVisitor lookup (Ljava/lang/reflect/TypeVariable;)Lorg/glassfish/gmbal/typelib/EvaluatedType; 10 7 sun/reflect/generics/reflectiveObjects/TypeVariableImpl getName ()Ljava/lang/String; 10 12 org/glassfish/pfl/basic/contain/Display lookup (Ljava/lang/Object;)Ljava/lang/Object; 11 6 java/util/ArrayList size ()I 10 24 sun/reflect/generics/reflectiveObjects/TypeVariableImpl getBounds ()[Ljava/lang/reflect/Type; 10 70 org/glassfish/pfl/basic/logex/OperationTracer freeze ()V 9 12 org/glassfish/pfl/basic/logex/OperationTracer freeze ()V 4 61 java/lang/reflect/Method getName ()Ljava/lang/String; 4 75 java/lang/reflect/AccessibleObject isAnnotationPresent (Ljava/lang/Class;)Z 4 96 org/glassfish/pfl/basic/logex/OperationTracer freeze ()V
